Birth Rate,Business Tax Rate,CO2 Emissions,Country,Date,Days to Start Business,Ease of Business,Energy Usage,GDP,Health Exp % GDP,Health Exp/Capita,Hours to do Tax,Infant Mortality Rate,Internet Usage,Lending Interest,Life Expectancy Female,Life Expectancy Male,Mobile Phone Usage,Population 0-14,Population 15-64,Population 65+,Population Total,Population Urban,Region,Tourism Inbound,Tourism Outbound
0.019594999999999998,,87930.993,Algeria,2000-12-01,,,26997.878,54790058957.3718,0.0348902094184717,60.2673907845976,,0.0339,0.004917056791415891,0.1,70.539,67.398,0.0027112702998088,0.34197605133056597,0.619141540527344,0.0388823914527893,31719449,0.59919,Africa,102000000.0,193000000.0
0.050476999999999994,,9541.534,Angola,2000-12-01,,,7499.003,9129594818.60749,0.033906890986189,22.2303335427969,,0.12830000000000003,0.00105045562462262,1.03160174166667,46.621,43.856,0.0018532229605463,0.476334037780762,0.498959121704102,0.0247068381309509,13924930,0.32419,Africa,34000000.0,146000000.0
0.042707,,1617.147,Benin,2000-12-01,,,1982.67,2359122302.67027,0.043388314469266505,14.7288109674747,,0.09,0.00225247851473369,,57.173,53.298,0.00798288649640845,0.45430286407470705,0.516616477966309,0.029080638885497997,6949366,0.38333,Africa,77000000.0,50000000.0
0.027402000000000003,,4275.722,Botswana,2000-12-01,,,1836.367,5788311645.24919,0.0473767284687601,152.025720850832,,0.0544,0.029026666217720896,0.154791666666667,51.954,49.095,0.126576942248807,0.383331756591797,0.587353134155273,0.0293151044845581,1755375,0.53219,Africa,227000000.0,209000000.0
0.046244999999999994,,1041.428,Burkina Faso,2000-12-01,,,,2610959139.40963,0.0513142499133592,11.5420428213776,,0.09620000000000001,0.000770801689426014,,51.816,49.213,0.00217480373785401,0.467698402404785,0.50465274810791,0.027648823261261,11607944,0.17844000000000002,Africa,23000000.0,30000000.0
0.042497,,300.694,Burundi,2000-12-01,,,,870486065.858218,0.0629992669622671,6.69338822635095,,0.0916,0.0007724844738345601,0.1577,49.446,47.029,0.00244520537477717,0.489746780395508,0.48131351470947303,0.0289397239685059,6674286,0.08246,Africa,1400000.0,14000000.0
0.041203000000000004,,3432.312,Cameroon,2000-12-01,,,6309.658,9287367568.8254,0.0444518705507449,25.9196802657462,,0.0925,0.0025212007773366203,0.22,52.991,50.931,0.00648423285879147,0.45277191162109404,0.5133356094360351,0.0338924980163574,15927713,0.45542,Africa,132000000.0,241000000.0
0.039401000000000005,,267.691,Central African Republic,2000-12-01,,,,914500331.983723,0.042862305820144,10.7723746955245,,0.1133,0.000533941742150456,0.22,45.359,42.105,0.00136519202839995,0.422909393310547,0.537218589782715,0.0398720169067383,3638316,0.37639,Africa,5000000.0,33000000.0
0.050999,,176.016,Chad,2000-12-01,,,,1385058211.51211,0.0627664251466947,10.4726787582153,,0.10590000000000001,0.0003570707628555,0.22,47.604,45.814,0.000662558722278393,0.489717407226563,0.481823654174805,0.0284589457511902,8301151,0.21637,Africa,14000000.0,56000000.0
0.039045,,84.341,Comoros,2000-12-01,,,,201899883.626713,0.0348074847025814,13.3020898919832,,0.0728,0.0027174060728590898,0.12,59.499,56.337,,0.415466613769531,0.553689880371094,0.030843517780304,528312,0.2808,Africa,15000000.0,
0.047608,,1646.483,"Congo, Dem. Rep.",2000-12-01,,,16678.875,19088046305.2348,0.0477260194518992,13.8325721209172,,0.1146,5.9021136806902994e-05,,47.795,44.985,0.000319493962458693,0.464490547180176,0.507233924865723,0.0282755351066589,46949244,0.35122,Africa,,
0.039179000000000005,,1048.762,"Congo, Rep.",2000-12-01,,,814.173,3219910666.0298,0.021250495943668502,21.8874987356923,,0.0765,0.000263547320580279,0.22,53.397,51.259,0.022391373051790602,0.41896785736083997,0.545019149780273,0.0360130047798157,3126204,0.58695,Africa,12400000.0,59000000.0
0.038341,,6791.284,Cote d'Ivoire,2000-12-01,,,6734.145,10417060604.9044,0.0646247772701808,41.7324685195025,,0.0996,0.0023146167061279897,,47.046,45.89,0.029318843602003902,0.42097335815429704,0.5500629425048831,0.028963696956634498,16131332,0.43540999999999996,Africa,53000000.0,291000000.0
0.03021,,403.37,Djibouti,2000-12-01,,,,551230861.856505,0.0575373964015385,43.6995409695737,,0.07970000000000001,0.0019450052839995598,,58.613,55.484,0.000318168676432139,0.413750686645508,0.5558655929565429,0.0303837251663208,722887,0.76532,Africa,8100000.0,14800000.0
0.024763999999999998,,141326.18,"Egypt, Arab Rep.",2000-12-01,,,40658.499,99838540997.3209,0.054291492918082905,78.6130767791102,,0.0359,0.00641265037504813,0.13215833333333302,71.059,66.241,0.0205619914785446,0.35427375793457005,0.592401885986328,0.0533243703842163,66136590,0.42796999999999996,Africa,4657000000.0,1206000000.0
0.039671,,454.708,Equatorial Guinea,2000-12-01,,,,1045998533.94841,0.0235668260514489,56.524765196561,,0.0988,0.0013235466512378899,0.22,49.141,46.452,0.00964917528498839,0.42610179901122996,0.5371966171264649,0.036701602935791,518179,0.38805999999999996,Africa,5000000.0,19000000.0
0.039818,,608.722,Eritrea,2000-12-01,,,707.891,706370812.289102,0.0452607412266317,7.27920207022089,,0.0584,0.00136711941104496,,58.314,53.848,,0.470165863037109,0.511625518798828,0.0182085967063904,3939348,0.17554999999999998,Africa,36000000.0,
0.0436,,5830.53,Ethiopia,2000-12-01,,,25242.464,8091384891.12591,0.0429951505980675,5.28173378819865,,0.08979999999999999,0.000152637672082567,0.108916666666667,53.18,51.347,0.000268946844777322,0.465653266906738,0.503399391174316,0.0309473347663879,66024199,0.1474,Africa,205000000.0,80000000.0
0.033729999999999996,,1052.429,Gabon,2000-12-01,,,1462.801,5067865502.79988,0.0285703115910371,118.145207801221,,0.0555,0.012161406182858901,0.22,60.926,58.509,0.0979170593548734,0.40623664855957003,0.5350710296630861,0.058692302703857405,1225527,0.80082,Africa,99000000.0,183000000.0
0.045316,,275.025,"Gambia, The",2000-12-01,,,,782913866.095892,0.044807669167382796,28.5472271139163,,0.0634,0.00921794919066406,0.24,56.485,53.92,0.00455705802843767,0.458847732543945,0.514012565612793,0.027139720916748,1228863,0.47868,Africa,,
0.034595999999999995,,6288.905,Ghana,2000-12-01,,,7736.136,4982849054.0291,0.048071065636681704,12.7240627036418,,0.06520000000000001,0.00153615297625799,,57.782,56.231,0.006908088452854851,0.414270629882813,0.555538024902344,0.0301913404464722,18825034,0.43929,Africa,357000000.0,162000000.0
0.042094,,1279.783,Guinea,2000-12-01,,,,2995360969.17427,0.056453680965788504,19.3341695806017,,0.1031,0.000954249236063846,0.19375,51.274,51.227,0.00481493067560868,0.44025699615478503,0.5254168319702149,0.0343261623382568,8746128,0.31017,Africa,7800000.0,13000000.0
0.041573,,146.68,Guinea-Bissau,2000-12-01,,,,361858968.13199,0.0493567436900883,16.209492780557,,0.1087,0.00230103170591588,,52.542,50.404,,0.435458068847656,0.533569145202637,0.0309727692604065,1273312,0.36654000000000003,Africa,,
0.038532,,10417.947,Kenya,2000-12-01,,,14055.299,12705350153.4012,0.046827381602001894,19.0173351167518,,0.0686,0.00318059713612037,0.223391666666667,53.906,51.825,0.0040723604405299004,0.44162296295166004,0.530752754211426,0.027624280452728297,31285050,0.19891999999999999,Africa,500000000.0,156000000.0
0.031459,,,Lesotho,2000-12-01,,,,771200632.484425,0.069152755823991,28.7306255448509,,0.08059999999999999,0.00211806070361977,0.171116666666667,47.646,46.742,0.011636520357176501,0.41225658416747996,0.542560844421387,0.045182561874389605,1856225,0.19548,Africa,18000000.0,195000000.0
0.042765,,436.373,Liberia,2000-12-01,,,,529064646.66383,0.0591313989768772,10.8176546461964,,0.1189,0.000177027057169472,0.20526666666666699,53.097,51.754,0.000518677938345099,0.432325668334961,0.536710624694824,0.0309636902809143,2891968,0.44331000000000004,Africa,,
0.022394999999999998,,47113.616,Libya,2000-12-01,,,15901.156,33896600870.7706,0.0344880480731558,252.31195262376,,0.024399999999999998,0.00187042622337565,0.07,73.658,70.355,0.007727699067942901,0.33283294677734404,0.628004608154297,0.039162433147430405,5176185,0.76346,Africa,84000000.0,495000000.0
0.041123,,1873.837,Madagascar,2000-12-01,,,,3877673634.58854,0.0500800580053216,12.3338111881082,,0.0705,0.00196394691006341,0.265,59.699,57.305,0.00400728849650847,0.45498996734619096,0.515294227600098,0.029715821743011503,15744811,0.27121,Africa,152000000.0,139000000.0
0.045295999999999996,,905.749,Malawi,2000-12-01,,,,1743506286.64581,0.0607629151734939,9.35746364049319,,0.103,0.0012678094475638698,0.53125,46.361,45.723,0.0043280499326237495,0.45813812255859404,0.5113406372070309,0.0305212306976318,11321496,0.1461,Africa,29000000.0,53000000.0
0.048119,,542.716,Mali,2000-12-01,,,,2422482317.56719,0.0629290836258965,16.2859699326911,,0.1162,0.0014254575504918398,,48.741,49.355,0.00101339330137087,0.46100330352783203,0.504401931762695,0.0345947408676147,10260577,0.28356000000000003,Africa,47000000.0,66000000.0
0.038131,,1235.779,Mauritania,2000-12-01,,,,1293653473.22014,0.059687448694152295,23.6928520097556,,0.076,0.00192031462434805,0.255833333333333,61.209,58.21,0.005649727945289959,0.428006019592285,0.540231056213379,0.0317629170417786,2708095,0.49244,Africa,,
0.017,,2768.585,Mauritius,2000-12-01,,,,4582562397.94313,0.037185364805816495,146.317842122923,,0.016399999999999998,0.07281535114993849,0.207708333333333,75.3,68.2,0.151880405993201,0.257563018798828,0.681023330688477,0.061413683891296394,1186873,0.4267,Africa,732000000.0,203000000.0
0.022022,,33905.082,Morocco,2000-12-01,,,10238.073,37020609824.9576,0.041805133034321804,53.9079777976888,,0.0428,0.006937912448054549,0.133125,69.857,66.502,0.0815740148518347,0.34052051544189504,0.612719993591309,0.046759500503540004,28710123,0.53335,Africa,2280000000.0,506000000.0
0.044284,,1349.456,Mozambique,2000-12-01,,,7172.677,4310090791.18029,0.0616162091901601,14.5314608127337,,0.1138,0.00109592530041641,0.190391666666667,48.962,45.962,0.00279415995672486,0.438030204772949,0.530343360900879,0.031626398563385,18275618,0.29098,Africa,74000000.0,122000000.0
0.031655,,1642.816,Namibia,2000-12-01,,,978.15,3908645565.95464,0.0611401616589862,125.91075699364,,0.0493,0.0164473954726899,0.152783333333333,57.191,53.149,0.043204441838127695,0.40456428527832,0.562318458557129,0.0331172585487366,1897953,0.32372999999999996,Africa,193000000.0,86000000.0
0.053141,,795.739,Niger,2000-12-01,,,,1798374532.94855,0.0643120275124692,9.7656254278169,,0.101,0.00036261293806589103,,50.668,50.742,0.000187082312122634,0.479333381652832,0.49538642883300804,0.025280225276947,10989815,0.16186,Africa,23000000.0,32000000.0
0.042908999999999996,,79181.531,Nigeria,2000-12-01,,,90595.506,46385996027.4279,0.0460203034101312,17.2219125801494,,0.1125,0.000640808079494101,0.21274166666666702,47.191,46.084,0.000244147128039958,0.43503749847412104,0.536932830810547,0.0280296444892883,122876727,0.34840000000000004,Africa,186000000.0,610000000.0
0.040983,,685.729,Rwanda,2000-12-01,,,,1734938190.27765,0.04221292562721889,8.72198337919734,,0.108,0.0006283145951071641,0.1699,48.539,46.789,0.00464530311615271,0.46557754516601596,0.504800071716309,0.0296223831176758,8395577,0.14926,Africa,27000000.0,35000000.0
0.036408,,47.671,Sao Tome and Principe,2000-12-01,,,,76709304.533641,0.08858986701174089,46.0424854578689,,0.0584,0.046385168164075,0.396666666666667,65.139,61.534,,0.43993316650390596,0.519917106628418,0.0401497554779053,139428,0.53424,Africa,9900000.0,2200000.0
0.039960999999999997,,3938.358,Senegal,2000-12-01,,,2397.83,4679604921.56347,0.0463151097576082,21.9776362209197,,0.0692,0.004039674858689651,,59.401,56.225,0.025376104819473402,0.451141014099121,0.517022590637207,0.0318363642692566,9861679,0.40345,Africa,152000000.0,125000000.0
0.018600000000000002,,564.718,Seychelles,2000-12-01,,,,614877971.233472,0.048171438934904505,371.31197977199,,0.012199999999999999,0.0739562918315276,0.10737000000000001,,,0.32543184496201805,0.282096920013428,0.637225151062012,0.0806779193878174,81131,0.5012,Africa,225000000.0,44000000.0
0.043756,,425.372,Sierra Leone,2000-12-01,,,,635874002.198748,0.18410879978393802,28.2790790823961,,0.1413,0.00118254245682183,0.2625,38.842,37.416,0.0028842272626146896,0.429531021118164,0.545913200378418,0.024555788040161102,4139757,0.35625999999999997,Africa,10000000.0,35000000.0
0.048667999999999996,,517.047,Somalia,2000-12-01,,,,,,,,0.10490000000000001,0.0002,,52.484,49.349,0.010832158946767501,0.47171588897705097,0.498935737609863,0.029348380565643303,7385416,0.33247,Africa,,
0.024059,,368610.507,South Africa,2000-12-01,,,109263.611,132877640157.574,0.0829059797420382,245.646873985364,,0.0517,0.0534855973203537,0.145,58.047,53.732,0.18594627880667802,0.32975082397460903,0.635923614501953,0.0343255615234375,44000000,0.56891,Africa,3338000000.0,2684000000.0
0.042543,,,South Sudan,2000-12-01,,,,,,,,0.10959999999999999,,,50.495,48.034,,0.447007522583008,0.522621116638184,0.030371334552764903,6652984,0.16504000000000002,Africa,,
0.039762,,5533.503,Sudan,2000-12-01,,,13340.266,12257299162.7402,0.0339186372708035,14.9929276166595,,0.0689,0.000257850324762484,,59.889,56.158,0.000672756005524672,0.437271385192871,0.5328914642333981,0.0298371458053589,27729798,0.32494999999999996,Africa,5000000.0,55000000.0
0.032526000000000006,,1188.108,Swaziland,2000-12-01,,,,1524490159.09856,0.0525534750512774,75.3179930626347,,0.08009999999999999,0.009261917772694021,0.14,49.228,48.127,0.0310233474191865,0.446023597717285,0.524479789733887,0.029496622085571297,1063715,0.22686,Africa,24000000.0,32000000.0
0.041691000000000006,,2651.241,Tanzania,2000-12-01,,,13389.944,10185786170.7327,0.033758155067774395,10.1072367532807,,0.0804,0.0011719444010825,0.215775,50.643,49.332,0.0032485695688530504,0.447771377563477,0.523366737365723,0.028861882686615,34020512,0.22309,Africa,381000000.0,369000000.0
0.038917,,1356.79,Togo,2000-12-01,,,2110.736,1294250279.68129,0.0529599327704689,14.0886566318061,,0.0767,0.008,,54.371,52.759,0.010278014115002301,0.44223518371582005,0.529183921813965,0.0285808968544006,4864753,0.32907,Africa,11000000.0,15000000.0
0.0171,,19922.811,Tunisia,2000-12-01,,,7305.91,21473188881.5933,0.0539590537564856,122.533274885766,,0.0256,0.027507402929813497,,74.7,70.6,0.0124743844093068,0.298331508636475,0.641299896240234,0.0603686285018921,9563500,0.63432,Africa,1977000000.0,310000000.0
0.048252,,1532.806,Uganda,2000-12-01,,,,6193246632.3273,0.0663962979097127,15.5747806618737,,0.0891,0.00163714063074854,0.229197575,48.472,47.764,0.00522799789303195,0.49251132965087896,0.480613441467285,0.026875252723693798,24275641,0.12082000000000001,Africa,165000000.0,
0.045465000000000005,,1818.832,Zambia,2000-12-01,,,6244.046,3253551749.72453,0.0564377799777864,18.1778441220179,,0.0995,0.0019107164250342801,0.38799999999999996,42.072,41.508,0.00978647519483504,0.457321014404297,0.515298271179199,0.0273807072639465,10100981,0.34802,Africa,67000000.0,102000000.0
0.032134,,13886.929,Zimbabwe,2000-12-01,,,9864.676,6689957610.05549,,,,0.061,0.00401433535211582,0.682083333333333,43.901,43.942,0.0213090543466821,0.421562042236328,0.544609756469727,0.0338281965255737,12503652,0.33758000000000005,Africa,125000000.0,
0.049999,,781.071,Afghanistan,2000-12-01,,,,,,,,0.0945,,,56.001,53.751,,0.49464279174804704,0.484927787780762,0.020429456233978297,20595360,0.21282,Asia,,
0.013201000000000001,,3465.315,Armenia,2000-12-01,,,2014.6,1911563665.39006,0.0625348348353789,38.8606767821184,,0.026600000000000002,0.0130047002237784,0.315660003908333,74.719,67.998,0.00568447429178134,0.258605213165283,0.641450653076172,0.0999441528320313,3076098,0.64666,Asia,52000000.0,56000000.0
0.0145,,29508.349,Azerbaijan,2000-12-01,,,11295.673,5272617196.04517,0.0467081300996185,30.3381647194914,,0.060700000000000004,0.00147757575623251,0.19655833333333303,69.877,63.788,0.0517878001050046,0.310732097625732,0.633301239013672,0.0559666728973389,8048600,0.51386,Asia,68000000.0,138000000.0
0.027028,,27869.2,Bangladesh,2000-12-01,,,18591.247,47124925462.1348,0.0281513248357136,9.6691151936363,,0.0644,0.000710394230507683,0.155,65.562,65.089,0.00210751713972306,0.36976634979247996,0.589664154052734,0.040569500923156705,132383265,0.2359,Asia,50000000.0,471000000.0
0.027617,,399.703,Bhutan,2000-12-01,,,,439158233.475187,0.06718187482687239,52.2768137009117,,0.0589,0.0040094444691941,0.16,60.362,60.223,,0.405799598693848,0.5559723663330081,0.0382280492782593,564350,0.25418,Asia,10000000.0,
0.022843,,6527.26,Brunei Darussalam,2000-12-01,,,2384.506,6001153317.86543,0.0300454621042913,543.43357404717,,0.0077,0.0899628453448726,0.055,77.986,74.169,0.286316195550948,0.30406177520752,0.668090209960938,0.0278480172157288,331801,0.71164,Asia,,
0.027545,,1976.513,Cambodia,2000-12-01,,,3412.368,3654031716.27649,0.0631444046486109,18.9421671197486,,0.08170000000000001,0.00047022640068885,,64.627,59.278,0.0106805512387392,0.40785285949707,0.553797302246094,0.0383498287200928,12222871,0.18586,Asia,345000000.0,52000000.0
0.014029999999999999,,3405179.867,China,2000-12-01,,,1161353.129,1198474937925.34,0.0462293726281328,43.0257289018603,,0.030199999999999998,0.0177591320677415,0.058499999999999996,73.622,70.73,0.06658707961691919,0.255956554412842,0.675343933105469,0.0686995029449463,1262645000,0.35877000000000003,Asia,17318000000.0,14169000000.0
0.011964,,4536.079,Georgia,2000-12-01,,,2869.166,3057453460.84975,0.0693933809151084,44.7334714177281,,0.0312,0.00484746298540492,0.246666666666667,75.375,68.064,0.0410534972344791,0.21913820266723602,0.655800399780273,0.125061368942261,4418300,0.52638,Asia,107000000.0,129000000.0
0.0081,,40465.345,"Hong Kong SAR, China",2000-12-01,,,13391.943,171668164082.555,,,,,0.27827760681258096,0.095,83.9,78.0,0.796943104626994,0.172872409820557,0.7173903656005859,0.10973723411560099,6665000,1.0,Asia,8198000000.0,12502000000.0
0.025622,,1186663.202,India,2000-12-01,,,457198.203,476609148165.643,0.042740393236783296,19.7880539436566,,0.0665,0.00527532449930946,0.122916666666667,63.365,61.016,0.0034320505118254603,0.342198829650879,0.614166374206543,0.0436348104476929,1042261758,0.27667,Asia,3598000000.0,3686000000.0
0.021521000000000002,,263418.945,Indonesia,2000-12-01,,,154767.56,165021012261.509,0.019568756323121703,15.4555193792346,,0.041,0.00925563864466858,0.18455,69.3,65.3,0.017561739568224898,0.30659866333007796,0.6467529296875,0.046648449897766106,208938698,0.42002,Asia,4975000000.0,3197000000.0
0.0094,,1219589.195,Japan,2000-12-01,,,518963.637,4731198760271.14,0.0760341727474208,2834.20968023153,,0.0033,0.299907403589142,0.020671666666666703,84.6,77.72,0.531237697836292,0.146243381500244,0.681952896118164,0.171803722381592,126870000,0.78649,Asia,5970000000.0,42643000000.0
0.0147,,127769.281,Kazakhstan,2000-12-01,,,35679.063,18291990619.137,0.0416032947529869,52.2109062039071,,0.0375,0.00668594402621264,,71.1,60.2,0.0135362801122201,0.27691442489623996,0.655334854125977,0.0677507638931274,14883626,0.55729,Asia,403000000.0,483000000.0
0.017904,,76698.972,"Korea, Dem. Rep.",2000-12-01,,,19716.896,,,,,0.0445,,,68.97,61.185,,0.260204696655273,0.6806109619140631,0.0591843128204346,22840225,0.59412,Asia,,
0.013300000000000001,,447561.017,"Korea, Rep.",2000-12-01,,,188161.35,561633037419.537,0.043257424487265404,490.826459741741,,0.0052,0.447,0.08545,79.6,72.25,0.5832541383002581,0.209591369628906,0.7170204162597661,0.0733882284164429,47008111,0.79621,Asia,8527000000.0,7945000000.0
0.0198,,4528.745,Kyrgyz Republic,2000-12-01,,,2317.444,1369691955.02213,0.04677162703877111,12.9329543588845,,0.042,0.0104140114469361,0.519,72.4,64.9,0.0018164021110629,0.349803733825684,0.595508422851563,0.054687829017639196,4898400,0.35298,Asia,20000000.0,28000000.0
0.030921,,971.755,Lao PDR,2000-12-01,,,,1731198022.45212,0.0332791251837893,10.6791627530164,,0.083,0.00111044032290124,0.32,62.927,60.423,0.00235344073555184,0.435037269592285,0.5289779663085941,0.035984759330749495,5388281,0.21977,Asia,114000000.0,8000000.0
0.009073000000000001,,1635.482,"Macao SAR, China",2000-12-01,,,,6101794938.88536,,,,,0.136085897418451,0.09890125,80.045,75.316,0.32657956458218995,0.228343143463135,0.697995147705078,0.0736616897583008,431907,1.0,Asia,3205000000.0,
0.022699999999999998,,126603.175,Malaysia,2000-12-01,,,47109.972,93789473684.2105,0.029960662287704,119.979190742352,,0.0087,0.213847311644538,0.0767333333333333,74.934,70.868,0.218684191638432,0.333162078857422,0.628413124084473,0.038424813747406,23420751,0.6197699999999999,Asia,5873000000.0,2543000000.0
0.024527999999999998,,498.712,Maldives,2000-12-01,,,,624337143.585387,0.0706541845287939,161.730638867322,,0.0352,0.022038729393788002,0.13,70.297,68.666,0.028004179728317702,0.412883834838867,0.549274978637695,0.0378412079811096,272745,0.27706,Asia,321000000.0,60000000.0
0.019333,,7506.349,Mongolia,2000-12-01,,,2396.588,1136896162.14218,0.046601267145937104,22.0986994290191,,0.0494,0.012556520035811201,0.369526929489206,65.897,60.092,0.0644845635383589,0.347723617553711,0.615366249084473,0.036910114288330104,2397473,0.57133,Asia,43000000.0,54000000.0
0.020923999999999998,,10087.917,Myanmar,2000-12-01,,,12841.057,,0.021196797154419002,3.14310758545154,,0.0589,,0.1525,64.157,59.993,0.00027649474748725597,0.307382946014404,0.64532585144043,0.047291169166564895,48453000,0.26968,Asia,195000000.0,30000000.0
0.032848999999999996,,3234.294,Nepal,2000-12-01,,,8107.715,5494252207.90502,0.050341118801106796,12.4426978293052,,0.060399999999999995,0.00204651683653029,0.0945833333333333,62.958,61.171,0.000441076687777185,0.403994369506836,0.55838493347168,0.037620701789856,23184177,0.13430999999999998,Asia,219000000.0,109000000.0
0.031192,,106449.343,Pakistan,2000-12-01,,,64066.691,73952374969.7995,0.0301918736095546,14.8990355945873,,0.0879,,,64.685,63.125,0.0021309094649818398,0.41455513000488303,0.545954132080078,0.0394907283782959,143832014,0.33155,Asia,551000000.0,574000000.0
0.029587,,73306.997,Philippines,2000-12-01,,,39871.503,81026294681.2438,0.032091775031425296,33.4861692226436,,0.030100000000000002,0.0198225319605827,0.10907249999999999,70.003,63.743,0.08311919376342469,0.385097999572754,0.582573852539063,0.032328143119812,77651848,0.47955,Asia,2334000000.0,1841000000.0
0.011800000000000001,,49005.788,Singapore,2000-12-01,,,18692.461,95835970989.329,0.0274954389479045,661.797638141999,,0.0031,0.36,0.058333333333333307,80.1,76.1,0.701191290159816,0.21462720870971702,0.712001113891602,0.07337165355682371,4027900,1.0,Asia,5142000000.0,4535000000.0
0.018472000000000002,,10161.257,Sri Lanka,2000-12-01,,,8326.569,16330810303.9159,0.0365272363717154,32.3999151926984,,0.014,0.00647410010940963,0.161633333333333,74.995,67.502,0.0228267455414962,0.268638248443604,0.668776245117188,0.0625854778289795,19102000,0.18443,Asia,388000000.0,383000000.0
0.030463,,2236.87,Tajikistan,2000-12-01,,,2148.662,860550294.273467,0.0464036015668719,6.45634320592937,,0.0747,0.00048599594582182,0.2559,67.752,59.981,0.00018751559935805,0.428931922912598,0.535644111633301,0.03542396068573,6186152,0.26486,Asia,,
0.014568,,188355.455,Thailand,2000-12-01,,,72284.396,122725247705.559,0.0339540153300617,66.8397341037084,,0.019100000000000002,0.0368904127944164,0.07833333333333331,74.798,67.22,0.0490188380710003,0.241754283905029,0.692528305053711,0.0657174015045166,62343379,0.31390999999999997,Asia,9935000000.0,3218000000.0
0.042544,,,Timor-Leste,2000-12-01,,,,350100000.0,0.051368790986717296,19.0288214599515,,0.0838,,,60.724,58.298,,0.49760128021240196,0.478629531860352,0.023769161701202402,853585,0.24263,Asia,,
0.023663,,35364.548,Turkmenistan,2000-12-01,,,14870.926,2904662604.82053,0.039311937131916504,43.8592897950493,,0.0664,0.0013328218259347998,,67.898,60.091,0.00166614127678405,0.363039512634277,0.593993377685547,0.0429671192169189,4501419,0.45913,Asia,,
0.0214024802991138,,119951.237,Uzbekistan,2000-12-01,,,50756.907,13760374487.51,0.052944995679708,29.34366022231,,0.053200000000000004,0.00484347307694947,,70.268,63.772,0.00213979367794236,0.372886505126953,0.584270286560059,0.0428431987762451,24650400,0.37429,Asia,63000000.0,
0.017306000000000002,,53644.543,Vietnam,2000-12-01,,,28736.049,33640085727.518,0.052785180525191405,20.3423891931307,,0.027,0.00254248275754934,0.10550000000000001,78.477,69.016,0.00974879066862416,0.315789928436279,0.62004264831543,0.0641674375534058,77630900,0.24373999999999998,Asia,,
0.018938,,3021.608,Albania,2000-12-01,,,1763.357,3686649387.03405,0.0635004375983619,69.9300828343401,,0.0232,0.00114097346552109,0.221025,77.419,71.275,0.009014060130446831,0.303409614562988,0.628378715515137,0.0682116651535034,3089027,0.41741,Europe,398000000.0,290000000.0
0.011300000000000001,,524.381,Andorra,2000-12-01,,,,1133644294.5425,0.0619982020499263,1330.41130152889,,0.0039,0.1053883560922,,,,0.359990213917644,,,,65399,0.9239499999999999,Europe,,
0.0096,,63695.79,Austria,2000-12-01,,,28557.85,192070749953.934,0.100243605425339,2403.24844113312,,0.0046,0.337301329516915,,81.1,75.1,0.762693288573366,0.17049829483032203,0.6745179748535161,0.154983711242676,8011566,0.6579999999999999,Europe,11382000000.0,7001000000.0
0.0094,,53468.527,Belarus,2000-12-01,,,24694.64,12736856485.1068,0.0612884845344401,63.9675024066664,,0.0114,0.0186039812615388,0.676666666666667,74.7,63.4,0.00494446704189567,0.18639778137207,0.6792935180664059,0.134308710098267,10005000,0.69973,Europe,188000000.0,247000000.0
0.0112,,115708.518,Belgium,2000-12-01,,,58508.333,232672747374.24,0.0812059728442285,1845.32278078213,,0.0048,0.294316916924341,0.07979166666666669,81.0,74.6,0.548187737500949,0.175586013793945,0.655195922851563,0.16921802520752,10251250,0.97128,Europe,6592000000.0,9429000000.0
0.010199,,23223.111,Bosnia and Herzegovina,2000-12-01,,,4346.23,5505984455.95855,0.0713975605411825,103.406110259301,,0.0081,0.010829607497120699,0.305,76.972,72.476,0.024355016894588,0.201607875823975,0.6913070678710941,0.107085037231445,3834364,0.39305999999999996,Europe,246000000.0,92000000.0
0.009,,43530.957,Bulgaria,2000-12-01,,,18688.328,12903546765.0859,0.0618446130655834,97.6795231875679,,0.0179,0.0537092346908696,0.113433833333333,75.3,68.2,0.09224411943738589,0.156736631393433,0.6774476623535161,0.165815677642822,8170172,0.68899,Europe,1364000000.0,764000000.0
0.009800000000000001,,19644.119,Croatia,2000-12-01,,,7790.312,21517784659.0304,0.0775605846243329,377.059113060731,,0.0072,0.0664488254374396,0.120733333333333,76.68,69.12,0.23082762092697098,0.17159721374511702,0.672842178344727,0.155560607910156,4426000,0.5558700000000001,Europe,2871000000.0,634000000.0
0.013244,,6849.956,Cyprus,2000-12-01,,,2136.936,9314937556.47906,0.0576878621330463,743.995429989689,,0.0055,0.152553943710137,0.08,80.107,75.938,0.23145023730847603,0.223999691009521,0.673713302612305,0.102287006378174,943287,0.68648,Europe,2137000000.0,543000000.0
0.0089,,124648.664,Czech Republic,2000-12-01,,,40993.485,58807244367.8667,0.063137624218232,361.221573530978,,0.0056,0.09780527888343929,0.0716225,78.4,71.7,0.42398441504417694,0.164510974884033,0.697061614990234,0.138427410125732,10255063,0.73988,Europe,2973000000.0,1276000000.0
0.0126,,47260.296,Denmark,2000-12-01,,,18633.651,160082517845.876,0.0869908954120017,2612.68300208726,,0.0046,0.39172430855505297,0.08074999999999999,79.0,74.3,0.630081245224354,0.18467622756958002,0.666637191772461,0.148686571121216,5339616,0.851,Europe,3671000000.0,4669000000.0
0.0095,,15181.38,Estonia,2000-12-01,,,4714.567,5675697574.86409,0.052709341212377005,213.475852639535,,0.0088,0.285769538105646,0.0743435479833333,76.0,65.1,0.40772496060000696,0.179666900634766,0.6685671997070309,0.151765918731689,1396985,0.69368,Europe,657000000.0,253000000.0
,,711.398,Faeroe Islands,2000-12-01,,,,1062339943.83343,,,,,0.32916392363397,,81.6,76.2,0.365038394527973,,,,46491,0.36337,Europe,,
0.011,,52141.073,Finland,2000-12-01,,,32232.906,121793808734.107,0.07219047770339271,1700.22041525149,,0.0035,0.37248461737112104,0.05606925,81.0,74.1,0.720300968881955,0.18152328491210898,0.669288330078125,0.149188385009766,5176209,0.8218300000000001,Europe,2035000000.0,2293000000.0
0.013300000000000001,,365559.563,France,2000-12-01,,,251980.622,1326334438916.53,0.10084836559847,2209.2429069015,,0.0044,0.143079239430677,0.067,83.0,75.3,0.490640786625986,0.18940759658813502,0.650429229736328,0.160163173675537,60911057,0.75871,Europe,38534000000.0,26703000000.0
0.009300000000000001,,829977.779,Germany,2000-12-01,,,336584.177,1886401326699.83,0.10395164835164801,2386.63867811316,,0.0044,0.302163466048889,0.09630000000000001,81.0,75.0,0.577183339793647,0.156093807220459,0.680569915771484,0.16333625793457,82211508,0.7306699999999999,Europe,24943000000.0,57601000000.0
0.0095,,91616.328,Greece,2000-12-01,,,27086.27,124418163927.785,0.0787926772266562,918.365891999113,,0.006900000000000001,0.0913883730776798,0.12316666666666701,80.5,75.4,0.539953233323773,0.151906509399414,0.6796253967285161,0.16846807479858397,10917482,0.7271599999999999,Europe,9262000000.0,4564000000.0
0.0096,,57238.203,Hungary,2000-12-01,,,24998.84,46385589533.8363,0.0717690905991857,325.686704020118,,0.009699999999999999,0.06999676350629161,0.126,75.6,67.1,0.300884683101605,0.16817968368530298,0.680345687866211,0.151474657058716,10210971,0.64575,Europe,3809000000.0,1722000000.0
0.014,,2163.53,Iceland,2000-12-01,,,3099.769,8697298233.82009,0.0949972270436951,2960.84296456531,,0.0031,0.44470533824288,0.168,81.6,77.8,0.764172480744202,0.232758674621582,0.651393585205078,0.115847721099854,281205,0.92401,Europe,386000000.0,471000000.0
0.0144,,41345.425,Ireland,2000-12-01,,,13574.061,97331522065.5979,0.060950360483518706,1572.37419233425,,0.006,0.17850467240580697,0.047708333333333304,79.2,74.0,0.646994629760544,0.21773353576660198,0.6700863647460941,0.112180089950562,3805174,0.59146,Europe,3517000000.0,2626000000.0
,,,Isle of Man,2000-12-01,,,,1563667799.61578,,,,,,,,,,,,,76806,0.51823,Europe,,
0.0095,,451440.703,Italy,2000-12-01,,,171522.095,1104009462562.19,0.0787445863566298,1527.22046146488,,0.0047,0.23110874244103702,0.07022741666666671,82.8,76.9,0.741338872463339,0.14322901725769,0.674169235229492,0.182601776123047,56942108,0.6722199999999999,Europe,28706000000.0,18169000000.0
0.0228,,,Kosovo,2000-12-01,,,1544.659,1849196082.05507,,,,,,,70.0,66.0,,,,,1700000,,Europe,,
0.0086,,6241.234,Latvia,2000-12-01,,,3831.785,7833068425.39159,0.060042620413269604,196.747623459717,,0.0145,0.0631906208267861,0.118683333333333,76.0,64.9,0.16920734342801003,0.178514614105225,0.671095428466797,0.150389986038208,2367550,0.6806699999999999,Europe,172000000.0,281000000.0
0.0129,,,Liechtenstein,2000-12-01,,,,2483890593.70545,,,,,0.365152298938015,,79.9,73.9,0.3021787084882,,,,33093,0.15130000000000002,Europe,,
0.009800000000000001,,12200.109,Lithuania,2000-12-01,,,7130.723,11434200000.0,0.0645834465518178,212.244606372339,,0.0096,0.0642706749477765,0.121408333333333,77.5,66.8,0.149780788384328,0.199374809265137,0.662007675170898,0.138617544174194,3499536,0.66986,Europe,430000000.0,261000000.0
0.013099999999999999,,8239.749,Luxembourg,2000-12-01,,,3335.002,20267551133.2228,0.0747748018037675,3495.16171364035,,0.0039,0.228873279731211,,81.1,74.8,0.6954055274918539,0.189438018798828,0.669811096191406,0.140750865936279,436300,0.8421599999999999,Europe,1686000000.0,1309000000.0
0.012622,,12064.43,"Macedonia, FYR",2000-12-01,,,2667.715,3586883988.95646,0.08728008799018569,152.915290943546,,0.014199999999999999,0.0248556631640066,0.189291666666667,75.775,70.83,0.056403861550614,0.223527374267578,0.676297607421875,0.10017498970031699,2052129,0.58548,Europe,88000000.0,58000000.0
0.0115,,2064.521,Malta,2000-12-01,,,676.09,3957418082.79925,0.0656979420452339,642.754225023742,,0.0068,0.131137087111024,0.0727583333333333,80.3,76.2,0.280824186744992,0.207464981079102,0.685563507080078,0.106971530914307,381363,0.92368,Europe,731000000.0,224000000.0
0.011785,,3512.986,Moldova,2000-12-01,,,2882.933,1288420222.94787,0.0665259423501873,23.52063201931,,0.0254,0.0128284641670022,0.337766666666667,70.972,63.018,0.0338431392409008,0.237153244018555,0.6630029296875,0.0998438358306885,3639592,0.45803,Europe,57000000.0,86000000.0
,,,Monaco,2000-12-01,,,,2647883820.18625,0.0329179841617855,2685.0762102815,,0.004200000000000001,0.421848634460346,,,,0.434119884043515,,,,32081,1.0,Europe,,
0.013337,,,Montenegro,2000-12-01,,,,984279596.4,0.0752360344183865,120.917725811272,,0.0125,,,77.45,70.756,,0.21316238403320298,0.673495864868164,0.11334171295166,611196,0.58544,Europe,,
0.013,,165363.365,Netherlands,2000-12-01,,,73222.775,385074626865.672,0.07957938558713751,1931.67541571717,,0.0050999999999999995,0.43984351373138,0.0479166666666667,80.6,75.5,0.6781269169853481,0.18562341690063502,0.678747253417969,0.13562929153442402,15925513,0.76795,Europe,11285000000.0,13649000000.0
0.0132,,38807.861,Norway,2000-12-01,,,26091.664,168288531891.204,0.09131998687587849,3431.51657425225,,0.0039,0.52,0.08929999999999999,81.4,76.0,0.717788783080846,0.20007183074951201,0.648220748901367,0.151707468032837,4490967,0.76081,Europe,2521000000.0,4893000000.0
0.009800000000000001,,301691.424,Poland,2000-12-01,,,89115.963,171276118424.232,0.0552111964620126,247.139130241087,,0.0081,0.072854287080601,0.20004999999999998,78.0,69.7,0.17592561134019602,0.19360275268554702,0.683572158813477,0.122825050354004,38258629,0.61716,Europe,6128000000.0,3417000000.0
0.011699999999999999,,62966.057,Portugal,2000-12-01,,,24672.946,117299520913.949,0.0929631887047203,1069.59514697054,,0.0055,0.164304676923534,,79.9,72.9,0.646693851618522,0.161737327575684,0.6760456848144529,0.162216949462891,10289898,0.54399,Europe,6027000000.0,2754000000.0
0.0104,,89984.513,Romania,2000-12-01,,,36227.665,37305099928.1587,0.0434294664190476,72.2142252833439,,0.0233,0.036137172913978305,0.5385,74.8,67.7,0.111620532710891,0.186443901062012,0.679949951171875,0.133606157302856,22442971,0.53004,Europe,394000000.0,447000000.0
0.0087,,1558111.967,Russian Federation,2000-12-01,,,619264.629,259708496267.33,0.0542183401714236,95.9469637368925,,0.0197,0.019772301089764698,0.244333333333333,72.0,59.0,0.022234504922262997,0.18200809478759802,0.69381591796875,0.12417594909668,146596870,0.7334999999999999,Europe,3429000000.0,8848000000.0
,,,San Marino,2000-12-01,,,,773907642.414748,0.0528632375119141,2161.19491813282,,0.004900000000000001,0.487994953055999,0.092,84.0,77.4,0.53776558270607,,,,26969,0.9344,Europe,,
0.009800000000000001,,,Serbia,2000-12-01,,,13727.536,6082791506.17659,0.0741554657425467,50.6683159300891,,0.0111,,0.063,74.8,69.6,,0.201977424621582,0.6688238525390631,0.129198741912842,7516346,0.53188,Europe,,
0.010199999999999999,,37311.725,Slovak Republic,2000-12-01,,,17743.064,28724041827.8976,0.054989078522377,207.815463868147,,0.010199999999999999,0.0942680320061637,0.1489,77.2,69.1,0.230834018496625,0.197081851959229,0.6892002868652339,0.11371787071228001,5388720,0.56233,Europe,441000000.0,341000000.0
0.0091,,14264.63,Slovenia,2000-12-01,,,6413.049,19979467790.4398,0.0826416456153013,830.753807638216,,0.0045,0.151102595640388,0.157675,79.1,71.9,0.6109944736108011,0.158832292556763,0.700243988037109,0.140923681259155,1988925,0.50752,Europe,1016000000.0,544000000.0
0.0099,,294434.431,Spain,2000-12-01,,,121856.493,580345494748.48,0.0721475551152789,1045.46351669455,,0.0054,0.136249608089899,0.051758333333333295,82.5,75.6,0.602367316415819,0.14778328895568799,0.683581161499023,0.168635578155518,40263216,0.76262,Europe,32656000000.0,7710000000.0
0.010199999999999999,,49794.193,Sweden,2000-12-01,,,47555.792,247260155857.763,0.0817961311829409,2282.34551053095,,0.0034,0.456876522122282,0.0583,82.0,77.4,0.71822543101641,0.184310932159424,0.643044357299805,0.172644729614258,8872109,0.84026,Europe,4825000000.0,8959000000.0
0.0109,,39049.883,Switzerland,2000-12-01,,,25004.521,256042925982.354,0.09908050155721959,3540.85551578396,,0.0046,0.47100000000000003,0.04285,82.6,76.9,0.6473332727660189,0.17437789916992202,0.672611770629883,0.153010339736938,7184250,0.73322,Europe,8988000000.0,7360000000.0
0.021456,,216147.648,Turkey,2000-12-01,,,76348.213,266567532725.557,0.0494898534723806,196.441274154507,,0.0337,0.03761685035075,,73.784,66.393,0.25537850464086903,0.306513843536377,0.6335230636596679,0.059963116645813,63174483,0.64741,Europe,7636000000.0,1713000000.0
0.0078,,320774.492,Ukraine,2000-12-01,,,133793.924,31261527363.144,0.0558890297874993,35.6152825251045,,0.0158,0.00716183762031043,0.41528424999999997,73.6,62.4,0.016685085292022,0.17469394683837902,0.687588882446289,0.137717199325562,49175848,0.67145,Europe,563000000.0,561000000.0
0.0115,,543662.086,United Kingdom,2000-12-01,,,222939.748,1493628385534.88,0.070168496063751,1761.38080214027,,0.0056,0.26821754350857796,0.059791666666666694,80.2,75.4,0.7370811815907339,0.189957523345947,0.6519953155517579,0.158047142028809,58892514,0.7865099999999999,Europe,29978000000.0,47009000000.0
0.021228,,18643.028,Bahrain,2000-12-01,,,5864.682,9063147900.87911,0.0350894525738578,475.898342040444,,0.0109,0.061537325464760706,0.11602897196261701,75.503,73.719,0.307864401808335,0.308470478057861,0.667156524658203,0.024373016357421902,668239,0.88372,Middle East,854000000.0,425000000.0
0.018672,,372702.879,"Iran, Islamic Rep.",2000-12-01,,,122983.086,101286514977.457,0.045951336450977,231.004052807654,,0.0286,0.00934190019959829,,70.607,68.656,0.0146044551071647,0.34668689727783203,0.611283912658691,0.0420291709899902,65911052,0.64042,Middle East,677000000.0,671000000.0
0.035882,,72445.252,Iraq,2000-12-01,,,25936.534,,0.00809983651798159,7.11931976148385,,0.0357,,,72.954,68.807,,0.42798435211181596,0.53661449432373,0.0354011797904968,23801156,0.6849599999999999,Middle East,2000000.0,9000000.0
0.0217,,62691.032,Israel,2000-12-01,,,18234.494,124895151203.002,0.07379996005102721,1454.01425858561,,0.0056,0.208737899981674,0.128456406333333,80.9,77.1,0.731661365170358,0.280865840911865,0.618903350830078,0.10023078918457,6289000,0.91203,Middle East,4611000000.0,3733000000.0
0.031174,,15507.743,Jordan,2000-12-01,,,4864.048,8457923945.44009,0.0965458146765133,171.338704803795,,0.0233,0.0262327542156362,0.117991666666667,73.26,70.37,0.0815838401703543,0.393611831665039,0.575124015808105,0.031264131069183396,4797000,0.7980800000000001,Middle East,935000000.0,387000000.0
0.023854,,55181.016,Kuwait,2000-12-01,,,18805.435,37718011468.5749,0.0249893998487468,494.455345778308,,0.011,0.0673139576837536,0.0886666666666666,74.291,72.464,0.249707406919728,0.256755352020264,0.7120102691650391,0.0312344098091125,1906231,0.98113,Middle East,394000000.0,2852000000.0
0.018535,,15353.729,Lebanon,2000-12-01,,,4907.333,17260364842.4544,0.10861592922827899,579.02985405022,,0.0171,0.0795274373635276,0.181508333333333,76.057,72.804,0.22964844933207199,0.286376247406006,0.6425399780273441,0.0710837697982788,3235380,0.86,Middle East,742000000.0,
0.023913,,21895.657,Oman,2000-12-01,,,8082.923,19867880550.2714,0.030727592536063303,263.960972089878,,0.014199999999999999,0.0352042141651097,0.10060000000000001,74.453,70.36,0.0738870759189705,0.37183761596679704,0.60474609375,0.023416273593902602,2192535,0.71569,Middle East,377000000.0,629000000.0
0.019421,,34730.157,Qatar,2000-12-01,,,10876.437,17759889598.0532,0.0217801565448752,651.540680848906,,0.0107,0.04863679178751559,,77.633,76.046,0.20356648975143699,0.258898124694824,0.72398193359375,0.0171199595928192,593693,0.96311,Middle East,128000000.0,307000000.0
0.027111999999999997,,296935.325,Saudi Arabia,2000-12-01,,,101324.807,188441864874.667,0.0423538551731887,398.160620455679,,0.0193,0.0221069180908888,,74.452,70.865,0.068300293518099,0.38433536529541,0.5807695007324221,0.0348951363563538,20144584,0.79848,Middle East,,
0.030471,,51048.307,Syrian Arab Republic,2000-12-01,,,15764.804,19325894913.1254,0.0492287132831237,59.2179689919225,,0.0198,0.00181698580104333,0.09,74.914,71.822,0.00183248542196764,0.408109397888184,0.55830192565918,0.0335886645317078,16371208,0.51947,Middle East,1082000000.0,669000000.0
0.016738,,112562.232,United Arab Emirates,2000-12-01,,,33944.33,104337375342.526,0.0218541378485251,751.676309029875,,0.0096,0.236253008751553,0.0973416666666667,75.49,73.373,0.47189322326021604,0.25368595123291,0.7361080169677731,0.0102060174942017,3026352,0.8023600000000001,Middle East,1063000000.0,3019000000.0
0.039481999999999996,,14638.664,"Yemen, Rep.",2000-12-01,,,4746.783,9636342274.82408,0.0413856617143194,25.3699939832021,,0.0692,0.000825003865143108,0.195416666666667,61.892,59.092,0.0018286164840171301,0.485698204040527,0.485187492370605,0.0291142773628235,17522537,0.26267,Middle East,73000000.0,127000000.0
,,,American Samoa,2000-12-01,,,,,,,,,,,,,0.0346302284343382,,,,57522,0.88587,Oceania,,
0.013,,329604.628,Australia,2000-12-01,,,108109.901,415208189411.543,0.08052680418025311,1712.64157628611,,0.0050999999999999995,0.467561156116738,0.09266666666666669,82.0,76.6,0.44456266679862,0.207414245605469,0.6686609649658201,0.123924827575684,19153000,0.87165,Oceania,13016000000.0,8780000000.0
0.024803000000000002,,865.412,Fiji,2000-12-01,,,,1684109743.49338,0.0386867800036599,80.2710749098194,,0.0206,0.014968547339902001,0.08397500000000001,70.153,65.18,0.06783367646279731,0.35060070037841795,0.6150678634643549,0.0343314266204834,811647,0.47908,Oceania,291000000.0,96000000.0
0.019961,,630.724,French Polynesia,2000-12-01,,,,3447543137.94149,,,,,0.063570635452072,,75.285,69.75,0.168164978694888,0.31752414703369103,0.639528465270996,0.0429473972320557,237267,0.5607099999999999,Oceania,,
0.021936,,,Guam,2000-12-01,,,,,,,,,0.16113127042338898,,77.533,72.779,0.175113308611454,0.304864540100098,0.641597137451172,0.053538317680358896,155328,0.9312900000000001,Oceania,,
0.028758,,33.003,Kiribati,2000-12-01,,,,67512714.5176252,0.0790930230908657,65.191568878879,,0.0535,0.0178522547397736,,67.548,61.805,0.0036237135816785,0.39866889953613305,0.5673648452758789,0.033966274261474604,82788,0.42957999999999996,Oceania,2700000.0,
,,77.007,Marshall Islands,2000-12-01,,,,110937729.412641,0.225332949877734,465.633744631902,,0.0335,0.015342717962487101,,67.8,62.8,0.008569620981192851,,,,52161,0.6835800000000001,Oceania,3000000.0,200000.0
0.029906,,135.679,"Micronesia, Fed. Sts.",2000-12-01,,,,233226322.838293,0.0782725199184468,169.926575444475,,0.0416,0.0373486213690137,0.1533,67.874,66.705,,0.403164863586426,0.559620208740234,0.0372149300575256,107430,0.22329999999999997,Oceania,17000000.0,5000000.0
0.0214,,2299.209,New Caledonia,2000-12-01,,,,2682347064.36419,,,,,0.13939548823269798,,78.3,71.7,0.237836293509833,0.286510162353516,0.654040298461914,0.0594495487213135,213230,0.6178,Oceania,111000000.0,
0.01466,,32896.657,New Zealand,2000-12-01,,,17056.426,52011621745.049,0.076161135987107,1052.11874157819,,0.0060999999999999995,0.473795565432096,0.0781455131994762,81.3,76.1,0.399685642835518,0.2272873878479,0.655062713623047,0.117649879455566,3857700,0.85677,Oceania,2272000000.0,1235000000.0
0.034976,,2687.911,Papua New Guinea,2000-12-01,,,,3521348154.79666,0.0398375069331745,25.9156496071435,,0.0582,0.00835249302427624,0.175425,61.013,56.691,0.00159130700215979,0.402482261657715,0.572562866210938,0.024954891204834004,5379226,0.13204000000000002,Oceania,7000000.0,50000000.0
0.030594999999999997,,139.346,Samoa,2000-12-01,,,,239698992.443325,0.060180165811970304,79.8391000896634,,0.0185,0.00566392532680849,,72.792,66.34,0.014317294145944801,0.40721248626709,0.548048820495605,0.0447386789321899,174614,0.21977,Oceania,41000000.0,
0.035607,,165.015,Solomon Islands,2000-12-01,,,,435101217.233417,0.0456048234802638,48.1222152131134,,0.028399999999999998,0.00481296806114395,0.145771790990647,64.108,61.626,0.00279141282837298,0.419216384887695,0.552568778991699,0.028214852809906002,412336,0.15813,Oceania,4000000.0,12200000.0
0.028347,,121.011,Tonga,2000-12-01,,,,188623258.458914,0.0475468794431012,91.5520015311003,,0.0154,0.024343980443669002,0.11337198492030201,72.8,68.818,0.00183744717339377,0.383607940673828,0.55913516998291,0.0572568941116333,97962,0.23012,Oceania,7000000.0,
0.032443,,80.674,Vanuatu,2000-12-01,,,,272014693.050806,0.0357168509577736,52.4992213197523,,0.019600000000000003,0.021083368911518397,0.0985416666666667,69.319,65.875,0.00197235461314831,0.414805107116699,0.551783752441406,0.0334111475944519,185058,0.21672999999999998,Oceania,69000000.0,9000000.0
0.020239999999999998,,344.698,Antigua and Barbuda,2000-12-01,,,,787693391.348092,0.04039951206953,407.812835372397,,0.013800000000000002,0.06482225737029071,0.121715539440033,75.947,70.969,0.283329899031527,0.292190399169922,0.637015762329102,0.07079383850097659,77648,0.32127,The Americas,291000000.0,31000000.0
0.018757000000000003,,141076.824,Argentina,2000-12-01,,,60953.89,344272910000.0,0.0921275684604518,709.862297337986,,0.018,0.070386830862178,0.110855177240768,77.54,70.132,0.175810590485609,0.27924699783325196,0.621366500854492,0.09938651084899901,36903067,0.89142,The Americas,3195000000.0,5460000000.0
0.014187,,2233.203,Aruba,2000-12-01,,,,1873452513.96648,,,,,0.154428229480349,0.120666666666667,76.257,71.305,0.165092782143565,0.23179027557373,0.692421112060547,0.0757885932922363,90858,0.46717,The Americas,850000000.0,163000000.0
0.017617,,1668.485,"Bahamas, The",2000-12-01,,,,6327552000.0,0.0520817529433184,1106.76383664696,,0.013,0.08,0.06,75.476,69.186,0.105870855289009,0.29275354385376,0.653716583251953,0.0535298681259155,297759,0.82009,The Americas,1753000000.0,348000000.0
0.013463,,1188.108,Barbados,2000-12-01,,,,3119500000.0,0.0628465900632564,601.875070174782,,0.0149,0.0397367835457927,0.101875,75.414,70.739,0.10654216100901999,0.21900520324706998,0.6659081268310549,0.115086641311646,267190,0.3383,The Americas,733000000.0,141000000.0
0.02915,,689.396,Belize,2000-12-01,,,,831750000.0,0.039758314511571996,138.601693679534,,0.0212,0.059638353027242796,0.16005,74.107,67.141,0.0704651572179424,0.402131729125977,0.555078659057617,0.0427896022796631,238586,0.47662999999999994,The Americas,111000000.0,44000000.0
0.0135,,495.045,Bermuda,2000-12-01,,,,3480219000.0,,,,,0.429498600152711,,80.6,75.3,0.206884478889826,,,,61833,1.0,The Americas,431000000.0,
0.031445,,10223.596,Bolivia,2000-12-01,,,3737.193,8397858184.79382,0.060756626479768296,60.0599388181181,,0.057,0.014427635847914,0.34595833333333303,65.05,60.959,0.0685816850339442,0.398152923583984,0.560077476501465,0.0417695903778076,8495271,0.61834,The Americas,101000000.0,116000000.0
0.020867,,327983.814,Brazil,2000-12-01,,,187441.619,644701831101.394,0.0716416104696808,264.688375189226,,0.0289,0.0287068515854108,0.5683,74.168,66.533,0.132879771661194,0.295964527130127,0.649135055541992,0.0549004650115967,174504898,0.81192,The Americas,1969000000.0,4548000000.0
0.0109,,534483.585,Canada,2000-12-01,,,251449.65,739455928893.677,0.0884239562056407,2090.16203284807,,0.0052,0.513,0.0727083333333333,81.9,76.7,0.284290946227574,0.191709079742432,0.682795333862305,0.12549560546875,30769700,0.7947799999999999,The Americas,13035000000.0,15125000000.0
,,454.708,Cayman Islands,2000-12-01,,,,,,,,,,,,,0.25668705769461403,,,,41685,1.0,The Americas,559000000.0,
0.016683,,58694.002,Chile,2000-12-01,,,25174.261,79328640263.7897,0.0774226888168211,390.096865795126,,0.0092,0.166,0.148433912347788,79.843,73.821,0.220100719523149,0.27782718658447303,0.649712677001953,0.0724601316452026,15454402,0.8607299999999999,The Americas,1179000000.0,904000000.0
0.022896999999999997,,57923.932,Colombia,2000-12-01,,,25813.697,99886577575.5444,0.059065855915906997,147.858305875816,,0.0212,0.02207532992624,0.18786666666666701,74.821,67.336,0.0565642865564335,0.32836090087890596,0.6243175506591799,0.0473215389251709,39897984,0.72075,The Americas,1313000000.0,1452000000.0
0.020082,,5474.831,Costa Rica,2000-12-01,,,2873.584,15946443103.2804,0.0707774684897845,287.221082309339,,0.011300000000000001,0.0580025302331829,0.248891666666667,80.15,75.434,0.053851447021927,0.314539852142334,0.630936622619629,0.0545235300064087,3929588,0.59049,The Americas,1477000000.0,551000000.0
0.013044,,26039.367,Cuba,2000-12-01,,,12858.744,30565200000.0,0.0606572180126418,166.334714970124,,0.0065,0.00541182548811058,,78.666,74.767,0.000586797979174058,0.216464977264404,0.6848614501953131,0.09867354393005369,11138416,0.75323,The Americas,1948000000.0,
,,,Curacao,2000-12-01,,,,,,,,,,,,,,0.248983726501465,0.648254013061523,0.10276227951049799,133860,0.90752,The Americas,227000000.0,
,,102.676,Dominica,2000-12-01,,,,324463833.158651,0.0496545660258562,231.215716290343,,0.0136,0.0881484419762881,0.116808005322677,,,0.0172218315417845,,,,69679,0.65265,The Americas,48000000.0,9000000.0
0.024982,,20117.162,Dominican Republic,2000-12-01,,,7499.172,23996656675.8335,0.0634815513393058,173.335033788231,,0.0332,0.0370469235587688,0.267991666666667,73.752,67.662,0.081426378794243,0.34936695098877,0.599172554016113,0.05146050453186039,8663421,0.61746,The Americas,2860000000.0,440000000.0
0.025315999999999998,,20942.237,Ecuador,2000-12-01,,,7814.753,18327386415.9524,0.0361085998958108,52.7770114281474,,0.028300000000000002,0.014621885355645702,0.171183706238071,76.282,70.571,0.0384751976907206,0.345415077209473,0.603627090454102,0.0509578371047974,12533087,0.60299,The Americas,451000000.0,416000000.0
0.02463,,5742.522,El Salvador,2000-12-01,,,3967.995,13134100000.0,0.08111222888747999,178.784619025003,,0.0268,0.0117739726914477,0.139575,74.44,64.91,0.124795050810617,0.382991600036621,0.561694717407227,0.0553137111663818,5958794,0.58912,The Americas,437000000.0,219000000.0
0.0156,,531.715,Greenland,2000-12-01,,,,1068024993.98697,,,,,0.31747811232116196,,69.76,64.3,0.26905685904511,,,,56200,0.816,The Americas,,
0.019399,,190.684,Grenada,2000-12-01,,,,523256354.907108,0.0658400443505512,339.020096656389,,0.0136,0.040639079914631296,0.11599197555566301,72.642,67.978,0.0423145050186971,0.350314903259277,0.572003555297852,0.0776815605163574,101620,0.35871000000000003,The Americas,93000000.0,8000000.0
0.03663,,9915.568,Guatemala,2000-12-01,,,7040.728,19290566570.0483,0.0559405028172832,96.3062325952416,,0.04,0.0071233290450892495,0.20881666666666698,71.386,64.27,0.0764742061067728,0.440633392333984,0.518898239135742,0.0404683685302734,11204183,0.45127,The Americas,498000000.0,216000000.0
0.021924,,1609.813,Guyana,2000-12-01,,,,712667925.076665,0.0584744199967409,55.9765227549961,,0.0386,0.06611491565720211,0.173016666666667,67.296,59.855,0.0535010766033868,0.35350738525390596,0.601637954711914,0.0448546695709229,744471,0.28694,The Americas,80000000.0,77000000.0
0.031127,,1367.791,Haiti,2000-12-01,,,2010.299,3664503845.56892,0.0605826243877288,25.880081357562,,0.07479999999999999,0.00231270714628821,0.314166666666667,59.217,55.714,0.00641157608897123,0.40321094512939504,0.556896896362305,0.039892127513885496,8578234,0.35600000000000004,The Americas,128000000.0,173000000.0
0.031628,,5031.124,Honduras,2000-12-01,,,2989.748,7105529646.90207,0.0662616620498458,76.3755114520043,,0.031100000000000003,0.0120385599891878,0.268241666666667,72.956,68.13,0.024900887025241198,0.42386962890625,0.536968040466309,0.0391623139381409,6235561,0.45458,The Americas,263000000.0,198000000.0
0.0207,,10318.938,Jamaica,2000-12-01,,,3829.319,9008629729.41031,0.0546556531120224,189.415113823833,,0.0201,0.031157780272996698,0.23348333333333302,73.462,67.623,0.142107234126927,0.326583824157715,0.598792762756348,0.0746234130859375,2589389,0.51814,The Americas,1577000000.0,238000000.0
0.024148,,381518.347,Mexico,2000-12-01,,,145384.004,683647980782.407,0.050709482546721606,328.48288937827,,0.0216,0.0508138415338066,0.16928333333333298,76.732,71.916,0.135528941437453,0.340790367126465,0.609965400695801,0.0492442226409912,103873607,0.74722,The Americas,9133000000.0,6365000000.0
0.027903999999999998,,3762.342,Nicaragua,2000-12-01,,,2522.007,5107329009.66642,0.053894336285878704,53.9859103961246,,0.032600000000000004,0.00980216486692385,0.181432530013328,72.457,66.97,0.017701512668303002,0.409090309143066,0.553982620239258,0.0369270634651184,5100920,0.54737,The Americas,129000000.0,126000000.0
0.023902,,5790.193,Panama,2000-12-01,,,2568.997,11620500000.0,0.0776386558237597,295.337516899578,,0.0219,0.0655479647729549,0.104791666666667,77.715,72.642,0.13434574697231802,0.321263618469238,0.623440971374512,0.0552953815460205,3054812,0.62198,The Americas,628000000.0,241000000.0
0.028033000000000002,,3689.002,Paraguay,2000-12-01,,,3850.262,8195993230.74275,0.0810005512046757,124.08379634943,,0.0277,0.007476307115481839,0.267816666666667,72.315,67.945,0.153415174945932,0.38173801422119097,0.574111366271973,0.0441506242752075,5350253,0.5533100000000001,The Americas,88000000.0,154000000.0
0.024114,,30296.754,Peru,2000-12-01,,,12221.668,50681123109.0557,0.04694289399094911,96.2968163315945,,0.0304,0.0307643061137675,0.299958333333333,73.175,67.963,0.048994349248156197,0.340863876342773,0.610818138122559,0.048318004608154295,26000080,0.7304200000000001,The Americas,861000000.0,641000000.0
0.01559,,,Puerto Rico,2000-12-01,,,,61701810000.0,,,,,0.104746482089399,,80.92,72.66,0.34714395463132397,0.23560955047607401,0.651210556030273,0.113179922103882,3810605,0.94387,The Americas,2388000000.0,1333000000.0
,,,Sint Maarten (Dutch part),2000-12-01,,,,,,,,,,,,,,,,,30519,1.0,The Americas,511000000.0,127000000.0
,,102.676,St. Kitts and Nevis,2000-12-01,,,,416566954.43505,0.042942097835401795,392.410416565006,,0.0136,0.0586281024037522,0.11103723043477301,,,0.0263481468470051,,,,45544,0.32777999999999996,The Americas,58000000.0,9000000.0
0.019553,,330.03,St. Lucia,2000-12-01,,,,764457723.425116,0.0558626994498428,272.090938515451,,0.0152,0.0509048334139327,0.13062957485711102,73.333,69.605,0.0159287411834418,0.322486915588379,0.601806945800781,0.0757061195373535,156949,0.27774,The Americas,281000000.0,33000000.0
0.0174,,,St. Martin (French part),2000-12-01,,,,,,,,,,,80.3,73.8,,,,,28384,,The Americas,,
0.019902,,157.681,St. Vincent and the Grenadines,2000-12-01,,,,397447006.684536,0.0371749027282637,136.932845913569,,0.0193,0.0324503741064558,0.114644838851929,73.035,68.248,0.0218819800365163,0.314485111236572,0.6162451171875,0.0692697668075562,107897,0.45186,The Americas,82000000.0,10000000.0
0.022616,,2126.86,Suriname,2000-12-01,,,,892164363.636364,0.0874533106822551,166.875510590855,,0.0304,0.0250641105226881,0.2895,71.471,64.556,0.08795974868643229,0.306119117736816,0.636664619445801,0.057216262817382804,466668,0.66444,The Americas,42000000.0,67000000.0
0.014716,,24513.895,Trinidad and Tobago,2000-12-01,,,10854.306,8154315708.34826,0.0404764928320778,260.302427126104,,0.0253,0.0772141147401745,0.165,72.38,64.996,0.12765185570750298,0.25575403213501,0.678906631469727,0.0653393602371216,1267980,0.10776999999999999,The Americas,371000000.0,190000000.0
,,14.668,Turks and Caicos Islands,2000-12-01,,,,,,,,,,,,,,,,,18876,0.8454999999999999,The Americas,285000000.0,
0.0144,,5713560.034,United States,2000-12-01,,,2273331.687,10289700000000.0,0.135830023112094,4790.01139287157,,0.0070999999999999995,0.43079162637520096,0.09233333333333331,79.3,74.1,0.38468091052882497,0.213496074676514,0.6628553771972661,0.123648567199707,282162411,0.79057,The Americas,120912000000.0,91473000000.0
0.016406,,5306.149,Uruguay,2000-12-01,,,3091.889,22823255805.9664,0.112456075249525,772.881421372009,,0.0146,0.105390577480141,0.46057897837043,78.478,71.024,0.12369968932568601,0.24552576065063503,0.623597755432129,0.130876483917236,3320841,0.9202800000000001,The Americas,827000000.0,381000000.0
0.023593,,152415.188,"Venezuela, RB",2000-12-01,,,56423.601,117147614565.563,0.056904193362603606,273.117339532854,,0.0182,0.033595974645036,0.251991666666667,75.462,69.57,0.22317567025256502,0.337266654968262,0.6170449447631841,0.045688400268554696,24407553,0.8798,The Americas,469000000.0,1647000000.0
0.0144,,,Virgin Islands (U.S.),2000-12-01,,,,,,,,,0.138150805419196,,80.0,73.4,0.322547944448028,0.25919031143188503,0.6551040649414059,0.0857055950164795,108639,0.92586,The Americas,1206000000.0,
0.019339,,84293.329,Algeria,2001-12-01,,,27072.404,54744716706.3542,0.0383786515761467,65.3503770418747,,0.0332,0.00646114016703792,0.095,70.74,67.578,0.0031104007508756196,0.32984203338622997,0.630196723937988,0.0399612784385681,32150198,0.60712,Africa,100000000.0,194000000.0
0.050256999999999996,,9732.218,Angola,2001-12-01,,,7883.388,8936079252.77131,0.05821133429894829,36.1606881779248,,0.127,0.0013601386742986801,0.959665608333333,47.374,44.639,0.0052136617680722695,0.476546974182129,0.49879150390625,0.024661593437194804,14385283,0.33152000000000004,Africa,35000000.0,80000000.0
0.042313,,1738.158,Benin,2001-12-01,,,2108.546,2499269391.11713,0.0468662712054691,16.3254939099363,,0.0877,0.00363417890016082,,57.357,53.666,0.0174218188908545,0.453156127929688,0.518076248168945,0.028767604827880898,7174911,0.3865,Africa,86000000.0,48000000.0
0.026879999999999998,,4334.394,Botswana,2001-12-01,,,1867.56,5489646902.56223,0.05174039463237459,175.056388634395,,0.054,0.0343088678702599,0.1575,50.622,48.258,0.18631462489955702,0.377373695373535,0.592785263061523,0.029841046333313002,1783349,0.54062,Africa,235000000.0,215000000.0
0.046024,,997.424,Burkina Faso,2001-12-01,,,,2812845486.44196,0.0493974364222666,11.6311863606774,,0.095,0.0015773246465360699,,52.094,49.681,0.0063774895195746195,0.467142677307129,0.50569995880127,0.027157108783721903,11946080,0.18539999999999998,Africa,25000000.0,35000000.0
0.042421999999999994,,216.353,Burundi,2001-12-01,,,,876794723.02267,0.06766485280711511,6.55286408604752,,0.0887,0.00106001245363203,0.16824166666666698,49.737,47.312,0.00488582584142179,0.483761978149414,0.48747795104980496,0.0287600803375244,6839376,0.08461,Africa,900000.0,12000000.0
0.04107,,3421.311,Cameroon,2001-12-01,,,6384.145,9633109256.77677,0.0466638116759953,27.4926909874103,,0.08979999999999999,0.00277051321848797,0.206666666666667,52.757,50.805,0.0255219431403681,0.45079418182373,0.515458908081055,0.0337467360496521,16350440,0.46139,Africa,182000000.0,199000000.0
0.039081000000000005,,245.689,Central African Republic,2001-12-01,,,,931833293.75345,0.0398758295878741,10.03162327736,,0.113,0.000785434278394038,0.206666666666667,45.409,42.243,0.0029697263397177897,0.422250823974609,0.537921104431152,0.0398278093338013,3704045,0.3772,Africa,5000000.0,29000000.0
0.050811999999999996,,172.349,Chad,2001-12-01,,,,1709347776.82501,0.0602436567575777,11.9450761966069,,0.10479999999999999,0.00045934134355735297,0.206666666666667,47.647,45.968,0.00255193270043082,0.49067203521728503,0.48124439239502004,0.028083438873290997,8620917,0.2167,Africa,23000000.0,56000000.0
0.039259999999999996,,88.008,Comoros,2001-12-01,,,,220115655.294095,0.0283078914058588,11.4967527709411,,0.0725,0.00443068372538977,0.12,59.697,56.606,,0.414046020507813,0.555268135070801,0.0306858611106873,541976,0.28036,Africa,9000000.0,
0.047296,,1565.809,"Congo, Dem. Rep.",2001-12-01,,,17242.475,7438189100.19213,0.043257127018447,6.11432628067868,,0.1142,0.000114757819210493,,48.125,45.3,0.0031141623904891802,0.464405708312988,0.507373008728027,0.028221266269683798,48167045,0.35587,Africa,,
0.039244999999999995,,861.745,"Congo, Rep.",2001-12-01,,,883.532,2794259756.13093,0.0243633673969096,21.2368129425066,,0.07540000000000001,0.000322236164306931,0.206666666666667,53.523,51.411,0.0467925865569266,0.419130859375,0.545025367736816,0.035844056606292696,3205636,0.59156,Africa,22600000.0,82000000.0
0.037986,,7726.369,Cote d'Ivoire,2001-12-01,,,6483.375,10545285036.7953,0.052388942296925,33.6449618272938,,0.09770000000000001,0.00395747702246439,,46.94,45.638,0.044368899158370605,0.421004333496094,0.549971237182617,0.029024662971496598,16420173,0.44195,Africa,58000000.0,289000000.0
0.029727,,385.035,Djibouti,2001-12-01,,,,572417440.820162,0.0537254272708583,41.3900792669848,,0.07809999999999999,0.00343526262964202,0.114583333333333,58.653,55.598,0.00408868633233933,0.406566696166992,0.56245059967041,0.0309786128997803,733732,0.76578,Africa,8600000.0,12900000.0
0.024562999999999998,,125451.737,"Egypt, Arab Rep.",2001-12-01,,,45698.069,97632008050.9425,0.0578176025655144,75.7755538667267,,0.0335,0.008389456114776041,0.132916666666667,71.246,66.444,0.0415718133284817,0.34814834594726596,0.5981795120239259,0.0536721324920654,67204189,0.42843000000000003,Africa,4119000000.0,1248000000.0
0.039166,,3094.948,Equatorial Guinea,2001-12-01,,,,1461139007.97896,0.015420364779384299,50.0786477779851,,0.0964,0.0016526042288306,0.206666666666667,49.172,46.567,0.0280587812761882,0.423231163024902,0.540905952453613,0.0358553814888,534592,0.38799999999999996,Africa,14000000.0,30000000.0
0.03986,,630.724,Eritrea,2001-12-01,,,741.727,752368494.461829,0.0392232510288066,6.57512345109118,,0.0559,0.00157815289303043,,58.864,54.424,,0.462073783874512,0.5194222640991211,0.018503226041793802,4101609,0.17796,Africa,74000000.0,
0.042726999999999994,,4308.725,Ethiopia,2001-12-01,,,26171.494,8080496318.11251,0.0473155773725138,5.60028999839948,,0.0865,0.000371623810686744,0.10865166666666701,53.852,52.085,0.000404668455428772,0.465516471862793,0.503568344116211,0.0309151840209961,67956866,0.14926999999999999,Africa,218000000.0,50000000.0
0.033561999999999995,,1782.162,Gabon,2001-12-01,,,1578.563,4712849279.64923,0.0331643380498191,124.510895155049,,0.054700000000000006,0.0134762022159633,0.206666666666667,60.68,58.369,0.119493443394761,0.40397148132324195,0.537671890258789,0.058355021476745594,1255299,0.8085,Africa,46000000.0,256000000.0
0.045118000000000005,,282.359,"Gambia, The",2001-12-01,,,,687410628.644624,0.0455869965139986,24.7392700184201,,0.062,0.0133679116648397,0.24,56.81,54.248,0.0434873224803839,0.458523826599121,0.51467643737793,0.026798958778381298,1266691,0.48774999999999996,Africa,,
0.034451999999999997,,6919.629,Ghana,2001-12-01,,,8045.026,5314871683.5223,0.0557319699690313,15.3528288507619,,0.0634,0.0020000806032483102,,57.941,56.392,0.0126362953699381,0.411756782531738,0.557475624084473,0.0307677364349365,19293392,0.44601,Africa,374000000.0,165000000.0
0.041675,,1298.118,Guinea,2001-12-01,,,,2833442750.41891,0.0588267222275367,18.7116235148668,,0.0992,0.0017554186849105399,,51.285,51.268,0.00625832386865367,0.43971778869628897,0.526323013305664,0.0339589667320251,8895353,0.31355,Africa,8200000.0,26000000.0
0.041273000000000004,,150.347,Guinea-Bissau,2001-12-01,,,,384270399.55365,0.05038888377561299,15.0966062228593,,0.1062,0.00299569144677667,,52.544,50.72,,0.433918838500977,0.535491523742676,0.0305911731719971,1301748,0.37482,Africa,2700000.0,5500000.0
0.038668,,9369.185,Kenya,2001-12-01,,,14258.528,12985991722.969,0.0462224716567391,18.6838727197327,,0.0675,0.006197822661514249,0.196658333333333,53.758,51.843,0.0186762573813627,0.43794807434082,0.534420890808105,0.0276311182975769,32126351,0.20239000000000001,Africa,536000000.0,183000000.0
0.03083,,,Lesotho,2001-12-01,,,,706430933.003007,0.075289053950563,28.4191913694626,,0.08159999999999999,0.00261150063093855,0.165541666666667,45.979,45.379,0.0304568527918782,0.40982795715332004,0.544540748596191,0.045631847381591796,1871500,0.20067000000000002,Africa,16000000.0,166000000.0
0.04236,,502.379,Liberia,2001-12-01,,,,514999999.999999,0.0640765187573605,11.0043141563856,,0.1115,0.00033812227177591996,0.2214,53.249,51.852,0.000666940112112633,0.432065811157227,0.537094535827637,0.0308399772644043,2998770,0.44673,Africa,,
0.022425999999999998,,48100.039,Libya,2001-12-01,,,16360.864,28420321951.542,0.040832700216085295,261.265483436484,,0.023600000000000003,0.0036653317528422802,0.07,74.015,70.669,0.00950809490676077,0.325834999084473,0.634292411804199,0.0398727655410767,5258677,0.76441,Africa,90000000.0,572000000.0
0.040375,,1741.825,Madagascar,2001-12-01,,,,4529575232.98509,0.050456173391989705,14.0765988120863,,0.067,0.00222511586178292,0.2525,60.348,57.938,0.00908488031393897,0.454740829467773,0.515626411437988,0.0296328473091125,16235767,0.27391,Africa,149000000.0,179000000.0
0.044607999999999995,,905.749,Malawi,2001-12-01,,,,1716502069.29157,0.0508508830189706,7.50962482081733,,0.0968,0.00164020725330811,0.561666666666667,46.494,46.078,0.00479473492850399,0.459647636413574,0.509912719726563,0.030439727306366,11623166,0.14698,Africa,40000000.0,52000000.0
0.048168,,546.383,Mali,2001-12-01,,,,2629739067.46746,0.0639256814791375,18.2631425903638,,0.1128,0.00185897413256084,,49.197,49.836,0.00227184768234993,0.461142463684082,0.505118064880371,0.0337391686439514,10562768,0.29075,Africa,91000000.0,65000000.0
0.037873,,1349.456,Mauritania,2001-12-01,,,,1295536829.06554,0.047791360803133995,19.096967183082,,0.07590000000000001,0.00261448551967195,0.225,61.32,58.294,0.0395725733618542,0.425507164001465,0.542778663635254,0.0317141604423523,2791403,0.50043,Africa,,
0.016399999999999998,,2966.603,Mauritius,2001-12-01,,,,4536544699.05727,0.0380136841294125,147.043370839521,,0.015099999999999999,0.0878090401892036,0.211041666666667,75.3,68.4,0.22839914514651,0.254649257659912,0.682743377685547,0.06260569572448729,1199881,0.42460000000000003,Africa,820000000.0,216000000.0
0.021463999999999997,,37715.095,Morocco,2001-12-01,,,10894.372,37724674865.0801,0.044385330961604304,57.6967248312716,,0.041100000000000005,0.0137143810096418,0.1325,70.065,66.679,0.16442277488877402,0.333450050354004,0.618985633850098,0.0475643682479858,29021156,0.53662,Africa,2966000000.0,589000000.0
0.044502,,1580.477,Mozambique,2001-12-01,,,7546.661,4075049537.3821,0.0564277894147808,12.2404697913308,,0.1085,0.0016003194664406901,0.227291666666667,49.026,46.098,0.00812595993797203,0.439510459899902,0.528809585571289,0.0316799163818359,18785719,0.29277000000000003,Africa,64000000.0,132000000.0
0.031116,,2016.85,Namibia,2001-12-01,,,1127.177,3546791603.24122,0.061790593853610604,113.478404352654,,0.0494,0.0241697944170998,0.145316666666667,56.476,52.432,0.0551964964205124,0.40314205169677697,0.563792343139648,0.033065083026886,1931282,0.32898000000000005,Africa,264000000.0,71000000.0
0.052743000000000005,,759.069,Niger,2001-12-01,,,,1945327545.88815,0.07387425752672011,11.9587728844971,,0.09770000000000001,0.0010518543139701,,51.353,51.459,0.000186549582088573,0.48118480682373,0.49355842590332005,0.0252567601203918,11396434,0.16269999999999998,Africa,30000000.0,33000000.0
0.042832999999999996,,83350.91,Nigeria,2001-12-01,,,94633.008,44138014092.2627,0.0480015725605785,18.2854624697697,,0.1095,0.0008990137045727301,0.234383333333333,47.399,46.388,0.00211468605942215,0.434607543945313,0.537522125244141,0.0278702855110168,126004992,0.35668999999999995,Africa,168000000.0,858000000.0
0.040238,,689.396,Rwanda,2001-12-01,,,,1674685125.62865,0.0436931412400135,8.35443896618412,,0.1005,0.00240672409832383,0.1729,50.043,48.262,0.00742008878307462,0.463761138916016,0.506912498474121,0.0293259024620056,8760003,0.15829000000000001,Africa,29000000.0,33000000.0
0.036717,,51.338,Sao Tome and Principe,2001-12-01,,,,76553443.3862363,0.102777404997326,52.3602851218544,,0.0562,0.0631091788794615,0.37,65.327,61.717,,0.434226951599121,0.525775299072266,0.040004796981811495,141783,0.54377,Africa,6200000.0,2000000.0
0.039793999999999996,,4330.727,Senegal,2001-12-01,,,2591.734,4877602012.42811,0.0497866497468833,23.9980811571914,,0.06709999999999999,0.00983794058848003,,59.812,56.607,0.029825820787938204,0.449003562927246,0.519123497009277,0.0318727374076843,10119118,0.40490000000000004,Africa,175000000.0,112000000.0
0.0177,,641.725,Seychelles,2001-12-01,,,,618433500.97097,0.0467290153291925,356.379190165413,,0.0123,0.11015102930017401,0.10625341666666699,,,0.452357170162653,0.275091552734375,0.6445192718505859,0.08041384696960449,81202,0.5028,Africa,221000000.0,41000000.0
0.043546,,568.385,Sierra Leone,2001-12-01,,,,1079478387.83576,0.16045449459996403,40.3212527463885,,0.1385,0.00160264445493032,0.24265,39.52,38.205,0.00626096017219212,0.428745765686035,0.546901779174805,0.0243519806861877,4295667,0.35867,Africa,14000000.0,42000000.0
0.048223,,502.379,Somalia,2001-12-01,,,,,,,,0.10490000000000001,0.000790391786670095,,52.827,49.695,0.0111705926919354,0.47339527130127,0.49734199523925804,0.0292627477645874,7609265,0.33616999999999997,Africa,,
0.023835000000000002,,362743.307,South Africa,2001-12-01,,,112399.195,118478986832.603,0.08582913297839291,223.428461445219,,0.0526,0.0634661931839768,0.137708333333333,56.532,52.703,0.237008076137532,0.324582748413086,0.63980110168457,0.0356160926818848,44909738,0.57368,Africa,3256000000.0,2366000000.0
0.041966,,,South Sudan,2001-12-01,,,,,,,,0.1046,,,50.843,48.455,,0.4463525390625,0.522946701049805,0.030700466632843,6924455,0.16632000000000002,Africa,,
0.039436,,6369.579,Sudan,2001-12-01,,,13988.038,13182872554.7864,0.0354123978248434,16.4178036599231,,0.0673,0.0014018522449416098,,60.255,56.503,0.00296683920232063,0.436281967163086,0.533800010681152,0.0299181175231934,28434810,0.32548,Africa,3000000.0,74000000.0
0.032131,,1144.104,Swaziland,2001-12-01,,,,1349326983.00661,0.0516806001050221,64.8833490701929,,0.0814,0.0128159005046719,0.1325,47.829,47.058,0.0511741680243329,0.440369529724121,0.5297382354736331,0.0298922276496887,1074761,0.22555,Africa,23000000.0,31000000.0
0.041716,,3127.951,Tanzania,2001-12-01,,,14202.899,10383560997.7807,0.0353093524615885,10.5067377097167,,0.0755,0.00171300350668948,0.20057261414372798,51.115,49.908,0.00789674328975987,0.44710906982421905,0.5238029861450201,0.0290879321098328,34895398,0.22674,Africa,626000000.0,363000000.0
0.038801,,1162.439,Togo,2001-12-01,,,2105.747,1332328986.28277,0.051533257499037505,13.7525407629623,,0.075,0.009000000000000001,,54.42,52.796,0.019029591014026803,0.43915046691894505,0.532477607727051,0.0283723187446594,4992225,0.33356,Africa,14000000.0,20000000.0
0.0169,,20817.559,Tunisia,2001-12-01,,,7711.126,22066101341.4888,0.052907238143596,122.291130210521,,0.0242,0.042979660347468494,,75.0,70.8,0.0403235765821395,0.289412784576416,0.6486163330078131,0.0619710493087769,9673600,0.63818,Africa,2061000000.0,322000000.0
0.048015,,1620.814,Uganda,2001-12-01,,,,5840503702.93999,0.0723753973223567,16.9187423810158,,0.0854,0.00237945087191408,0.22655,49.296,48.665,0.0113010055431608,0.49312610626220704,0.480317420959473,0.026556565761566203,25088033,0.12167,Africa,187000000.0,
0.0453,,1906.84,Zambia,2001-12-01,,,6430.43,3653822711.78246,0.059824010459154205,21.0943496611607,,0.09540000000000001,0.0023312955634233203,0.462333333333333,42.819,42.209,0.0116964290281049,0.45910133361816396,0.5135816192626951,0.0273167586326599,10362137,0.34958,Africa,80000000.0,102000000.0
0.032028,,12563.142,Zimbabwe,2001-12-01,,,9690.345,6777384732.66549,,,,0.0601,0.00799846045633137,0.380208333333333,43.061,43.436,0.0249470018621944,0.418973159790039,0.546688041687012,0.0343388533592224,12586763,0.3417,Africa,81000000.0,
0.049281,,645.392,Afghanistan,2001-12-01,,,,2461666314.78366,,,,0.0927,4.7225682421736805e-05,,56.423,54.145,,0.49541912078857403,0.484255981445313,0.020324969291687,21347782,0.21596,Asia,,
0.013299,,3542.322,Armenia,2001-12-01,,,2005.745,2118467913.37873,0.059404164825964,41.1252727432259,,0.0253,0.0163109466677715,0.266875,75.214,68.462,0.00833474947384933,0.249928436279297,0.646361694335938,0.103710174560547,3059960,0.64385,Asia,81000000.0,59000000.0
0.0136,,28771.282,Azerbaijan,2001-12-01,,,11444.623,5707618246.56848,0.044824409651993996,31.2203812835426,,0.0569,0.0030556463761561795,0.197058333333333,70.12,64.322,0.08907406532935991,0.301358680725098,0.6405490875244141,0.0580925178527832,8111200,0.51587,Asia,57000000.0,119000000.0
0.026306999999999997,,32456.617,Bangladesh,2001-12-01,,,20222.763,46987842846.553,0.029818809998974502,10.0553754310379,,0.0615,0.00129807973947512,0.158333333333333,66.091,65.504,0.0038595852313060204,0.364246673583984,0.5947573471069341,0.040995988845825206,134729503,0.24096,Asia,48000000.0,341000000.0
0.026552,,388.702,Bhutan,2001-12-01,,,,476360697.049551,0.0618539493462472,50.7282563343376,,0.056,0.00864628564215099,0.1575,61.139,60.955,,0.393447608947754,0.567758331298828,0.0387837243080139,580888,0.2648,Asia,9000000.0,
0.022166,,6197.23,Brunei Darussalam,2001-12-01,,,2207.747,5601090584.36122,0.0317872379520888,525.008738424834,,0.0075,0.129177690823013,0.055,78.2,74.371,0.421698897715812,0.300500717163086,0.6710221099853519,0.028483047485351597,339114,0.71652,Asia,155000000.0,456000000.0
0.02699,,2251.538,Cambodia,2001-12-01,,,3430.154,3979813387.83958,0.0623219991940508,19.92492926209,,0.07590000000000001,0.0007695605555272959,,65.583,60.296,0.0179159317883236,0.397178268432617,0.56355827331543,0.0392635488510132,12472586,0.18703,Asia,429000000.0,59000000.0
0.013380000000000001,,3487566.356,China,2001-12-01,,,1186796.51,1324806909020.72,0.045833953109242806,46.8808978986783,,0.028300000000000002,0.0263965021485872,0.058499999999999996,74.036,71.271,0.112447452430793,0.24634843826293898,0.68336540222168,0.07028614044189449,1271850000,0.37093000000000004,Asia,19006000000.0,14992000000.0
0.011897999999999999,,3769.676,Georgia,2001-12-01,,,2570.408,3219487823.04872,0.0781612364399161,53.7427657545212,,0.0293,0.009923444361381541,0.222695189306938,75.656,68.381,0.0643546213498096,0.212263660430908,0.658615112304688,0.129121856689453,4386400,0.52398,Asia,136000000.0,136000000.0
0.0072,,37971.785,"Hong Kong SAR, China",2001-12-01,,,14144.888,169403241524.337,,,,,0.38671403230956897,0.05125,84.6,78.4,0.83803392317031,0.16733577728271498,0.7204157257080079,0.11224834442138701,6714300,1.0,Asia,7923000000.0,12317000000.0
0.025186,,1203843.097,India,2001-12-01,,,464501.25,493954333980.594,0.04504452752563019,21.1584007768436,,0.0643,0.00660146377009928,0.120833333333333,63.832,61.342,0.00617271780899159,0.338288612365723,0.617403335571289,0.044308052062988296,1059500888,0.27918,Asia,3342000000.0,4367000000.0
0.021477,,294907.474,Indonesia,2001-12-01,,,158963.141,160446947638.313,0.0223306684531571,16.9027749285603,,0.0394,0.0201861385948459,0.185475,69.634,65.635,0.0307634834492977,0.303564128875732,0.6491531372070309,0.04728271484375,211970371,0.42782,Asia,5277000000.0,3406000000.0
0.009300000000000001,,1202266.287,Japan,2001-12-01,,,510790.521,4159859918093.56,0.07806082681361351,2554.19000132128,,0.0031,0.385320608612719,0.0196941666666667,84.9,78.1,0.593925727331044,0.144210863113403,0.678626022338867,0.17716312408447302,127149000,0.7998999999999999,Asia,5750000000.0,35526000000.0
0.0149,,147908.445,Kazakhstan,2001-12-01,,,34493.19,22152689129.5583,0.0347096530795089,52.8125919979473,,0.0357,0.0100612421099739,,71.3,60.5,0.0399745728747797,0.27052173614502,0.6605721282958981,0.06890620231628419,14858335,0.55527,Asia,502000000.0,761000000.0
0.017414000000000002,,79474.891,"Korea, Dem. Rep.",2001-12-01,,,20369.45,,,,,0.0391,,,69.703,62.09,,0.257841358184814,0.6803656768798829,0.061793007850647,23043449,0.59491,Asia,,
0.0116,,450193.923,"Korea, Rep.",2001-12-01,,,191046.231,533051998853.593,0.0495204842809188,527.633192942714,,0.0055,0.5660000000000001,0.07708333333333331,80.04,72.82,0.628788750625312,0.20614038467407203,0.716836776733398,0.0770227813720703,47357362,0.7994,Asia,7919000000.0,8349000000.0
0.0198,,3780.677,Kyrgyz Republic,2001-12-01,,,2151.013,1525113501.11034,0.0478580999688697,14.6524985966885,,0.040299999999999996,0.030029413271923898,0.37329999999999997,72.6,65.0,0.0054128153816977095,0.34244556427002004,0.602325477600098,0.0552293586730957,4945100,0.35296,Asia,32000000.0,21000000.0
0.029816,,902.082,Lao PDR,2001-12-01,,,,1768619058.34647,0.0408564547501293,13.0967613605899,,0.0803,0.0018166446065456601,0.261666666666667,63.551,61.05,0.00540111283581915,0.43034484863281297,0.533373641967773,0.0362816953659058,5470169,0.22993,Asia,108000000.0,4000000.0
0.008476000000000001,,1686.82,"Macao SAR, China",2001-12-01,,,,6514271488.1434,,,,,0.225212167700561,0.0798856666666666,80.264,75.521,0.443925766983199,0.218718032836914,0.707605895996094,0.0736760425567627,438080,1.0,Asia,3745000000.0,
0.02168,,136716.761,Malaysia,2001-12-01,,,49255.235,92783947368.4211,0.033442178915930904,129.688668706634,,0.0081,0.266959725007084,0.0712666666666667,75.137,71.026,0.308663363501955,0.32723789215087895,0.6335043716430659,0.0392578411102295,23925742,0.62922,Asia,7627000000.0,3391000000.0
0.023382,,575.719,Maldives,2001-12-01,,,,802442810.457516,0.0531097329651086,153.368141775956,,0.0315,0.0361729064930367,0.13,71.526,69.546,0.0680068388373976,0.39931610107421905,0.561212997436523,0.0394780898094177,277825,0.28859,Asia,327000000.0,59000000.0
0.019061,,7884.05,Mongolia,2001-12-01,,,2414.745,1267997923.03269,0.0461593974362824,24.1892574600322,,0.046700000000000005,0.016532382390698198,0.3735,66.59,60.367,0.08058953518022509,0.33613937377929703,0.626970863342285,0.0368905830383301,2419669,0.58222,Asia,49000000.0,59000000.0
0.020424,,8723.793,Myanmar,2001-12-01,,,12546.881,,0.0207779573856015,2.43217712609491,,0.0573,2.8927738084856103e-06,0.15,64.446,60.314,0.00046367459962482697,0.301216850280762,0.651106338500977,0.0476767539978027,48894203,0.27318000000000003,Asia,132000000.0,32000000.0
0.032088,,3454.314,Nepal,2001-12-01,,,8374.581,6007061224.4898,0.0532698671162056,13.2659563508685,,0.0573,0.00240015303375743,0.0766666666666667,63.564,61.728,0.000730750921185389,0.402576751708984,0.558815422058105,0.038607964515686,23655119,0.13967000000000002,Asia,191000000.0,128000000.0
0.030205,,108282.843,Pakistan,2001-12-01,,,65090.754,72309738921.3329,0.0282659617807948,13.0223421904376,,0.0862,0.013185507792562601,,64.962,63.398,0.00505665777191908,0.40862495422363304,0.551600799560547,0.0397742342948914,146857081,0.33446,Asia,533000000.0,555000000.0
0.029261,,71051.792,Philippines,2001-12-01,,,38201.585,76261998622.8918,0.0299839879930459,28.836108481637,,0.0295,0.025240056600826902,0.12401583333333299,70.184,63.853,0.153335524399959,0.38237865447998,0.584939842224121,0.032681517601013205,79297756,0.47684,Asia,2011000000.0,1918000000.0
0.011800000000000001,,49541.17,Singapore,2001-12-01,,,21229.344,89285087394.9509,0.0241167034691583,525.705968521957,,0.0029,0.41670425175604103,0.0564833333333333,80.4,76.4,0.743571669312929,0.210592384338379,0.714078369140625,0.0753287601470947,4138000,1.0,Asia,4641000000.0,6600000000.0
0.01849,,10245.598,Sri Lanka,2001-12-01,,,8049.573,15746224409.8,0.0370254424416266,31.2083635037276,,0.0134,0.00793821864362622,0.19390833333333302,75.746,68.239,0.0350715883007297,0.264613780975342,0.6716042327880859,0.0637818670272827,18797000,0.18431,Asia,347000000.0,402000000.0
0.029864,,2291.875,Tajikistan,2001-12-01,,,2122.29,1080774005.56446,0.0458524324324324,7.88026756113827,,0.0701,0.000512591325352927,0.21050000000000002,68.086,60.36,0.00025916868860643603,0.421063423156738,0.543257789611816,0.035678942203521705,6289340,0.26457,Asia,,
0.014152,,202132.374,Thailand,2001-12-01,,,74385.215,115536405150.354,0.0331553959070202,60.7374621892136,,0.0183,0.0555632612097332,0.0725,74.926,67.47,0.119710025849438,0.23752935409545897,0.694489440917969,0.0679812145233154,63069070,0.32572,Asia,9378000000.0,3334000000.0
0.041288,,,Timor-Leste,2001-12-01,,,,429700000.0,0.0616067410746484,19.605840706949,,0.0799,,,61.682,59.074,,0.500317306518555,0.475213851928711,0.0244688439369202,871353,0.24619,Asia,,
0.023351,,39269.903,Turkmenistan,2001-12-01,,,15153.092,3534771968.51189,0.038373680119262205,58.4542714796035,,0.06470000000000001,0.00175209517731422,,68.033,60.21,0.00179556839746894,0.355846366882324,0.60049560546875,0.0436584758758545,4551762,0.46137,Asia,,
0.0205472325477457,,122037.76,Uzbekistan,2001-12-01,,,51069.948,11401351420.1718,0.052769008613497696,24.4760640603737,,0.0518,0.00597567993875805,,70.378,63.84,0.00510035684807732,0.365345039367676,0.5909756469726559,0.043679227828979504,24964450,0.37278,Asia,72000000.0,
0.017030999999999998,,61139.891,Vietnam,2001-12-01,,,30645.539,35291349277.3143,0.0558616286020514,22.3403394912331,,0.0263,0.012656512361231699,0.0942,78.743,69.248,0.0153091136770837,0.306773090362549,0.6284326171875,0.0647942972183228,78621000,0.24937,Asia,,
0.018046,,3223.293,Albania,2001-12-01,,,1782.831,4091020249.36656,0.060448539142601,74.79027464097,,0.0221,0.0032579837706796398,0.196541666666667,77.917,71.703,0.11948872883346899,0.296951332092285,0.631858177185059,0.0711905097961426,3064111,0.42435,Europe,451000000.0,269000000.0
0.011800000000000001,,524.381,Andorra,2001-12-01,,,,1264760246.44075,0.0560453032868235,1293.94896130734,,0.0037,,,,,0.43277941176470597,,,,68000,0.9205599999999999,Europe,,
0.0094,,65716.307,Austria,2001-12-01,,,30176.647,191678678299.776,0.100936704747739,2405.68481042511,,0.0045,0.391854501811114,,81.6,75.6,0.8126031127631239,0.168493957519531,0.6758325958251951,0.15567318916320802,8042293,0.65801,Europe,11511000000.0,7408000000.0
0.0092,,52595.781,Belarus,2001-12-01,,,24785.013,12354820143.8849,0.0662474592699591,82.5063354832592,,0.010199999999999999,0.0430061602151712,0.46966666666666695,74.5,62.8,0.013944212464843099,0.17937156677246102,0.683574981689453,0.137053461074829,9928000,0.70458,Europe,272000000.0,486000000.0
0.0111,,114766.099,Belgium,2001-12-01,,,58390.869,232485906040.268,0.0829205205482616,1878.29116527806,,0.0046,0.31288395505656597,0.0845833333333333,81.2,74.9,0.747225330132927,0.174602012634277,0.654947509765625,0.17045028686523397,10286570,0.9718399999999999,Europe,8304000000.0,10878000000.0
0.009640000000000001,,20700.215,Bosnia and Herzegovina,2001-12-01,,,4200.651,5748990554.79945,0.0724244738348059,108.274476956237,,0.0075,0.0120052695129649,,77.227,72.725,0.114635352853942,0.19946830749511701,0.688613815307617,0.111917629241943,3879353,0.39285,Europe,279000000.0,96000000.0
0.0085,,46453.556,Bulgaria,2001-12-01,,,19415.921,13868600709.9324,0.07373597721369421,129.23247794497,,0.0171,0.076122977487982,0.11110766666666701,75.2,68.5,0.19533777871707902,0.15221941947936998,0.679916076660156,0.167864208221436,8020282,0.6916599999999999,Europe,1262000000.0,836000000.0
0.0092,,20714.883,Croatia,2001-12-01,,,7948.004,23052044812.5113,0.0723589443159917,375.712485918969,,0.006900000000000001,0.115585731811648,0.0954916666666667,78.17,71.03,0.394666803394539,0.169079303741455,0.671647109985352,0.159273128509521,4440000,0.55725,Europe,3463000000.0,677000000.0
0.012827999999999999,,6846.289,Cyprus,2001-12-01,,,2114.235,9679304970.56184,0.0578263528437479,776.314812506364,,0.0052,0.188187590408455,0.07519999999999999,80.245,76.061,0.32694873845661,0.21926486968994102,0.677814712524414,0.102922468185425,961481,0.68769,Europe,2203000000.0,568000000.0
0.0089,,124406.642,Czech Republic,2001-12-01,,,42077.573,64375288106.7769,0.0642218784369733,402.700361202496,,0.0053,0.146971721171129,0.07196416666666669,78.4,72.1,0.679000648491634,0.160684204101563,0.7003391265869141,0.138976793289185,10216605,0.7387699999999999,Europe,3104000000.0,1386000000.0
0.012199999999999999,,49035.124,Denmark,2001-12-01,,,19202.9,160476161868.602,0.09100179618167269,2730.0439544039,,0.0045,0.429575247201878,0.08199999999999999,79.2,74.5,0.739570252885138,0.18614021301269498,0.665403213500977,0.148456563949585,5358783,0.8515,Europe,4003000000.0,4861000000.0
0.0092,,15595.751,Estonia,2001-12-01,,,4918.618,6240147810.40193,0.0485623090275287,217.506855873307,,0.008199999999999999,0.315274897673756,0.0778166666666667,76.2,64.6,0.480041635060731,0.17351455688476602,0.671238555908203,0.155245409011841,1388115,0.69242,Europe,661000000.0,253000000.0
,,792.072,Faeroe Islands,2001-12-01,,,,1154899793.33878,,,,,0.432469835228993,,81.6,76.5,0.5195077967540039,,,,47135,0.37174999999999997,Europe,,
0.0108,,56424.129,Finland,2001-12-01,,,33149.814,124642505592.841,0.0742501005111711,1786.22473207026,,0.0034,0.431053633522263,0.0579005,81.5,74.6,0.804803665148516,0.179855365753174,0.669132843017578,0.151011209487915,5188008,0.82368,Europe,2065000000.0,2442000000.0
0.013099999999999999,,385827.072,France,2001-12-01,,,260564.571,1338302997762.86,0.10211333783021899,2241.04457790435,,0.0044,0.263259035521688,0.06974999999999999,83.0,75.5,0.6207543084131509,0.18816205978393602,0.6505117034912109,0.161326351165771,61355725,0.76127,Europe,38385000000.0,26749000000.0
0.0089,,853662.932,Germany,2001-12-01,,,346678.93,1880894854586.13,0.105042104762358,2401.80514485984,,0.0043,0.31650939416316,0.100091666666667,81.3,75.5,0.6714964818219239,0.153663272857666,0.6786960601806641,0.167640686035156,82349925,0.73113,Europe,24175000000.0,56529000000.0
0.009300000000000001,,93805.527,Greece,2001-12-01,,,28003.794,129841808534.627,0.0880366816092048,1055.27855244344,,0.0064,0.10935025808027801,0.08585000000000001,81.0,75.9,0.723126477410963,0.14962384223938,0.678253707885742,0.172122669219971,10951764,0.72913,Europe,9216000000.0,4189000000.0
0.0095,,57021.85,Hungary,2001-12-01,,,25591.269,52720966883.3719,0.0724121680376814,374.264183180654,,0.0091,0.145285543028277,0.12116666666666699,76.5,68.2,0.487187785954083,0.16563383102416998,0.681681747436523,0.15268430709838898,10187576,0.6467,Europe,4191000000.0,1887000000.0
0.0144,,2101.191,Iceland,2001-12-01,,,3238.257,7922983042.66068,0.0934141303172005,2611.9282992568,,0.003,0.493929953676426,0.1795,83.2,78.3,0.873528459177064,0.23031021118164102,0.653469772338867,0.116227083206177,284968,0.9253199999999999,Europe,383000000.0,372000000.0
0.015,,44150.68,Ireland,2001-12-01,,,14432.403,105166579627.74,0.0672969361490886,1848.39589468354,,0.0058,0.231388121904053,0.0483583333333333,79.9,74.5,0.768267897343888,0.21399339675903298,0.6743170166015631,0.111689338684082,3866243,0.59395,Europe,3789000000.0,2956000000.0
,,,Isle of Man,2001-12-01,,,,1614595290.9182,,,,,,,,,,,,,77616,0.51833,Europe,,
0.0094,,450347.937,Italy,2001-12-01,,,172142.34,1123702691037.14,0.08061794428741409,1590.39137691524,,0.0044,0.272221169788811,0.0728775,83.1,77.1,0.895905441504058,0.142552900314331,0.671744613647461,0.18570247650146499,56974100,0.67282,Europe,26916000000.0,16997000000.0
0.0217,,,Kosovo,2001-12-01,,,1901.698,2535333631.88536,,,,,,,70.2,65.9,,,,,1701154,,Europe,,
0.008400000000000001,,6853.623,Latvia,2001-12-01,,,4111.458,8313047743.57121,0.061667376985664504,215.241114131686,,0.0136,0.0721934580836289,0.111658333333333,76.6,65.2,0.280063309354972,0.171791858673096,0.6740557098388671,0.15415282249450699,2337170,0.6795,Europe,153000000.0,255000000.0
0.0121,,,Liechtenstein,2001-12-01,,,,2491800558.77674,,,,,0.451168526483592,,82.4,76.3,0.328603435399552,,,,33475,0.14962,Europe,,
0.0091,,12918.841,Lithuania,2001-12-01,,,8277.008,12159225000.0,0.0626029316993832,219.745497371671,,0.0092,0.0717935699381369,0.0963083333333333,77.6,66.0,0.294082012562919,0.19349401473998998,0.6648955535888671,0.141610450744629,3470818,0.66919,Europe,425000000.0,227000000.0
0.0124,,8800.8,Luxembourg,2001-12-01,,,3508.77,20196868008.9485,0.0740182986264954,3405.29482962743,,0.0037,0.36163422506306,,81.0,74.8,0.929401527251742,0.189509181976318,0.6689666748046881,0.141530933380127,441525,0.84843,Europe,1780000000.0,1464000000.0
0.012277,,11998.424,"Macedonia, FYR",2001-12-01,,,2576.828,3436961384.81241,0.0846861756492659,140.992396475943,,0.0135,0.0346818460849398,0.1935,76.028,71.006,0.108118355642202,0.21857606887817402,0.678570709228516,0.102853231430054,2065098,0.58339,Europe,49000000.0,60000000.0
0.0101,,2486.226,Malta,2001-12-01,,,787.178,3917620727.92241,0.07041645926663351,674.764690918342,,0.0065,0.178778483243348,0.0689833333333333,81.2,76.6,0.585203218647034,0.20049325942993199,0.688059158325195,0.111447610855103,393028,0.9264100000000001,Europe,704000000.0,204000000.0
0.011623,,3714.671,Moldova,2001-12-01,,,3052.063,1480656884.38462,0.0711298411484359,28.9775356669091,,0.023899999999999998,0.0148781295215565,0.286941666666667,71.175,63.221,0.0556850886964467,0.228408107757568,0.669122924804688,0.10246897697448701,3631462,0.45704,Europe,58000000.0,90000000.0
,,,Monaco,2001-12-01,,,,2671401082.76436,0.0333627582953671,2717.72971446111,,0.0040999999999999995,0.46646142364026505,,,,0.44188345794969996,,,,32366,1.0,Europe,,
0.013231,,,Montenegro,2001-12-01,,,,1159891560.0,0.0845260818687259,160.203846964116,,0.012,,,77.003,70.7,,0.21007318496704103,0.6726528167724609,0.11727402687072801,611525,0.59559,Europe,,
0.0126,,167273.872,Netherlands,2001-12-01,,,75614.408,400654138702.461,0.0829739285419147,2079.40166623883,,0.005,0.493730621073123,0.05,80.7,75.8,0.7648800197915839,0.18580026626586899,0.677890243530273,0.136309518814087,16046180,0.7783,Europe,11147000000.0,13061000000.0
0.0126,,41092.402,Norway,2001-12-01,,,26823.496,170922851073.768,0.097619408583715,3705.05552159358,,0.0038,0.64,0.08689999999999999,81.5,76.2,0.7958406307540901,0.200081596374512,0.649527740478516,0.150389738082886,4513751,0.7656100000000001,Europe,2380000000.0,4718000000.0
0.0096,,302806.192,Poland,2001-12-01,,,89732.58,190420870074.99,0.0585904428629336,291.652016321941,,0.0076,0.09900669707353399,0.18359999999999999,78.4,70.2,0.261117782752248,0.18681453704833997,0.688071594238281,0.125113849639893,38248076,0.61761,Europe,5121000000.0,3595000000.0
0.0109,,62863.381,Portugal,2001-12-01,,,24814.552,120332080536.913,0.0926155211045347,1086.56431922397,,0.0052,0.180871365595338,,80.4,73.4,0.770727373906592,0.15995028495788602,0.6757666015625,0.164283142089844,10362722,0.5504399999999999,Europe,6236000000.0,2606000000.0
0.01,,95672.03,Romania,2001-12-01,,,36818.997,40585886768.9713,0.04370960112433,79.1650119557564,,0.0224,0.045386690289531205,0.45399999999999996,74.9,67.6,0.172348728996725,0.180537528991699,0.682769088745117,0.136693429946899,22131970,0.52852,Europe,419000000.0,475000000.0
0.0091,,1558012.958,Russian Federation,2001-12-01,,,626014.185,306602673980.117,0.056744601883227504,119.03178898892,,0.0188,0.0294436778664985,0.17908333333333298,72.3,59.0,0.0530237798667741,0.17505931854248,0.698362808227539,0.126577882766724,145976473,0.73346,Europe,4726000000.0,9760000000.0
,,,San Marino,2001-12-01,,,,815205233.062791,0.0517642830677317,2182.57545612809,,0.0046,0.503416690898517,0.08800000000000001,84.2,77.9,0.5772017329886769,,,,27467,0.9375,Europe,,
0.0105,,,Serbia,2001-12-01,,,14965.323,11390468618.534,0.075792000087263,83.5665525450719,,0.0107,,0.345,74.9,69.6,,0.197447128295898,0.6704736328125,0.132079048156738,7503433,0.53456,Europe,,
0.0095,,39357.911,Slovak Republic,2001-12-01,,,18593.058,30318731991.0515,0.055046161292988394,216.024833183018,,0.009800000000000001,0.125283218484637,0.1124,77.5,69.5,0.398506397389378,0.190792236328125,0.694783325195313,0.11442460060119601,5378867,0.56163,Europe,649000000.0,340000000.0
0.0088,,15163.045,Slovenia,2001-12-01,,,6731.651,20498926980.9993,0.0856912385804892,882.662211439148,,0.0043,0.30175910470085404,0.1505,79.6,72.1,0.738835682393408,0.154641933441162,0.701219024658203,0.14413950920105,1992060,0.5078,Europe,1059000000.0,560000000.0
0.0099,,297830.073,Spain,2001-12-01,,,125037.662,608856375838.926,0.0724157366949002,1089.27761896386,,0.0053,0.181487226902932,0.051641666666666704,82.8,76.1,0.7276287626505351,0.146131839752197,0.68453498840332,0.16933315277099598,40756001,0.76343,Europe,33829000000.0,8466000000.0
0.0103,,51128.981,Sweden,2001-12-01,,,50531.548,227359498891.481,0.0885949227969966,2267.63130910356,,0.0034,0.5176566493728081,0.0555,82.1,77.6,0.807565418649203,0.18254634857177698,0.645138092041016,0.172315425872803,8895960,0.84071,Europe,5200000000.0,7916000000.0
0.01,,42962.572,Switzerland,2001-12-01,,,26556.971,262647169329.818,0.10281673906481201,3748.4954952856,,0.0047,0.551,0.0430166666666667,83.1,77.4,0.732669072238394,0.17267164230346702,0.673308563232422,0.154019775390625,7229854,0.73322,Europe,9290000000.0,7085000000.0
0.021021,,194538.017,Turkey,2001-12-01,,,70401.701,196005289695.051,0.05160181680355971,148.073377272304,,0.0319,0.051894814607850594,,74.254,67.026,0.305347992381377,0.301799716949463,0.636861686706543,0.061338562965393105,64100297,0.6533199999999999,Europe,10067000000.0,1738000000.0
0.0077,,321650.905,Ukraine,2001-12-01,,,134095.99,38009344576.6088,0.056557813531123,44.2134693374216,,0.015099999999999999,0.0123875954748114,0.32277975,74.08,62.77,0.045754272530925004,0.16844352722168002,0.690713272094727,0.140843210220337,48683865,0.67183,Europe,759000000.0,676000000.0
0.011300000000000001,,550552.379,United Kingdom,2001-12-01,,,223770.117,1485147545703.18,0.0731053846787431,1819.11850258769,,0.0055,0.334810948744147,0.05083333333333331,80.4,75.7,0.782021775089909,0.187960720062256,0.653899459838867,0.158139810562134,59119673,0.78751,Europe,26137000000.0,46410000000.0
0.020752,,13927.266,Bahrain,2001-12-01,,,6068.79,8976446419.94569,0.037952956868719495,487.550250333042,,0.0105,0.150386342513918,0.10692477970627501,75.671,73.925,0.42874766189289704,0.305494537353516,0.670358047485352,0.0241460084915161,698749,0.88369,Middle East,886000000.0,423000000.0
0.018228,,398826.587,"Iran, Islamic Rep.",2001-12-01,,,133435.41,115438386681.929,0.050889729409417904,293.525121334729,,0.027100000000000003,0.014842213316336299,,71.107,68.954,0.0312208671968361,0.327923431396484,0.628656349182129,0.0434201812744141,66857624,0.6475799999999999,Middle East,1122000000.0,714000000.0
0.035614,,85342.091,Iraq,2001-12-01,,,26934.78,,0.0114559930405348,8.25042730667475,,0.0352,0.001,,72.834,68.604,,0.425911483764648,0.538877601623535,0.0352108979225159,24516842,0.6855,Middle East,15000000.0,31000000.0
0.0212,,65749.31,Israel,2001-12-01,,,19143.422,122940533086.05,0.0791094857361365,1498.98094747584,,0.0054,0.173786238639049,0.0997822143333334,81.2,77.7,0.897388079790002,0.280248279571533,0.619495429992676,0.10025662422180201,6439000,0.91267,Middle East,2854000000.0,3887000000.0
0.030821,,16002.788,Jordan,2001-12-01,,,4818.447,8972965061.21159,0.0990188406926679,183.819709252023,,0.022699999999999998,0.0470571958094159,0.10935833333333299,73.453,70.531,0.17902950668320097,0.391664276123047,0.5769443130493159,0.031390819549560495,4917000,0.8008700000000001,Middle East,884000000.0,420000000.0
0.023146999999999997,,55122.344,Kuwait,2001-12-01,,,20067.344,34890773740.2178,0.0359792020747664,633.794576216747,,0.0108,0.0855179243431475,0.07884275,74.366,72.546,0.443258723096591,0.256672210693359,0.7107993316650391,0.0325299763679504,1980604,0.98128,Middle East,286000000.0,3207000000.0
0.017631,,16208.14,Lebanon,2001-12-01,,,5258.142,17649751243.7811,0.109044233461119,571.420012225962,,0.0161,0.0678321977527715,0.171891666666667,76.62,73.252,0.228363712175363,0.284547882080078,0.643539123535156,0.0719126749038696,3357600,0.86115,Middle East,837000000.0,
0.023143999999999998,,20285.844,Oman,2001-12-01,,,8419.549,19949284974.8547,0.0309031452768325,263.032543714552,,0.013300000000000001,0.0589384152148671,0.09234,74.902,70.779,0.144259219972979,0.368768539428711,0.6073799896240231,0.023851454257965102,2239025,0.7154900000000001,Middle East,538000000.0,703000000.0
0.018876,,30362.76,Qatar,2001-12-01,,,12451.677,17538461033.0061,0.0255450281954887,732.2869755406,,0.010199999999999999,0.0617026856093911,,77.777,76.164,0.290824899314818,0.262881488800049,0.7202716827392579,0.0168484234809875,611808,0.96506,Middle East,272000000.0,366000000.0
0.026174,,297214.017,Saudi Arabia,2001-12-01,,,106656.911,183012268441.6,0.0448913184665946,397.245487515924,,0.018699999999999998,0.046810531658103,,74.731,71.151,0.121036240700446,0.376206130981445,0.588936576843262,0.0348574638366699,20891594,0.80077,Middle East,,
0.02981,,48785.768,Syrian Arab Republic,2001-12-01,,,15638.173,21099833783.503,0.0487675665908288,57.7334749322771,,0.019,0.00353759130007247,0.09,75.267,72.035,0.0119753422912087,0.403701362609863,0.5626287078857419,0.0336699318885803,16700984,0.52314,Middle East,1150000000.0,670000000.0
0.016437999999999998,,101414.552,United Arab Emirates,2001-12-01,,,37364.507,103311643522.892,0.0248427471024638,814.919499958502,,0.009300000000000001,0.262717542010006,0.080525,75.722,73.628,0.609591188542909,0.248861789703369,0.740849304199219,0.01029052734375,3132104,0.80655,Middle East,1200000000.0,3321000000.0
0.038592,,16252.144,"Yemen, Rep.",2001-12-01,,,5264.932,9854042164.67463,0.0433521896401973,26.6778597933134,,0.0665,0.000908024587169292,0.175,62.104,59.331,0.00819950583441842,0.480828247070313,0.490880165100098,0.028291642665863002,18029989,0.26787,Middle East,38000000.0,136000000.0
,,,American Samoa,2001-12-01,,,,,,,,,,,,,0.0370599559955996,,,,58176,0.88491,Oceania,,
0.0127,,324859.53,Australia,2001-12-01,,,105750.7,378642266824.085,0.0816290521069001,1631.91769805801,,0.005,0.5268926643103949,0.086625,82.4,77.0,0.571245096218519,0.20555500030517598,0.669481582641602,0.124963407516479,19413000,0.87378,Oceania,12804000000.0,8053000000.0
0.024465,,1114.768,Fiji,2001-12-01,,,,1660102345.60309,0.0328218796794932,66.8796879112492,,0.020300000000000002,0.018579785936093,0.08344166666666669,70.392,65.308,0.0993408616668712,0.343104209899902,0.621375961303711,0.0355185961723328,814700,0.483,Oceania,316000000.0,84000000.0
0.019536,,737.067,French Polynesia,2001-12-01,,,,,,,,,0.0625158894552365,,75.628,70.108,0.278933669324757,0.31037483215332,0.645459976196289,0.044165186882019,241276,0.55999,Oceania,,
0.021466000000000002,,,Guam,2001-12-01,,,,,,,,,0.25380227533739796,,77.92,73.103,0.208417243649987,0.30340051651001,0.6411387634277339,0.055479903221130396,156417,0.93233,Oceania,,
0.027806,,25.669,Kiribati,2001-12-01,,,,63101272.3699183,0.08804599691281391,66.676388037582,,0.0525,0.0233745894837722,,67.886,62.167,0.00468781524074008,0.394156265258789,0.571628646850586,0.0341676449775696,84261,0.43473,Oceania,3200000.0,
,,80.674,Marshall Islands,2001-12-01,,,,115152142.737309,0.193967193632964,411.975197201993,,0.0334,0.017066140776699,,,,0.00937068833358884,,,,52184,0.68674,Oceania,3100000.0,300000.0
0.02921,,176.016,"Micronesia, Fed. Sts.",2001-12-01,,,,240051900.024223,0.08479160130915091,189.926145376505,,0.0409,0.0466052719883673,0.1533,68.003,66.795,,0.398656349182129,0.56346923828125,0.0378650736808777,107170,0.22329999999999997,Oceania,15000000.0,5000000.0
0.019899999999999998,,1906.84,New Caledonia,2001-12-01,,,,,,,,,0.18237109782841598,,77.7,72.1,0.317489330073533,0.283761615753174,0.655491104125977,0.060751967430114705,217324,0.62171,Oceania,94000000.0,
0.01436,,34510.137,New Zealand,2001-12-01,,,17120.416,53305639460.9074,0.0772032756541818,1051.61896767024,,0.005900000000000001,0.532410152941279,0.07595094658977701,81.1,76.4,0.585642992748317,0.225453090667725,0.656601257324219,0.11794563293457,3880500,0.85764,Oceania,2340000000.0,1255000000.0
0.034551000000000005,,3230.627,Papua New Guinea,2001-12-01,,,,3081029665.98233,0.045359165939805504,25.2145241949348,,0.0577,0.00904103545170821,0.162075,61.312,57.069,0.0019387672085974,0.40201099395752005,0.57283992767334,0.0251492524147034,5518971,0.13182,Oceania,5200000.0,38000000.0
0.030268999999999997,,143.013,Samoa,2001-12-01,,,,243324190.253866,0.0575678293551049,78.6129973347575,,0.018,0.0168990283058724,,73.109,66.681,0.014239578052823101,0.405708351135254,0.548816108703613,0.045464124679565406,175567,0.22068000000000002,Oceania,39000000.0,
0.035397,,172.349,Solomon Islands,2001-12-01,,,,400464593.02552,0.0644325231354484,60.9235335654068,,0.0285,0.00468551963584141,0.145527853763499,64.868,62.13,0.00228319666421898,0.41752513885498,0.5539667892456049,0.028510444164276103,423529,0.16201000000000002,Oceania,8800000.0,10500000.0
0.028412,,143.013,Tonga,2001-12-01,,,,167042880.071237,0.0565420100027411,95.8888840508011,,0.015,0.028253718391152496,0.11341973668079801,73.079,68.822,0.0023958417932266702,0.38242103576660197,0.559591484069824,0.057987494468689,98504,0.23041,Oceania,6800000.0,3200000.0
0.031841999999999995,,88.008,Vanuatu,2001-12-01,,,,257926881.72043,0.0366939495469584,49.9992391814346,,0.019100000000000002,0.028305722387767802,0.088125,69.732,66.223,0.00184906358137201,0.41133213043212896,0.555617179870605,0.0330506896972656,189285,0.21953,Oceania,58000000.0,8000000.0
0.020021999999999998,,344.698,Antigua and Barbuda,2001-12-01,,,,778311556.513781,0.0438119887029558,429.279355967339,,0.013099999999999999,0.08899285514505831,0.116243803976043,76.144,71.189,0.316567897482652,0.29122980117797903,0.638644065856934,0.07015144824981691,78972,0.31739999999999996,The Americas,272000000.0,32000000.0
0.018445,,132631.723,Argentina,2001-12-01,,,57835.495,325488360000.0,0.09375891335081149,676.228671122231,,0.0176,0.0978080728532407,0.277054264197308,77.768,70.321,0.18087424420888698,0.276319065093994,0.623691253662109,0.09998964309692379,37273361,0.8932899999999999,The Americas,2756000000.0,4888000000.0
0.013776,,2236.87,Aruba,2001-12-01,,,,1920262569.8324,,,,,0.171,0.121,76.307,71.379,0.570542769177772,0.22895988464355502,0.693500137329102,0.0775507545471191,92894,0.46338999999999997,The Americas,825000000.0,156000000.0
0.016822,,1569.476,"Bahamas, The",2001-12-01,,,,6516651000.0,0.0514618628494912,1106.75885284314,,0.0128,0.11800000000000001,0.06,75.733,69.509,0.199848187323642,0.28604808807373,0.658668975830078,0.055282917022705096,303005,0.8206399999999999,The Americas,1665000000.0,342000000.0
0.013349,,1221.111,Barbados,2001-12-01,,,,3112350000.0,0.0666758115565194,634.746552366754,,0.015,0.119364503383984,0.0958333333333333,75.612,70.928,0.197956734353103,0.21658540725708,0.668705444335938,0.114709129333496,268296,0.33651000000000003,The Americas,706000000.0,149000000.0
0.02859,,711.398,Belize,2001-12-01,,,,871840755.396765,0.0450211685068468,160.07866867863,,0.0206,,0.154541666666667,74.397,67.422,0.159687273142522,0.397380905151367,0.560269660949707,0.0423494482040405,245198,0.47392,The Americas,111000000.0,45000000.0
0.013300000000000001,,495.045,Bermuda,2001-12-01,,,,3680483000.0,,,,,0.47509699897062296,,80.6,75.3,0.21124595982001398,,,,62504,1.0,The Americas,351000000.0,
0.030938,,9823.893,Bolivia,2001-12-01,,,2902.624,8141513292.12402,0.063115437596736,59.2745737461706,,0.054200000000000005,0.021204625341365003,0.200570612222166,65.435,61.297,0.0899655164697097,0.395697860717773,0.562063674926758,0.0422389221191406,8669066,0.6231300000000001,The Americas,119000000.0,114000000.0
0.020458999999999998,,337433.673,Brazil,2001-12-01,,,190711.783,553582178386.192,0.0726895808118353,227.632075147784,,0.0269,0.0452849486902851,0.576166666666667,74.469,66.856,0.16243465316269698,0.29133863449096703,0.6525304412841799,0.0561309432983398,176968205,0.81553,The Americas,1844000000.0,3765000000.0
0.0106,,525690.119,Canada,2001-12-01,,,247877.516,732716942148.76,0.0931573672801178,2152.23263883212,,0.0053,0.602,0.058125,82.1,77.0,0.343662595813416,0.188761005401611,0.684714889526367,0.126524114608765,31081900,0.7981,The Americas,12680000000.0,14634000000.0
,,454.708,Cayman Islands,2001-12-01,,,,,,,,,,,,,0.392455617886742,,,,43317,1.0,The Americas,585000000.0,
0.01625,,52757.129,Chile,2001-12-01,,,24697.361,72336972322.3931,0.0765936640255014,348.04099798186,,0.0087,0.191,0.118910098561076,80.216,74.193,0.32615184744012304,0.272521915435791,0.653602066040039,0.073876314163208,15639289,0.86363,The Americas,1184000000.0,939000000.0
0.022518,,56273.782,Colombia,2001-12-01,,,25708.187,98203544965.2678,0.0596000371926624,144.319991941457,,0.0206,0.0285419997133433,0.2072,75.063,67.634,0.0805071460961914,0.324257774353027,0.627839851379395,0.0479023361206055,40558648,0.7238,The Americas,1483000000.0,1556000000.0
0.019552,,5760.857,Costa Rica,2001-12-01,,,2888.622,16403602943.4123,0.0711474872565202,290.787364315204,,0.0106,0.0955948213497093,0.23832769444166702,80.319,75.588,0.0814613124544037,0.307606754302979,0.637175178527832,0.0552180528640747,4013488,0.60407,The Americas,1339000000.0,434000000.0
0.012785,,25452.647,Cuba,2001-12-01,,,12588.48,31683300000.0,0.06270176086455641,177.875157809912,,0.0062,0.0107975172188907,,78.854,74.984,0.000767663806383001,0.212850914001465,0.6866103363037109,0.10053881645202599,11175465,0.75555,The Americas,1840000000.0,
,,,Curacao,2001-12-01,,,,,,,,,,,,,,0.24201025009155297,0.651429061889648,0.106560649871826,128905,0.91011,The Americas,271000000.0,
,,113.677,Dominica,2001-12-01,,,,330949849.71077,0.0495767172336872,235.535564275157,,0.0134,0.132452280386761,0.111397494990693,,,0.11068044788975,,,,69660,0.6538200000000001,The Americas,46000000.0,9000000.0
0.0247,,20234.506,Dominican Republic,2001-12-01,,,7290.859,24894907435.1447,0.0619624355838659,172.608667243876,,0.032299999999999995,0.04429390696666449,0.242633333333333,73.99,67.835,0.144339014316824,0.345495414733887,0.601869621276855,0.052634539604187,8799298,0.62556,The Americas,2798000000.0,425000000.0
0.024984000000000003,,23446.798,Ecuador,2001-12-01,,,8442.124,24468324000.0,0.0401380242512728,76.8422010473465,,0.0272,0.0267044367376705,0.162318731262873,76.663,70.873,0.0672217202132343,0.341656112670898,0.606362533569336,0.051981287002563506,12780869,0.60799,The Americas,438000000.0,465000000.0
0.023613,,5947.874,El Salvador,2001-12-01,,,4151.362,13812700000.0,0.0797176863699849,183.970728284297,,0.0253,0.015,,74.63,65.104,0.14331481184148,0.378997611999512,0.564358787536621,0.0566431188583374,5985299,0.59464,The Americas,452000000.0,247000000.0
0.0167,,539.049,Greenland,2001-12-01,,,,1086170638.72901,,,,,0.354641368915684,,70.22,65.12,0.28191064486926903,,,,56350,0.81849,The Americas,,
0.019087,,194.351,Grenada,2001-12-01,,,,523279846.425211,0.0762753102400304,391.883488790705,,0.0134,0.051281039821699806,0.10186721194927299,72.87,68.193,0.0629755814981001,0.34079864501953094,0.5817239379882809,0.0774381685256958,101849,0.36105,The Americas,83000000.0,8000000.0
0.036287999999999994,,10626.966,Guatemala,2001-12-01,,,7188.292,18702820735.0173,0.0644621160474575,105.028758400032,,0.0386,0.017382017815873,0.189575,71.854,64.76,0.09987303754408931,0.43906768798828094,0.519856643676758,0.041075587272644,11478984,0.45531999999999995,The Americas,588000000.0,266000000.0
0.021897,,1595.145,Guyana,2001-12-01,,,,696281468.795938,0.0582490165283318,54.2461864159372,,0.037899999999999996,0.13206986495856302,0.170075,67.377,60.083,0.10074138274636599,0.355649719238281,0.600822296142578,0.0435266447067261,747657,0.28606000000000004,The Americas,65000000.0,62000000.0
0.030563,,1569.476,Haiti,2001-12-01,,,2053.955,3507981945.53618,0.0563127187864644,22.654329389623,,0.0726,0.00340832326173809,0.34,59.492,55.984,0.0104928220496507,0.398440208435059,0.561408081054688,0.040151844024658205,8720247,0.37250999999999995,The Americas,105000000.0,168000000.0
0.030966999999999998,,5713.186,Honduras,2001-12-01,,,3224.411,7566517571.88498,0.0687685922805709,82.6809052277,,0.0299,0.014152819312371102,0.237641666666667,73.172,68.34,0.0373334653042243,0.41923084259033205,0.5410739135742191,0.0396951150894165,6365040,0.45964,The Americas,260000000.0,205000000.0
0.018920000000000003,,10626.966,Jamaica,2001-12-01,,,3841.212,9104515930.20984,0.0510087486893204,178.278824744545,,0.0197,0.038630203874764,0.206075,73.603,67.749,0.229496503958239,0.32380401611328097,0.601087684631348,0.075107889175415,2605556,0.5205299999999999,The Americas,1494000000.0,227000000.0
0.023627,,394800.221,Mexico,2001-12-01,,,146302.496,724703571306.821,0.0544570711685937,372.834410914721,,0.020399999999999998,0.070380231165045,0.12795,76.99,72.15,0.206546273069979,0.33737392425537105,0.612652320861816,0.0499737358093262,105339877,0.7504500000000001,The Americas,9190000000.0,6685000000.0
0.027190000000000002,,3964.027,Nicaragua,2001-12-01,,,2543.606,5323146567.74198,0.0525911893730008,54.369791403217,,0.031100000000000003,0.0144879942820716,0.185530521527496,73.0,67.377,0.0317788314336298,0.40285568237304703,0.559454345703125,0.037689757347106896,5176685,0.54976,The Americas,135000000.0,128000000.0
0.023606000000000002,,7007.637,Panama,2001-12-01,,,2815.785,11807500000.0,0.077213635401228,292.548156372236,,0.0214,0.0726839987788729,0.10971666666666699,77.933,72.8,0.152464262553471,0.318415203094482,0.625291481018066,0.056294279098510695,3116409,0.62494,The Americas,665000000.0,227000000.0
0.027561,,3821.014,Paraguay,2001-12-01,,,3918.669,7662595075.90241,0.0761414625056188,106.845356290058,,0.0269,0.0109879383569333,0.28253333333333297,72.556,68.243,0.21059875790683902,0.377032585144043,0.578283500671387,0.0446835613250732,5460621,0.55966,The Americas,91000000.0,130000000.0
0.023658000000000002,,27165.136,Peru,2001-12-01,,,11795.062,51295103188.898,0.046792687965357495,95.7335608250417,,0.028399999999999998,0.0757876295717419,0.249783333333333,73.645,68.388,0.0679986218903899,0.33673511505127,0.613867530822754,0.049397516250610396,26372358,0.7344799999999999,The Americas,763000000.0,773000000.0
0.01459,,,Puerto Rico,2001-12-01,,,,69668635000.0,,,,,0.15630030916201199,,81.4,72.94,0.428535821051872,0.23273616790771498,0.652373657226563,0.11489020347595201,3818774,0.94333,The Americas,2728000000.0,1456000000.0
,,,Sint Maarten (Dutch part),2001-12-01,,,,,,,,,,,,,,,,,31189,1.0,The Americas,484000000.0,137000000.0
0.0173,,183.35,St. Kitts and Nevis,2001-12-01,,,,455905601.704812,0.03830158384124,377.50366683498,,0.0128,0.0771472655580319,0.110763667509906,,,0.045440775522568894,,,,46214,0.32593000000000005,The Americas,62000000.0,8000000.0
0.018895,,363.033,St. Lucia,2001-12-01,,,,708290496.305954,0.062342255842165996,278.326051756137,,0.015,0.0818186395448366,0.129728682897903,73.586,69.795,0.017018594390166997,0.31541759490966803,0.609870796203613,0.0747116279602051,158650,0.27473,The Americas,233000000.0,32000000.0
0.0173,,,St. Martin (French part),2001-12-01,,,,,,,,,,,80.5,74.0,,,,,27782,,The Americas,,
0.01939,,179.683,St. Vincent and the Grenadines,2001-12-01,,,,431017934.980541,0.0363659433289297,145.146532772239,,0.019399999999999997,0.0509480977832946,0.11626147288747299,73.119,68.268,0.0693774365907639,0.308392524719238,0.621628112792969,0.06996082782745361,107989,0.45548,The Americas,89000000.0,12000000.0
0.022134,,2266.206,Suriname,2001-12-01,,,,763465570.642202,0.0839423061731236,135.514869768477,,0.0294,0.0306444838873752,0.25725000000000003,71.562,64.631,0.18381110134541298,0.30411018371582,0.637822418212891,0.058063178062439,473312,0.6651699999999999,The Americas,26000000.0,62000000.0
0.014733000000000001,,25023.608,Trinidad and Tobago,2001-12-01,,,11762.248,8824873155.62584,0.0439833330909408,305.062523673477,,0.0252,0.15384627218944,0.156666666666667,72.455,65.034,0.20128628432338,0.246336879730225,0.6871529388427731,0.066508584022522,1272347,0.10597,The Americas,361000000.0,172000000.0
,,14.668,Turks and Caicos Islands,2001-12-01,,,,,,,,,,,,,,,,,20186,0.8536199999999999,The Americas,311000000.0,
0.0141,,5601404.839,United States,2001-12-01,,,2230816.894,10625300000000.0,0.142407994886353,5137.76030822975,,0.007,0.490808315896951,0.0692166666666667,79.4,74.2,0.446905787439685,0.211945095062256,0.664787826538086,0.123267068862915,284968955,0.7923399999999999,The Americas,109103000000.0,85610000000.0
0.016204999999999997,,5089.796,Uruguay,2001-12-01,,,2711.575,20898788420.0932,0.111861535848789,702.716049299063,,0.014199999999999999,0.111214376832783,0.485556243994657,78.669,71.257,0.156305440545491,0.244393196105957,0.623693237304688,0.131913251876831,3326762,0.92303,The Americas,700000000.0,338000000.0
0.023282,,172525.016,"Venezuela, RB",2001-12-01,,,57871.347,122909734601.322,0.0595982290118108,294.537617742942,,0.0176,0.0463600094778677,0.224516666666667,75.598,69.7,0.260252079969149,0.332349662780762,0.6212073135375981,0.046442966461181595,24870441,0.88303,The Americas,677000000.0,1718000000.0
0.01317,,,Virgin Islands (U.S.),2001-12-01,,,,,,,,,0.183757660397468,,81.1,74.8,0.377841877781976,0.252951316833496,0.6580715179443359,0.0889863681793213,108386,0.92814,The Americas,1234000000.0,
0.019405000000000002,,90853.592,Algeria,2002-12-01,,,28773.003,56760288961.5829,0.0373006375225597,64.9985804114996,,0.0324,0.015916412603583202,0.0858333333333333,70.932,67.756,0.013822623581504401,0.318039798736572,0.640924987792969,0.0410351800918579,32572977,0.61501,Africa,111000000.0,248000000.0
0.050034,,12665.818,Angola,2002-12-01,,,8304.163,12497346042.8261,0.0436041309376118,33.4846162009705,,0.1257,0.00270376745595134,0.973358333333333,48.109,45.381,0.00940444725562779,0.47679386138916,0.498570137023926,0.024635956287384003,14886574,0.33895000000000003,Africa,51000000.0,52000000.0
0.041896,,2053.52,Benin,2002-12-01,,,2261.862,2807657386.40991,0.0427422258151303,16.1855180832166,,0.085,0.007029455951039,,57.607,54.107,0.029504727337855502,0.451487617492676,0.520028343200684,0.028483922481536902,7414744,0.38969000000000004,Africa,95000000.0,49000000.0
0.026417000000000003,,4484.741,Botswana,2002-12-01,,,1916.384,5438856515.10063,0.0572102220282537,192.647688316247,,0.0535,0.0338592235064273,0.162083333333333,49.458,47.587,0.18367518419260398,0.371756172180176,0.597843208312988,0.030401177406311,1808976,0.54374,Africa,324000000.0,197000000.0
0.045774999999999996,,1004.758,Burkina Faso,2002-12-01,,,,3205592273.18693,0.0501066447272085,13.4050227673091,,0.0935,0.0020099259792500097,,52.396,50.203,0.00902809025634253,0.466632232666016,0.506660346984863,0.0267072486877441,12296399,0.19258,Africa,37000000.0,36000000.0
0.042527999999999996,,220.02,Burundi,2002-12-01,,,,825394484.361648,0.07075117233610731,6.31438282599216,,0.0855,0.00118228412267794,0.19467500000000001,50.061,47.606,0.00738874923679194,0.476324234008789,0.495216407775879,0.0284597563743591,7037727,0.08682000000000001,Africa,1600000.0,14000000.0
0.040938,,3417.644,Cameroon,2002-12-01,,,6518.25,10879778327.809,0.0482878326997974,31.3049426613323,,0.0867,0.00360871584267755,0.18,52.61,50.746,0.041801046404121,0.44884033203125,0.517564544677734,0.033595311641693104,16782044,0.46738,Africa,124000000.0,205000000.0
0.038682,,245.689,Central African Republic,2002-12-01,,,,991387865.044932,0.042066360257289694,11.0705711711329,,0.11270000000000001,0.0012853711650629902,0.18,45.556,42.447,0.0033446165476761804,0.42166614532470703,0.538539276123047,0.0397945666313171,3767248,0.37802,Africa,3000000.0,29000000.0
0.05059,,168.682,Chad,2002-12-01,,,,1987622268.76482,0.0800875111082903,17.7661288538531,,0.1037,0.0016606966467434701,0.18,47.74,46.158,0.0038169796217931203,0.491475639343262,0.480808639526367,0.0277156257629395,8959964,0.21702000000000002,Africa,25000000.0,80000000.0
0.039384999999999996,,91.675,Comoros,2002-12-01,,,,251162420.638592,0.033966830443131,15.3430414824075,,0.0724,0.00554869674985088,0.12,59.894,56.877,,0.413452186584473,0.556013374328613,0.030530836582183796,556028,0.27992,Africa,11000000.0,
0.046972,,1543.807,"Congo, Dem. Rep.",2002-12-01,,,17841.457,8728037672.05678,0.0422045192147799,4.72568565031317,,0.1129,0.000927907024606925,,48.483,45.625,0.0113092564648557,0.46419620513916,0.5076154708862299,0.0281883025169373,49516960,0.36055,Africa,,
0.039284999999999994,,707.731,"Congo, Rep.",2002-12-01,,,868.508,3019993723.12586,0.0245276459310561,22.5577505862315,,0.0732,0.0015724951724398202,0.18,53.777,51.659,0.0675453654834655,0.419785003662109,0.5445307540893549,0.035683929920196505,3283719,0.59617,Africa,25600000.0,85000000.0
0.037613,,7286.329,Cote d'Ivoire,2002-12-01,,,6946.47,11486664265.305,0.0471900730742162,32.5071595527443,,0.09570000000000001,0.00497929360753307,,47.036,45.567,0.0615927316764925,0.421570053100586,0.549337997436523,0.0290920162200928,16674987,0.44853000000000004,Africa,56000000.0,490000000.0
0.029416,,399.703,Djibouti,2002-12-01,,,,591122039.601398,0.054485338409483504,42.4457096440336,,0.07640000000000001,0.0048697170451894,0.113,58.751,55.763,0.020149536426332004,0.398388557434082,0.570022315979004,0.0315944719314575,744434,0.7662399999999999,Africa,8900000.0,7700000.0
0.024435,,127193.562,"Egypt, Arab Rep.",2002-12-01,,,47161.735,87850680572.7894,0.0613434315542095,73.6092127339828,,0.0313,0.0271999971465421,0.137916666666667,71.401,66.619,0.0658053915532798,0.341684341430664,0.604317207336426,0.0539984273910522,68302914,0.42889000000000005,Africa,4133000000.0,1309000000.0
0.038751,,4979.786,Equatorial Guinea,2002-12-01,,,,1806742732.91557,0.0182896213286614,71.2068067201865,,0.09409999999999999,0.00321197997152044,0.18,49.278,46.737,0.0580342002796523,0.419206428527832,0.545797157287598,0.0350000643730164,551399,0.38793999999999995,Africa,,
0.039944,,605.055,Eritrea,2002-12-01,,,748.424,729321364.095048,0.0399872719558761,6.30823773079801,,0.0536,0.0022709013762671603,,59.387,54.959,,0.453820724487305,0.527401123046875,0.0187783658504486,4281576,0.18048999999999998,Africa,73000000.0,
0.041771,,4481.074,Ethiopia,2002-12-01,,,26867.376,7707034812.50954,0.0471323728196753,5.23439114290051,,0.0828,0.0007240226186982949,0.08660999999999999,54.622,52.89,0.000720088527042184,0.465298385620117,0.503845138549805,0.0308565139770508,69948344,0.15118,Africa,261000000.0,55000000.0
0.033430999999999995,,1778.495,Gabon,2002-12-01,,,1583.135,4931503836.34766,0.0369685524965611,141.840598809205,,0.053700000000000005,0.019395301061621198,0.18,60.56,58.34,0.21729175192442698,0.40170135498046905,0.5403596496582029,0.0579381895065308,1285318,0.81565,Africa,77000000.0,234000000.0
0.044909,,315.362,"Gambia, The",2002-12-01,,,,578235309.763014,0.0375092598728678,16.598945787099,,0.060700000000000004,0.0179677988296495,0.24,57.132,54.573,0.0765305927217876,0.45867538452148404,0.514942970275879,0.0263793301582336,1306667,0.49683,Africa,,
0.034326,,7436.676,Ghana,2002-12-01,,,8264.08,6166197191.76694,0.0475314968687324,14.8126954499223,,0.0616,0.00830284033818739,,58.223,56.659,0.0195476093643953,0.409302864074707,0.5591733169555659,0.0315238213539124,19786307,0.45275,Africa,383000000.0,184000000.0
0.041269,,1323.787,Guinea,2002-12-01,,,,2949637039.06356,0.0605271085265148,19.7404304030779,,0.09540000000000001,0.00402022748744397,,51.477,51.406,0.0100347699272631,0.43907016754150396,0.527377510070801,0.033552339076995896,9045748,0.31702,Africa,,38000000.0
0.040994,,154.014,Guinea-Bissau,2002-12-01,,,,406669723.434693,0.0583810989966313,17.3754853511491,,0.1037,0.0102299323436117,,52.621,50.982,,0.43262607574462897,0.537196197509766,0.030176224708557096,1330849,0.38317999999999997,Africa,2300000.0,10200000.0
0.038773,,7968.391,Kenya,2002-12-01,,,14453.555,13147736954.17,0.0453836443484619,18.0812919637934,,0.06620000000000001,0.0120777388492125,0.18453333333333302,53.878,52.071,0.0359728227345723,0.43457485198974605,0.53783145904541,0.0275937438011169,33000524,0.20591,Africa,513000000.0,126000000.0
0.030219000000000003,,,Lesotho,2002-12-01,,,,656802669.110291,0.06907830037387659,24.0631411722864,,0.0824,0.010839431373753402,0.1711,44.733,44.363,0.07316571262490801,0.40702323913574195,0.546950454711914,0.0460257768630981,1885487,0.20597000000000001,Africa,14000000.0,164000000.0
0.041887999999999995,,502.379,Liberia,2002-12-01,,,,536000000.000001,0.054261081168554305,9.47152885346923,,0.1041,0.00032713307119069897,0.20204999999999998,53.575,52.083,0.00162830754039912,0.432103309631348,0.537264976501465,0.0306317210197449,3070673,0.45017,Africa,,
0.022515,,47832.348,Libya,2002-12-01,,,16950.714,19842519685.0394,0.0490070352960172,184.609214516088,,0.0228,0.0224441822165946,0.07,74.377,70.974,0.0131076593858612,0.319823703765869,0.639597396850586,0.0405783176422119,5340389,0.76544,Africa,202000000.0,654000000.0
0.039625999999999995,,1235.779,Madagascar,2002-12-01,,,,4397254714.88337,0.0516660001050846,13.5748858550138,,0.0637,0.00339720154596142,0.2525,60.952,58.506,0.00974006438444867,0.45378231048584,0.516667175292969,0.0295503187179565,16736029,0.27663,Africa,109000000.0,192000000.0
0.043951000000000004,,883.747,Malawi,2002-12-01,,,,2665158942.8967,0.0482558793960329,10.7832615781688,,0.09040000000000001,0.0021509472652259,0.505416666666667,46.827,46.601,0.00721460565460345,0.460552558898926,0.509018211364746,0.030429089069366498,11926778,0.14786,Africa,45000000.0,86000000.0
0.048201999999999995,,553.717,Mali,2002-12-01,,,,3342824259.82493,0.0628358542915958,18.5117224237212,,0.109,0.002270455784917,,49.692,50.34,0.00422451786153057,0.46138252258300805,0.5057373046875,0.0328800058364868,10882662,0.29806,Africa,105000000.0,62000000.0
0.037613,,1433.797,Mauritania,2002-12-01,,,,1324424463.41007,0.059644776372461704,23.7299744665699,,0.07579999999999999,0.00363229414608579,0.21,61.433,58.39,0.0859231724409725,0.42293769836425804,0.5454052734375,0.0316574048995972,2877431,0.50832,Africa,,
0.0165,,2981.271,Mauritius,2002-12-01,,,,4767303153.04439,0.041713143290476,168.432736441123,,0.014199999999999999,0.10252624671916,0.21,75.5,68.6,0.289858311953907,0.251954174041748,0.684545593261719,0.0635010671615601,1210196,0.4225,Africa,829000000.0,223000000.0
0.020978,,38254.144,Morocco,2002-12-01,,,11079.128,40416114690.137,0.0530833933048363,73.1968687617119,,0.0395,0.0237325319241544,0.13125,70.263,66.851,0.211476111906193,0.326798667907715,0.624903106689453,0.048298234939575205,29311443,0.5399,Africa,3157000000.0,669000000.0
0.0446,,1587.811,Mozambique,2002-12-01,,,7645.213,4201332885.28416,0.0644871088583158,14.0234582521235,,0.1036,0.0025961261125373902,0.267083333333333,49.048,46.207,0.013186355991394201,0.441466255187988,0.526813125610352,0.031720826625824004,19319894,0.29457,Africa,65000000.0,115000000.0
0.030607,,1760.16,Namibia,2002-12-01,,,1009.627,3361236321.05874,0.0616746332771662,105.858839430507,,0.0493,0.0263369976876116,0.138375,56.222,52.089,0.0765969311184224,0.40225898742675803,0.564687385559082,0.0330525970458984,1958303,0.33765999999999996,Africa,251000000.0,65000000.0
0.052331,,814.074,Niger,2002-12-01,,,,2170481497.62212,0.0700201741630949,12.2377117083588,,0.09409999999999999,0.00127152468779619,,52.044,52.157,0.00486921840078996,0.483323135375977,0.491448440551758,0.025228695869445802,11817297,0.16365,Africa,20000000.0,29000000.0
0.042751,,98125.253,Nigeria,2002-12-01,,,97388.858,59116868249.8401,0.0391027228171866,17.8884654894384,,0.10640000000000001,0.00320461975542327,0.247708333333333,47.693,46.769,0.012142034118709599,0.434486351013184,0.53781078338623,0.0277028346061707,129224641,0.36508,Africa,256000000.0,910000000.0
0.039574,,689.396,Rwanda,2002-12-01,,,,1677447003.07548,0.0417788690740276,7.79377220255918,,0.09179999999999999,0.00292784718792575,0.1637,51.389,49.532,0.00916726443982397,0.458534774780273,0.512956924438477,0.0285080766677856,8987523,0.16777,Africa,31000000.0,24000000.0
0.03704,,58.672,Sao Tome and Principe,2002-12-01,,,,84617970.6681991,0.105540534507327,59.2206038238228,,0.054,0.07580665168911,0.374166666666667,65.556,61.936,0.013707449791272901,0.429444694519043,0.530499076843262,0.0400631380081177,144447,0.5532699999999999,Africa,6900000.0,1800000.0
0.03964,,4547.08,Senegal,2002-12-01,,,2631.659,5333862343.6271,0.0506417773508012,25.9975908900036,,0.06470000000000001,0.010064545367232301,,60.321,57.111,0.0532672123810761,0.44676330566406297,0.521371612548828,0.031865005493164095,10390050,0.40636000000000005,Africa,210000000.0,112000000.0
0.0177,,542.716,Seychelles,2002-12-01,,,,698083344.991819,0.04387193720330831,370.733188388639,,0.0123,0.143041708309972,0.10587533333333299,77.0,69.1,0.541465422280326,0.266986236572266,0.653787002563477,0.0792509460449219,83700,0.50454,Africa,247000000.0,53000000.0
0.043222000000000003,,608.722,Sierra Leone,2002-12-01,,,,1239004287.75607,0.15965580434774101,44.0260034093632,,0.1356,0.00176198956814076,0.221666666666667,40.25,39.072,0.014911929476811601,0.42814731597900396,0.547606773376465,0.0242465758323669,4493047,0.36109,Africa,38000000.0,39000000.0
0.047791,,572.052,Somalia,2002-12-01,,,,,,,,0.10490000000000001,0.00115614213354469,,53.104,49.976,0.012778043845046301,0.474699363708496,0.49607128143310497,0.029228880405425997,7825924,0.33990000000000004,Africa,,
0.023613,,347686.605,South Africa,2002-12-01,,,109907.892,111100858130.227,0.0850211060008232,204.511145324021,,0.053200000000000004,0.06710322437054039,0.1575,55.176,51.789,0.296658463489293,0.319850788116455,0.6427712249755859,0.0373779702186584,45808736,0.57898,Africa,3695000000.0,2251000000.0
0.041394,,,South Sudan,2002-12-01,,,,,,,,0.0998,,,51.169,48.858,,0.445323677062988,0.523644676208496,0.0310313868522644,7186820,0.16760999999999998,Africa,,
0.039056,,8118.738,Sudan,2002-12-01,,,15204.852,14803423334.6043,0.0359120842146822,18.214690393116,,0.0658,0.00439477639075583,,60.632,56.885,0.0053265974445577706,0.435428352355957,0.534562759399414,0.0300088810920715,29186427,0.32600999999999997,Africa,108000000.0,91000000.0
0.031863,,1125.769,Swaziland,2002-12-01,,,,1224220675.06919,0.051555812304521,58.3227294195254,,0.08209999999999999,0.018162038071264198,0.1525,46.762,46.296,0.062835952884124,0.43503734588623,0.534641571044922,0.0303220438957214,1082183,0.22425,Africa,45000000.0,27000000.0
0.041771,,3589.993,Tanzania,2002-12-01,,,14916.291,10805600068.704,0.0342335610097758,10.3309222962013,,0.0705,0.00222484413923909,0.163982407569744,51.748,50.599,0.016948292931308,0.44659130096435495,0.524090347290039,0.0293183946609497,35806497,0.23044,Africa,639000000.0,361000000.0
0.038702,,1232.112,Togo,2002-12-01,,,2181.626,1474630199.41874,0.049544967358472206,14.2385724600153,,0.0733,0.01,,54.519,52.898,0.0322303878037518,0.436166305541992,0.5356521606445309,0.0281817317008972,5123674,0.33809,Africa,16000000.0,26000000.0
0.0167,,21015.577,Tunisia,2002-12-01,,,7813.638,23141757277.9136,0.0531933929209155,127.772900461773,,0.023,0.0525288729548421,,75.1,71.0,0.058908250523404204,0.280742073059082,0.655725936889648,0.0635316038131714,9781900,0.64202,Africa,1831000000.0,303000000.0
0.047759,,1668.485,Uganda,2002-12-01,,,,6178563467.08765,0.0752968682776651,17.5034736304048,,0.0814,0.00384093504951945,0.190971782285593,50.217,49.623,0.015160286563374502,0.493569145202637,0.48029144287109404,0.0261394000053406,25943441,0.12253,Africa,194000000.0,
0.045058999999999995,,1969.179,Zambia,2002-12-01,,,6633.069,3711284086.74656,0.06734553182105821,23.5205186848643,,0.0906,0.00477750906947484,0.451980166666667,43.766,43.104,0.013090490609173899,0.461253623962402,0.511476669311523,0.027269690036773698,10625423,0.35369,Africa,64000000.0,109000000.0
0.03201,,11932.418,Zimbabwe,2002-12-01,,,9692.328,6342116353.99126,,,,0.0591,0.0399435613455612,0.364791666666667,42.56,43.235,0.0268001811893151,0.41710334777832003,0.548016815185547,0.0348799705505371,12640922,0.34585,Africa,76000000.0,
0.048405000000000004,,359.366,Afghanistan,2002-12-01,,,,4128818042.61749,0.0894153393091103,14.2406192284671,,0.0906,4.5613951702214606e-05,,56.853,54.547,0.0011259838058306699,0.49523128509521497,0.484506988525391,0.0202617621421814,22202806,0.21914999999999998,Asia,,
0.013493999999999999,,3043.61,Armenia,2002-12-01,,,1876.378,2376335048.39976,0.0540041920591836,42.1172773147579,,0.0241,0.019604050458211997,0.21136981930552398,75.678,68.892,0.023416131659907,0.241183948516846,0.650970001220703,0.107846002578735,3047002,0.64283,Asia,81000000.0,85000000.0
0.0135,,29614.692,Azerbaijan,2002-12-01,,,11559.453,6236024951.20423,0.0446710557571759,33.6409505904728,,0.053200000000000004,0.0499971367812957,0.17370833333333302,70.435,64.824,0.0959205620254094,0.291029644012451,0.648720626831055,0.0602499961853027,8171950,0.5178699999999999,Asia,63000000.0,110000000.0
0.025581,,33707.064,Bangladesh,2002-12-01,,,20755.718,47571130071.3913,0.0309347879400149,10.6561520381533,,0.0587,0.0013992028850905,0.16,66.601,65.896,0.00784635571337573,0.35883003234863303,0.599726905822754,0.041443080902099604,137006279,0.24756,Asia,59000000.0,309000000.0
0.025524,,418.038,Bhutan,2002-12-01,,,,537050133.254524,0.0788377977055025,70.7475382903646,,0.053200000000000004,0.0167580258375242,0.1525,61.918,61.688,,0.37966094970703096,0.581099662780762,0.0392427158355713,598455,0.2757,Asia,8000000.0,
0.021527,,5320.817,Brunei Darussalam,2002-12-01,,,2157.386,5843329101.97699,0.031173994693174598,525.854038932188,,0.0076,0.15329879855734999,0.055,78.411,74.568,0.443544732063729,0.297609462738037,0.6731070709228519,0.0292776989936829,346407,0.72136,Asia,113000000.0,398000000.0
0.026611999999999997,,2207.534,Cambodia,2002-12-01,,,3994.448,4284028138.34851,0.0639143032995755,21.5711446835203,,0.0692,0.00226983237666204,,66.591,61.355,0.0298992803400587,0.387605934143066,0.572097549438477,0.0402962827682495,12709336,0.1882,Asia,509000000.0,64000000.0
0.01286,,3694242.143,China,2002-12-01,,,1253831.085,1453827558028.02,0.0481168836142272,53.6998689783301,,0.026199999999999998,0.045957043307755095,0.053099999999999994,74.43,71.774,0.159037673118535,0.235624713897705,0.69242805480957,0.0719472551345825,1280400000,0.38425,Asia,21742000000.0,16759000000.0
0.011975,,3388.308,Georgia,2002-12-01,,,2543.939,3395778661.40362,0.0872331141362661,64.0913422808834,,0.0275,0.0158787562980332,0.235795491949538,75.926,68.675,0.10896511495321,0.204655857086182,0.661353073120117,0.13399130821228,4357000,0.52293,Asia,144000000.0,189000000.0
0.0070999999999999995,,36952.359,"Hong Kong SAR, China",2002-12-01,,,13195.258,166349228737.386,,,,,0.43082383027890897,0.05,84.5,78.6,0.9252968607563661,0.16120172500610402,0.72404541015625,0.114753170013428,6744100,1.0,Asia,9849000000.0,12418000000.0
0.024730000000000002,,1226791.183,India,2002-12-01,,,477539.705,523968561883.754,0.0440362631797095,21.2921348273634,,0.0621,0.0153787558175083,0.119166666666667,64.3,61.663,0.012073865423301,0.334335060119629,0.6206562805175779,0.045008625984191905,1076705723,0.28244,Asia,3300000000.0,4350000000.0
0.021468,,306737.216,Indonesia,2002-12-01,,,164879.142,195660611033.849,0.022362970236466204,20.3477822419768,,0.0378,0.021341357329580802,0.18945,69.961,65.965,0.0544089160681318,0.301675968170166,0.6505548095703131,0.047769246101379406,215038285,0.43566000000000005,Asia,5797000000.0,5042000000.0
0.009300000000000001,,1216750.937,Japan,2002-12-01,,,510389.963,3980819536159.76,0.0785746394248588,2455.17271975249,,0.003,0.465942011179917,0.018649166666666703,85.2,78.1,0.6425260094944051,0.142404689788818,0.6752024841308589,0.182392864227295,127445000,0.81647,Asia,6069000000.0,34977000000.0
0.0146,,151945.812,Kazakhstan,2002-12-01,,,39679.186,24636598581.0204,0.0361480665043401,60.900880008292,,0.0339,0.0167477099516366,,71.5,60.7,0.07023092365358359,0.263478927612305,0.665380783081055,0.0711400938034058,14858948,0.55326,Asia,680000000.0,863000000.0
0.01692,,76108.585,"Korea, Dem. Rep.",2002-12-01,,,19565.557,,,,,0.0341,,,70.458,63.02,,0.255544776916504,0.679682083129883,0.064773063659668,23248059,0.5957,Asia,,
0.010199999999999999,,465631.993,"Korea, Rep.",2002-12-01,,,198666.752,609020054512.465,0.048018587748893504,580.722787683959,,0.0056,0.594,0.06769166666666669,80.45,73.4,0.697126737937819,0.202821407318115,0.716268615722656,0.08090999603271481,47622179,0.8029900000000001,Asia,7621000000.0,11440000000.0
0.0192,,4847.774,Kyrgyz Republic,2002-12-01,,,2421.879,1605640633.42189,0.0543420860588852,17.4396162720159,,0.0386,0.0299926518003089,0.2481,72.0,64.4,0.010609598204738599,0.33450714111328095,0.6094800949096679,0.0560127782821655,4990700,0.35295000000000004,Asia,48000000.0,27000000.0
0.029024,,1177.107,Lao PDR,2002-12-01,,,,1758176653.07746,0.0404067648212497,12.8122158884312,,0.07759999999999999,0.00267899241309349,0.293333333333333,64.146,61.647,0.00994726112191616,0.424665260314941,0.538700256347656,0.0366346311569214,5545245,0.24044000000000001,Asia,110000000.0,4000000.0
0.008051,,1525.472,"Macao SAR, China",2002-12-01,,,,7008026414.60895,,,,,0.251718801643395,0.061078629032258094,80.479,75.721,0.621722391084093,0.208042335510254,0.718214569091797,0.0737498569488525,444150,1.0,Asia,4428000000.0,512000000.0
0.020708999999999998,,135128.95,Malaysia,2002-12-01,,,51009.433,100845526315.789,0.0334644440559167,138.230871719803,,0.0076,0.32338204338935905,0.0652833333333333,75.338,71.172,0.37081494294516704,0.320978813171387,0.638697128295898,0.0403239631652832,24413795,0.63856,Asia,8084000000.0,3330000000.0
0.02247,,689.396,Maldives,2002-12-01,,,,828240882.492352,0.0519144049802595,152.074812885734,,0.028,0.053477651689359,0.135416666666667,72.682,70.42,0.148187576703933,0.384837112426758,0.5739912033081049,0.0411716651916504,282743,0.30042,Asia,337000000.0,60000000.0
0.019059,,8287.42,Mongolia,2002-12-01,,,2585.629,1396555772.03794,0.0481429280079949,27.5186075569297,,0.0441,0.020395726034818,0.355166666666667,67.3,60.654,0.0884075226615903,0.32347618103027304,0.639603462219238,0.0369203734397888,2443231,0.59304,Asia,143000000.0,125000000.0
0.019969,,9207.837,Myanmar,2002-12-01,,,12968.499,,0.0236619619910564,2.78557769140867,,0.055600000000000004,4.2649350636189e-06,0.15,64.732,60.628,0.000974030066961471,0.295591487884521,0.65633430480957,0.04807423591613771,49261313,0.27689,Asia,136000000.0,34000000.0
0.031239,,2709.913,Nepal,2002-12-01,,,8467.445,6050875806.66403,0.055655869790159,13.6228177262165,,0.0544,0.00312956060108532,0.0677083333333333,64.148,62.264,0.0009078175031662219,0.40109172821044903,0.559045677185059,0.03986252784729,24102862,0.14263,Asia,134000000.0,108000000.0
0.029375,,114084.037,Pakistan,2002-12-01,,,65775.33,72306820396.2325,0.029918389510988897,14.830018820432,,0.0846,0.0257742673683831,,65.233,63.666,0.011346744596118,0.402010726928711,0.5578897094726559,0.0400995588302612,149693684,0.3375,Asia,562000000.0,491000000.0
0.028864,,71337.818,Philippines,2002-12-01,,,38766.766,81357657790.4137,0.027911616870181302,28.050911968925,,0.029,0.0433227574643007,0.09138500000000001,70.361,63.959,0.19002232289656298,0.37963672637939505,0.587323799133301,0.0330394864082336,80953652,0.47414,Asia,2018000000.0,1874000000.0
0.0114,,47230.96,Singapore,2002-12-01,,,21004.705,91941791943.6165,0.028842396150327,632.043602209998,,0.0026,0.47,0.053458333333333295,81.0,76.5,0.800969189643055,0.205873012542725,0.716861343383789,0.0772658443450928,4176000,1.0,Asia,4458000000.0,8212000000.0
0.018527000000000002,,11008.334,Sri Lanka,2002-12-01,,,8198.521,17102623876.2283,0.038550472880503305,34.2300576403619,,0.013,0.0105042270585318,0.131717916666667,76.388,68.941,0.0483573079551565,0.261175136566162,0.673481521606445,0.0653432130813599,18921000,0.18417999999999998,Asia,594000000.0,438000000.0
0.029485,,1881.171,Tajikistan,2002-12-01,,,2128.862,1221113794.72523,0.044800957601256304,8.54202287010742,,0.0655,0.000554628269910006,0.147165027194375,68.418,60.781,0.00206117376350654,0.411711044311523,0.552002639770508,0.036286494731903096,6404118,0.26428999999999997,Asia,5000000.0,1700000.0
0.013751,,215975.299,Thailand,2002-12-01,,,82256.943,126876918690.024,0.0370010165773102,73.585171098142,,0.0175,0.0753125033488567,0.06875,75.099,67.784,0.27351850354936,0.23414722442627,0.6955694580078131,0.0702833366394043,63797841,0.33779000000000003,Asia,10388000000.0,3888000000.0
0.04011,,161.348,Timor-Leste,2002-12-01,,,,426700000.0,0.061267937416402705,19.3537932330409,,0.076,,,62.547,59.762,,0.497185249328613,0.47760593414306596,0.0252077293395996,899367,0.24978999999999998,Asia,,
0.023152000000000002,,40245.325,Turkmenistan,2002-12-01,,,15810.672,4462028988.72949,0.0334553573474801,63.2719244991113,,0.0631,0.00302132016152841,,68.165,60.302,0.00177667308454403,0.348725967407227,0.606781806945801,0.04449291229248051,4600171,0.46362000000000003,Asia,,
0.0210713259939233,,126914.87,Uzbekistan,2002-12-01,,,53188.093,9687951055.22541,0.0543575614301994,20.7223416135951,,0.0504,0.010819397424873301,,70.474,63.903,0.0073774313205156,0.35732521057128896,0.597878837585449,0.0447959661483765,25271850,0.37127000000000004,Asia,68000000.0,
0.01693,,70806.103,Vietnam,2002-12-01,,,33441.374,37947904054.452,0.0514144502154837,21.8358517617932,,0.0256,0.0185499923592581,0.09061666666666669,78.985,69.452,0.0230459287760497,0.29775440216064497,0.637017021179199,0.0652285766601563,79538700,0.25511,Asia,,
0.017117999999999998,,3751.341,Albania,2002-12-01,,,1974.729,4449373455.56632,0.0650259184117673,88.5256371895788,,0.021,0.0039008127343332,0.153041666666667,78.373,72.096,0.26075531407686503,0.28958179473877,0.635879249572754,0.0745398616790771,3051427,0.43500999999999995,Europe,492000000.0,386000000.0
0.0112,,531.715,Andorra,2002-12-01,,,,1456198796.29382,0.058192301532219305,1485.79012846532,,0.0035,0.112604687170103,,,,0.45771158168036996,,,,71639,0.9164100000000001,Europe,,
0.009699999999999999,,67179.44,Austria,2002-12-01,,,30447.265,207537336721.25,0.101222870712813,2599.38828061709,,0.0044,0.36560000000000004,,81.7,75.8,0.83244725156467,0.16658645629882798,0.677111587524414,0.156302356719971,8081957,0.65806,Europe,12334000000.0,7743000000.0
0.0089,,52390.429,Belarus,2002-12-01,,,25261.813,14594925392.9691,0.0647012421146733,95.8411134962886,,0.009300000000000001,0.0895097131467325,0.36883333333333296,74.1,62.3,0.0469538507881869,0.17242637634277302,0.687409973144531,0.140163688659668,9865000,0.70939,Europe,295000000.0,527000000.0
0.0108,,107531.108,Belgium,2002-12-01,,,56374.642,252795031055.901,0.08461767552676641,2074.92774998364,,0.0044,0.4633,0.07708333333333331,81.2,75.1,0.783615561667706,0.173640422821045,0.65489875793457,0.171460704803467,10332785,0.9723900000000001,Europe,7598000000.0,11270000000.0
0.00914,,22918.75,Bosnia and Herzegovina,2002-12-01,,,4407.248,6651226179.01829,0.07071116595135911,122.044713061586,,0.0073,0.026482679136124402,0.126958333333333,77.417,72.673,0.19211413033578,0.197037181854248,0.6861418151855471,0.116820983886719,3897579,0.39264000000000004,Europe,307000000.0,112000000.0
0.0085,,44634.724,Bulgaria,2002-12-01,,,18861.141,15979194511.3144,0.0758273875524273,153.980891350245,,0.016300000000000002,0.0908,0.0920784166666667,75.4,68.5,0.33003646025506905,0.14768233299255398,0.682692718505859,0.16962480545043898,7868468,0.69524,Europe,1392000000.0,1018000000.0
0.009,,21877.322,Croatia,2002-12-01,,,8244.505,26524896398.1862,0.0627270795417537,374.703353343402,,0.0066,0.1776,0.1284,78.4,71.21,0.522491820108818,0.166571998596191,0.670668411254883,0.16276006698608397,4440000,0.5587599999999999,Europe,3952000000.0,852000000.0
0.012501,,7022.305,Cyprus,2002-12-01,,,2143.148,10557366161.9634,0.0612361310310954,881.669416130661,,0.0048,0.2832,0.0715083333333333,80.381,76.18,0.426515776980172,0.214394264221191,0.681865158081055,0.103742609024048,979877,0.68694,Europe,2178000000.0,582000000.0
0.0091,,120193.259,Czech Republic,2002-12-01,,,42535.483,78425201660.6299,0.06797383088026239,522.305236002824,,0.0050999999999999995,0.23929999999999998,0.0672416666666667,78.5,72.1,0.842972194237948,0.157043075561523,0.703701553344727,0.139255456924438,10196916,0.73809,Europe,3376000000.0,1797000000.0
0.0119,,49266.145,Denmark,2002-12-01,,,19003.754,173880831443.88,0.0933288750867792,3022.91574701388,,0.0044,0.6425,0.071,79.2,74.7,0.834002049545967,0.187168388366699,0.6643134307861329,0.148518695831299,5375931,0.8525,Europe,4791000000.0,5838000000.0
0.0095,,14935.691,Estonia,2002-12-01,,,4712.715,7324390332.48564,0.048462636472358295,256.358880032786,,0.0075,0.4152,0.0670399691780813,77.0,65.1,0.653718926090434,0.167237033843994,0.6738343048095701,0.158928642272949,1379350,0.69116,Europe,737000000.0,305000000.0
,,762.736,Faeroe Islands,2002-12-01,,,,1268445919.41429,,,,,0.532992218313613,,81.6,76.8,0.7274612050009419,,,,47751,0.38022,Europe,,
0.0107,,61077.552,Finland,2002-12-01,,,34819.056,135183512140.034,0.078078285507428,2031.8757825071,,0.0034,0.6243,0.0482096173689469,81.5,74.9,0.86856673869513,0.178323421478271,0.6685999298095701,0.153076610565186,5200598,0.82503,Europe,2235000000.0,2438000000.0
0.0129,,380839.952,France,2002-12-01,,,261181.728,1452031150009.41,0.10560320917051,2496.52049691015,,0.004200000000000001,0.3018,0.066,83.0,75.7,0.642577024085651,0.187113933563232,0.650547180175781,0.162338886260986,61803229,0.7637999999999999,Europe,40537000000.0,27808000000.0
0.0087,,828771.336,Germany,2002-12-01,,,338553.041,2006587615283.27,0.10724322296219899,2610.41051251118,,0.004200000000000001,0.4882,0.09697499999999999,81.2,75.4,0.706552989801298,0.151044807434082,0.676129531860352,0.172825603485107,82488495,0.7317400000000001,Europe,26690000000.0,59496000000.0
0.0094,,93669.848,Greece,2002-12-01,,,28320.709,146049724849.222,0.0909878599846885,1222.67213182384,,0.006,0.1467,0.0741333333333333,81.1,76.3,0.844726790115104,0.1476047706604,0.676390991210938,0.17600425720214802,10983723,0.73303,Europe,10005000000.0,2453000000.0
0.0095,,56094.099,Hungary,2002-12-01,,,25601.284,66389489264.3391,0.07592204523343819,495.335238721731,,0.0086,0.16670000000000001,0.10168876503531701,76.6,68.3,0.677194215009729,0.16294893264770502,0.683363800048828,0.153687267303467,10158608,0.65081,Europe,3774000000.0,2211000000.0
0.0141,,2170.864,Iceland,2002-12-01,,,3284.604,8907207933.02983,0.101524857988819,3155.55438115869,,0.0028,0.7912,0.15366666666666698,82.5,78.6,0.907674023887443,0.227892608642578,0.655573348999023,0.116541023254395,287523,0.9266200000000001,Europe,415000000.0,373000000.0
0.0154,,43761.978,Ireland,2002-12-01,,,14673.383,123016253872.577,0.0703024357146459,2220.51767204768,,0.0054,0.2585,0.0383333333333333,80.4,75.0,0.7622193286118081,0.210705871582031,0.6780103302001951,0.11128351211547899,3931947,0.59649,Europe,4228000000.0,3835000000.0
0.0114,,,Isle of Man,2002-12-01,,,,1897606791.43353,,,,,,,81.5,74.6,,,,,78338,0.51851,Europe,,
0.0094,,452632.478,Italy,2002-12-01,,,172396.217,1225176959595.33,0.0819112156101248,1760.9030413499,,0.0043,0.2804,0.0653650833333333,83.2,77.4,0.942584926119254,0.141990909576416,0.669245071411133,0.18876409530639598,57059007,0.6738200000000001,Europe,28192000000.0,19636000000.0
0.0208,,,Kosovo,2002-12-01,,,1893.584,2702427046.9355,,,,,,,70.3,65.7,,,,,1702310,,Europe,,
0.0087,,6651.938,Latvia,2002-12-01,,,4073.43,9314784080.02692,0.0628927895069089,248.100977590284,,0.0128,0.2194,0.0796833333333333,76.8,65.4,0.39581039856969097,0.16495725631713898,0.676573333740234,0.158469848632813,2310173,0.6785,Europe,201000000.0,267000000.0
0.011699999999999999,,,Liechtenstein,2002-12-01,,,,2688617884.8748,,,,,0.594707106749926,,82.3,77.1,0.337127819993495,,,,33821,0.14906,Europe,,
0.0087,,13212.201,Lithuania,2002-12-01,,,8864.688,14163949141.8999,0.0639606502263567,262.501823694568,,0.0089,0.1769,0.068425,77.6,66.2,0.480959131123536,0.186833000183105,0.668668060302734,0.144499225616455,3443067,0.66828,Europe,556000000.0,334000000.0
0.012,,9416.856,Luxembourg,2002-12-01,,,3645.649,22568793525.3153,0.0826666277479401,4201.72018001725,,0.0034,0.39840000000000003,,81.5,74.6,1.06645863583481,0.189265975952148,0.6681983184814451,0.142542457580566,446175,0.85299,Europe,2547000000.0,1963000000.0
0.011994,,10934.994,"Macedonia, FYR",2002-12-01,,,2527.467,3791306757.66238,0.09322730896421691,170.023339974454,,0.0129,0.17329999999999998,0.183633333333333,76.237,71.181,0.176117807158651,0.21343967437744102,0.681018142700195,0.105542163848877,2074441,0.5813,Europe,55000000.0,60000000.0
0.0099,,2299.209,Malta,2002-12-01,,,733.897,4296164768.28161,0.0794071199747327,838.738579877709,,0.0064,0.2892,0.0603833333333333,81.3,76.3,0.674454862811303,0.192982578277588,0.6899533081054691,0.11705680847168001,395969,0.92905,Europe,757000000.0,180000000.0
0.011555999999999999,,3986.029,Moldova,2002-12-01,,,3095.612,1661818168.4226,0.0806563809611633,36.9538928242,,0.0225,0.0378724279887342,0.235216666666667,71.38,63.445,0.0852158204502852,0.218627433776855,0.676015090942383,0.105357217788696,3623062,0.45604999999999996,Europe,72000000.0,109000000.0
,,,Monaco,2002-12-01,,,,2905973022.1746,0.0339768909402862,2984.8361798199,,0.004,0.480471171729696,,,,0.45551710409457,,,,32653,1.0,Europe,,
0.013114,,,Montenegro,2002-12-01,,,,1284504508.58333,0.08573058327205879,180.056487333446,,0.0114,,,76.608,70.713,,0.207375164031982,0.6713689422607421,0.12125913619995099,612325,0.60568,Europe,,
0.0125,,172363.668,Netherlands,2002-12-01,,,75705.893,437807265198.57,0.0886989643475906,2411.31270627409,,0.004900000000000001,0.6129,0.0395833333333333,80.7,76.0,0.7542527387477961,0.18590440750122098,0.677095489501953,0.137000160217285,16148929,0.79113,Europe,11745000000.0,14201000000.0
0.012199999999999999,,37429.069,Norway,2002-12-01,,,24911.954,191927027230.141,0.10413970568561,4417.98908292614,,0.0036,0.7284,0.08710000000000001,81.6,76.5,0.8354187575096761,0.19967191696167,0.651057891845703,0.149270372390747,4538159,0.76999,Europe,2581000000.0,5610000000.0
0.009300000000000001,,296931.658,Poland,2002-12-01,,,88855.084,198179425151.286,0.0633669355337395,328.381312864297,,0.0073,0.2115,0.120318966908948,78.8,70.4,0.36306876701631197,0.180377597808838,0.6922211456298829,0.127401285171509,38230364,0.61787,Europe,4971000000.0,3440000000.0
0.011,,66820.074,Portugal,2002-12-01,,,25823.772,132285714285.714,0.0929481712609236,1190.42395946568,,0.0047,0.1937,,80.6,73.7,0.8340042883403891,0.15862886428833,0.675185546875,0.166185989379883,10419631,0.5566599999999999,Europe,6595000000.0,2631000000.0
0.009699999999999999,,92173.712,Romania,2002-12-01,,,38139.846,45988510813.5033,0.0459076446773716,96.868253604886,,0.0216,0.0658,0.35424999999999995,74.8,67.4,0.229693984115824,0.17358425140380898,0.6864409637451171,0.139974699020386,21730496,0.5278,Europe,400000000.0,448000000.0
0.009800000000000001,,1557664.593,Russian Federation,2002-12-01,,,623097.624,345110438693.573,0.059830839381434096,142.047340682933,,0.0177,0.041282718179664404,0.157,72.0,58.5,0.121005068876299,0.16815065383911101,0.70194221496582,0.129907178878784,145408033,0.7334099999999999,Europe,5278000000.0,11362000000.0
,,,San Marino,2002-12-01,,,,879957209.923907,0.0652282834110356,2894.32773477614,,0.0043,0.5083483994469851,0.0795,84.5,77.9,0.597170752565564,,,,28064,0.9392499999999999,Europe,,
0.0104,,,Serbia,2002-12-01,,,15890.993,15102567924.9297,0.0887407524362538,178.694642617789,,0.01,,0.19714621147515998,75.0,69.7,,0.193041000366211,0.6722315216064451,0.134727458953857,7500031,0.5372399999999999,Europe,77000000.0,105000000.0
0.0095,,39251.568,Slovak Republic,2002-12-01,,,18732.514,34638306041.7843,0.0562930118701215,256.018382775871,,0.0094,0.4014,0.1025,77.6,69.8,0.542581700929469,0.184551429748535,0.7004508209228519,0.114997587203979,5376912,0.56013,Europe,742000000.0,506000000.0
0.0088,,15419.735,Slovenia,2002-12-01,,,6830.174,23136352386.3753,0.0862002957572204,1000.15250820029,,0.0040999999999999995,0.278388854180687,0.131708333333333,79.9,72.3,0.8377681411393451,0.150671577453613,0.702183837890625,0.147143096923828,1994530,0.50777,Europe,1152000000.0,647000000.0
0.0101,,314518.59,Spain,2002-12-01,,,128757.002,686295878035.008,0.0725041069141511,1214.75722140254,,0.0052,0.2039,0.043058333333333296,83.0,76.3,0.810970795326103,0.145143489837646,0.685675277709961,0.169181251525879,41431558,0.7653300000000001,Europe,35468000000.0,9366000000.0
0.0107,,57425.22,Sweden,2002-12-01,,,51783.589,250960758336.671,0.0922815647213367,2599.46920668053,,0.0033,0.7056999999999999,0.0564,82.1,77.7,0.8920279254453629,0.18063694000244102,0.647319259643555,0.17204401016235402,8924958,0.8413299999999999,Europe,5671000000.0,8221000000.0
0.0099,,40718.368,Switzerland,2002-12-01,,,25888.395,286658255888.618,0.106065713621925,4190.44575102212,,0.0046,0.614,0.0393166666666667,83.1,77.8,0.792141722908382,0.170560817718506,0.674557037353516,0.154882183074951,7284753,0.7336,Europe,9117000000.0,7210000000.0
0.020591,,205678.363,Turkey,2002-12-01,,,74247.891,232534560441.697,0.053567133393689306,180.017821358713,,0.0303,0.11380000000000001,,74.702,67.617,0.358694140318014,0.297310199737549,0.6401511383056641,0.0625386667251587,65022300,0.6595300000000001,Europe,11901000000.0,1880000000.0
0.0087,,318684.302,Ukraine,2002-12-01,,,135601.33,42392896031.2394,0.0625127679072672,54.980689426684,,0.0143,0.0187388511643427,0.25349458333333297,74.13,62.7,0.0766112321149173,0.162249717712402,0.692499694824219,0.145250597000122,48202500,0.67283,Europe,1001000000.0,794000000.0
0.011300000000000001,,531938.687,United Kingdom,2002-12-01,,,218305.832,1620900779376.5,0.07634967550970939,2064.95632563068,,0.0053,0.5648,0.04,80.5,75.9,0.828308860268175,0.185684070587158,0.655971984863281,0.158343992233276,59370479,0.79047,Europe,27819000000.0,51125000000.0
0.020265000000000002,,15698.427,Bahrain,2002-12-01,,,6433.173,9632411109.08315,0.0389411557041057,509.985275548093,,0.010199999999999999,0.18050720888115301,0.0840653404539386,75.833,74.129,0.531014646279184,0.301030254364014,0.675114440917969,0.023856685161590598,732541,0.8837,Middle East,985000000.0,550000000.0
0.017976,,402178.225,"Iran, Islamic Rep.",2002-12-01,,,138010.959,116420833373.676,0.0511947344851891,101.81537675246,,0.0257,0.046261751149220494,,71.611,69.249,0.033651775206543805,0.308188095092773,0.6468051910400391,0.0450067281723022,67727274,0.65468,Middle East,1607000000.0,3990000000.0
0.035317999999999995,,87259.932,Iraq,2002-12-01,,,27981.009,,0.013742275059217901,9.49628787735688,,0.0346,0.005,,72.697,68.273,0.000792447437060556,0.423982963562012,0.540991554260254,0.0350254249572754,25238267,0.68604,Middle East,45000000.0,26000000.0
0.0212,,63145.74,Israel,2002-12-01,,,18808.568,112974376292.794,0.0778785567825234,1334.23561590234,,0.0052,0.177645990630493,0.0987292415,81.5,77.5,1.00978528786377,0.279980564117432,0.619883651733398,0.100135631561279,6570000,0.9133,Middle East,2426000000.0,3322000000.0
0.030546,,16886.535,Jordan,2002-12-01,,,5060.467,9580161951.38579,0.09683344101413009,189.253820194561,,0.0221,0.0602553241191204,0.10179166666666699,73.645,70.692,0.248746373119662,0.38953907012939504,0.579019393920898,0.0314417338371277,5038000,0.80364,Middle East,1254000000.0,504000000.0
0.022383,,52753.462,Kuwait,2002-12-01,,,20639.242,38138801497.2459,0.0355133411026747,661.218783089704,,0.0106,0.102489679289296,0.0648220833333333,74.438,72.628,0.599053232251034,0.256364517211914,0.709981079101563,0.0336548781394959,2048232,0.98142,Middle East,320000000.0,3412000000.0
0.016698,,16039.458,Lebanon,2002-12-01,,,5220.299,19152238805.9702,0.100464611064046,545.564226133438,,0.0152,0.07,0.165825,77.217,73.711,0.22047534363938598,0.28413040161132797,0.6434572601318359,0.0724131631851196,3515604,0.8623099999999999,Middle East,4284000000.0,2683000000.0
0.022524000000000002,,25470.982,Oman,2002-12-01,,,8817.519,20049414986.065,0.031941767913558496,278.070209996306,,0.0126,0.0687339603918545,0.08549,75.342,71.186,0.20057104265318698,0.366439399719238,0.609323577880859,0.0242374730110168,2308409,0.71529,Middle East,539000000.0,702000000.0
0.018166,,28481.589,Qatar,2002-12-01,,,13710.543,19363735705.6768,0.027099737164604697,833.283836618252,,0.0099,0.102261289281118,,77.918,76.276,0.423509515756378,0.268205375671387,0.715516586303711,0.0162748408317566,629745,0.9669199999999999,Middle East,285000000.0,423000000.0
0.02529,,326407.004,Saudi Arabia,2002-12-01,,,116953.313,188551196398.933,0.042729367290313396,375.373786378329,,0.0181,0.0638470501955932,,75.004,71.425,0.229457741474002,0.367636337280273,0.598280181884766,0.0340833258628845,21825217,0.80304,Middle East,,7370000000.0
0.029113,,39068.218,Syrian Arab Republic,2002-12-01,,,16735.357,21582248881.6592,0.049424681332246895,57.2821823673682,,0.0182,0.0209310101861765,0.09,75.621,72.261,0.023536782931313296,0.39980728149414096,0.566515655517578,0.0336770176887512,16994676,0.5268200000000001,Middle East,970000000.0,760000000.0
0.016274,,84704.033,United Arab Emirates,2002-12-01,,,40578.236,109816204634.494,0.0271758720327991,916.939131843072,,0.0091,0.283164853110439,,75.951,73.878,0.753131000949451,0.24325698852539102,0.746367568969727,0.0103757202625275,3223969,0.8106699999999999,Middle East,1332000000.0,3651000000.0
0.037755000000000004,,15764.433,"Yemen, Rep.",2002-12-01,,,5100.266,10693278291.8149,0.0421928719901611,27.4397192427111,,0.0638,0.005187960321234349,0.177083333333333,62.311,59.564,0.026233907395520298,0.475523338317871,0.496873817443848,0.027602832317352298,18551068,0.27315,Middle East,38000000.0,135000000.0
,,,American Samoa,2002-12-01,,,,,,,,,,,,,0.034667711011595596,,,,58729,0.8839400000000001,Oceania,,
0.0128,,341001.664,Australia,2002-12-01,,,109461.303,394442235244.872,0.0839002978277915,1846.88092011379,,0.005,,0.081625,82.6,77.4,0.6426700989747459,0.203631267547607,0.670273361206055,0.126095371246338,19651400,0.87541,Oceania,13624000000.0,8494000000.0
0.024147,,836.076,Fiji,2002-12-01,,,,1842691481.09196,0.0348152216323364,78.6041168680465,,0.02,0.061526497001198506,0.080525,70.63,65.431,0.11013957955838799,0.33379154205322303,0.629373588562012,0.0368348908424377,816237,0.48692,Oceania,384000000.0,79000000.0
0.019164,,737.067,French Polynesia,2002-12-01,,,,,,,,,0.0820021648571522,,75.94,70.498,0.213237454699794,0.30263801574707,0.652118911743164,0.0452430725097656,245032,0.55926,Oceania,471000000.0,264000000.0
0.020956,,,Guam,2002-12-01,,,,,,,,,0.311922942556271,,78.312,73.405,0.448356344719253,0.30181058883667,0.640513610839844,0.057663078308105506,157241,0.9333400000000001,Oceania,,
0.026911,,40.337,Kiribati,2002-12-01,,,,72259045.9632728,0.0875865592308893,75.7202008197017,,0.0516,0.025,,68.212,62.513,0.0057692980104663205,0.389013862609863,0.576382026672363,0.0346041321754456,85799,0.43492,Oceania,,
,,84.341,Marshall Islands,2002-12-01,,,,124735071.905407,0.18182655545247703,418.016023006135,,0.033299999999999996,0.0233544457522934,,,,0.010582619198251599,,,,52161,0.68987,Oceania,3400000.0,300000.0
0.028453,,146.68,"Micronesia, Fed. Sts.",2002-12-01,,,,241543395.823377,0.0787478288753322,177.799756963918,,0.04,0.0557009970478472,0.15275,68.145,66.893,0.0009347279474309,0.395371208190918,0.566005821228027,0.0386229586601257,106983,0.22329999999999997,Oceania,17000000.0,5000000.0
0.0189,,2427.554,New Caledonia,2002-12-01,,,,,,,,,0.22389797417113003,,79.2,71.2,0.367444424030865,0.280980167388916,0.657123794555664,0.061896014213562,221490,0.62561,Oceania,156000000.0,104000000.0
0.01367,,33201.018,New Zealand,2002-12-01,,,17119.289,66021205382.2268,0.0803921054653143,1244.18121038606,,0.0058,0.590807532812931,0.0717585350727611,81.1,76.7,0.618131989478884,0.223173408508301,0.6586000823974609,0.118226518630981,3948500,0.8590000000000001,Oceania,3159000000.0,1386000000.0
0.03408,,3512.986,Papua New Guinea,2002-12-01,,,,2999542369.42117,0.046190421742524995,24.4181978191223,,0.0573,0.013216569348661,0.138891666666667,61.648,57.457,0.0026500516671739997,0.401595726013184,0.573039588928223,0.0253645277023315,5660267,0.13164,Oceania,2800000.0,60000000.0
0.029991,,143.013,Samoa,2002-12-01,,,,256677700.108988,0.0552902892940771,82.6528563971383,,0.0175,0.0224483267578443,0.11445833333333301,73.408,67.005,0.015289480837184,0.40361965179443404,0.550143852233887,0.046236524581909196,176592,0.21941,Oceania,45000000.0,
0.035226999999999994,,172.349,Solomon Islands,2002-12-01,,,,341663053.747468,0.060901805867759604,47.8474452268491,,0.0287,0.005019198434010091,0.146247577254736,65.559,62.637,0.00229718543046358,0.416146965026855,0.555086479187012,0.0287665557861328,434880,0.16597,Oceania,800000.0,8500000.0
0.028519,,146.68,Tonga,2002-12-01,,,,181801946.956512,0.0502974086447823,92.2912752765473,,0.0146,0.029072973162638197,0.11397413937453199,73.36,68.824,0.033850408243593796,0.381851577758789,0.559359321594238,0.0587991905212402,99083,0.23068999999999998,Oceania,5900000.0,3200000.0
0.031222,,84.341,Vanuatu,2002-12-01,,,,262603781.799059,0.0384708770092742,52.0872338139646,,0.018699999999999998,0.0351003871071264,0.07408333333333329,70.129,66.558,0.0252642433616912,0.40754318237304704,0.55979377746582,0.0326682138442993,193950,0.22235,Oceania,72000000.0,11000000.0
0.019724,,363.033,Antigua and Barbuda,2002-12-01,,,,806505874.275111,0.0431415224468382,432.616981039518,,0.0124,0.125,0.11387913378311999,76.338,71.409,0.47738348119455204,0.289966259002686,0.639610137939453,0.0704110956192017,80030,0.31099,The Americas,274000000.0,33000000.0
0.018177,,123266.205,Argentina,2002-12-01,,,55386.173,123607470068.633,0.08313925816913009,225.464577314019,,0.0171,0.10882124377532501,0.5167878,77.99,70.51,0.174519490973966,0.27314489364624,0.626290893554688,0.100564117431641,37627545,0.89519,The Americas,1716000000.0,2744000000.0
0.013387,,2255.205,Aruba,2002-12-01,,,,1941094972.06704,,,,,0.188,0.130833333333333,76.375,71.475,0.650560555818727,0.225180263519287,0.6954787445068359,0.079351544380188,94995,0.45972,The Americas,835000000.0,172000000.0
0.016184,,1576.81,"Bahamas, The",2002-12-01,,,,6957996000.0,0.0525568410789543,1183.31054232462,,0.0128,0.18,0.06,76.001,69.832,0.39399234400836103,0.278628273010254,0.664265670776367,0.0571060609817505,309039,0.8211799999999999,The Americas,1773000000.0,338000000.0
0.013262000000000001,,1228.445,Barbados,2002-12-01,,,,3168600000.0,0.0737332434457508,677.369174117909,,0.015099999999999999,0.27836322424146,0.085,75.806,71.112,0.360609815823452,0.21402175903320297,0.6723890686035161,0.11359656333923301,269524,0.33472,The Americas,666000000.0,146000000.0
0.028052,,359.366,Belize,2002-12-01,,,,932676403.181055,0.043789429795665295,162.216975334631,,0.02,0.0568425121358763,0.148341666666667,74.667,67.775,0.205464598079169,0.392805213928223,0.5651795578002929,0.0420152044296265,251766,0.47121999999999997,The Americas,121000000.0,48000000.0
0.0132,,524.381,Bermuda,2002-12-01,,,,3937228000.0,,,,,0.520315973700393,,80.7,75.6,0.473238370167053,,,,62912,1.0,The Americas,378000000.0,243000000.0
0.030420000000000003,,9567.203,Bolivia,2002-12-01,,,3527.022,7905485216.17852,0.0652937184523456,58.3691159592069,,0.0515,0.0311719294696997,0.20632456742748398,65.809,61.636,0.115717799250284,0.39307727813720705,0.564198303222656,0.0427246475219727,8843350,0.62791,The Americas,143000000.0,114000000.0
0.019954,,332266.87,Brazil,2002-12-01,,,195758.657,504221228974.035,0.07194522750371829,202.945731139349,,0.0251,0.0914942508560748,0.62875,74.752,67.172,0.19443799184819,0.287167510986328,0.655351867675781,0.057480597496032695,179393768,0.8188,The Americas,2142000000.0,2929000000.0
0.0107,,519162.859,Canada,2002-12-01,,,248219.608,752531702032.754,0.0959787375369176,2254.0644242933,,0.0053,0.615932992681952,0.042083333333333306,82.1,77.2,0.379494194844825,0.185771865844727,0.6867067718505859,0.127521333694458,31362000,0.79888,The Americas,12744000000.0,14257000000.0
,,469.376,Cayman Islands,2002-12-01,,,,,,,,,,,,,0.42465692190782695,,,,44742,1.0,The Americas,607000000.0,
0.01589,,55360.699,Chile,2002-12-01,,,25567.672,70984568428.5785,0.07499521783157409,330.713527610537,,0.0083,0.221,0.0775807289652374,80.548,74.522,0.394721787421896,0.266852874755859,0.6578114318847661,0.0753354644775391,15819522,0.8664799999999999,The Americas,1221000000.0,932000000.0
0.022170000000000002,,55661.393,Colombia,2002-12-01,,,25204.776,97933392356.4253,0.0566898945471888,134.740679947393,,0.02,0.046,0.163267983308288,75.306,67.909,0.11152368247283899,0.32014701843261695,0.631326370239258,0.0485266208648682,41216304,0.7268300000000001,The Americas,1237000000.0,1355000000.0
0.01902,,6325.575,Costa Rica,2002-12-01,,,3073.404,16844378578.178,0.08030357513114421,331.862887421091,,0.01,0.198948511346293,0.264166666666667,80.476,75.728,0.12274001915072401,0.300424785614014,0.6435595703125,0.0560158681869507,4093840,0.61751,The Americas,1292000000.0,430000000.0
0.012496,,26090.705,Cuba,2002-12-01,,,11729.419,33590400000.0,0.0649530818329046,194.796614406628,,0.006,0.0377058503769014,,79.05,75.188,0.0015921156783393002,0.20861343383789102,0.6887971496582029,0.102589473724365,11212125,0.7578499999999999,The Americas,1769000000.0,
,,,Curacao,2002-12-01,,,,,,,,,,,,,,0.23394548416137698,0.655602874755859,0.110443868637085,128804,0.9089400000000001,The Americas,217000000.0,137000000.0
0.0154,,102.676,Dominica,2002-12-01,,,,326998081.262043,0.0505156426699449,236.621093231894,,0.013099999999999999,0.184248927671241,0.109728957217648,78.8,74.5,0.17438329083459903,,,,69806,0.65689,The Americas,46000000.0,9000000.0
0.024436,,21499.621,Dominican Republic,2002-12-01,,,7475.618,26570402718.796,0.0630329342098764,175.745507186231,,0.0315,0.068237257325842,0.26055,74.227,68.021,0.190325609962597,0.341752281188965,0.604476585388184,0.0537714576721191,8935261,0.63361,The Americas,2730000000.0,429000000.0
0.024649,,24689.911,Ecuador,2002-12-01,,,9176.964,28548945000.0,0.04807397480572399,105.330548690564,,0.0263,0.042607969151976406,0.158130123477368,76.99,71.134,0.119789415858323,0.337825889587402,0.6091331481933591,0.0530412006378174,13030041,0.6111800000000001,The Americas,449000000.0,507000000.0
0.022708,,6039.549,El Salvador,2002-12-01,,,4231.668,14306700000.0,0.0772882635408585,184.035111370752,,0.024,0.019,,74.826,65.31,0.147931497519768,0.37429241180419903,0.567711906433105,0.0579958629608154,6008308,0.60014,The Americas,521000000.0,266000000.0
0.0169,,539.049,Greenland,2002-12-01,,,,1169136691.35372,,,,,0.44154789028418,,70.99,65.47,0.352425089326777,,,,56609,0.82095,The Americas,,
0.018888000000000002,,205.352,Grenada,2002-12-01,,,,544381961.645127,0.0662395055243653,353.179163492582,,0.0132,0.147588405454867,0.113092285846433,73.108,68.418,0.073977218190188,0.330287284851074,0.592376022338867,0.0773464965820313,102099,0.36058,The Americas,91000000.0,8000000.0
0.035911,,11096.342,Guatemala,2002-12-01,,,7248.341,20776536919.9593,0.0623881585262894,110.168226358403,,0.037200000000000004,0.0339174627024502,0.16864166666666702,72.264,65.2,0.13404046562994998,0.437523765563965,0.52084358215332,0.0416324949264526,11765738,0.45937,The Americas,647000000.0,329000000.0
0.021946,,1580.477,Guyana,2002-12-01,,,,722460911.622513,0.057951166929809006,55.776416362533,,0.0373,,0.16325,67.448,60.373,0.105777954222392,0.357889175415039,0.5999208831787111,0.0421926164627075,750629,0.28518,The Americas,53000000.0,44000000.0
0.030028,,1826.166,Haiti,2002-12-01,,,2309.174,3214632478.63248,0.0546628152898073,19.8335324937069,,0.0706,0.00893432988337908,0.341666666666667,59.806,56.302,0.0158020053873551,0.39379093170166,0.565773544311523,0.0404356384277344,8859635,0.38935000000000003,The Americas,108000000.0,172000000.0
0.030349,,6090.887,Honduras,2002-12-01,,,3379.76,7776459963.87718,0.07282825504719309,88.1232736654558,,0.0288,0.025974025974026,0.226914278141648,73.368,68.531,0.0502644708481679,0.414355964660645,0.545449295043945,0.0401944255828857,6495801,0.46593,The Americas,305000000.0,221000000.0
0.01815,,10300.603,Jamaica,2002-12-01,,,3586.147,9718989516.70522,0.048557595654149396,179.665642038743,,0.0193,0.061,0.185016666666667,73.769,67.925,0.473966732604515,0.320888137817383,0.603544502258301,0.0755681228637695,2615253,0.52251,The Americas,1482000000.0,274000000.0
0.023111999999999997,,391250.565,Mexico,2002-12-01,,,150842.754,741559499084.745,0.0561936697307847,396.491592344021,,0.0193,0.11900000000000001,0.08210833333333341,77.246,72.374,0.24294768148930002,0.33391391754150396,0.6154037475585941,0.0506823205947876,106723661,0.7536499999999999,The Americas,9547000000.0,7087000000.0
0.026598,,4037.367,Nicaragua,2002-12-01,,,2636.373,5224213018.8925,0.057145516424856,56.8749241140264,,0.0298,0.0171472958428668,0.18295185397416097,73.535,67.783,0.045202347226686396,0.396689224243164,0.564796333312988,0.0385146307945251,5248577,0.55216,The Americas,135000000.0,125000000.0
0.023284,,5870.867,Panama,2002-12-01,,,2624.813,12272400000.0,0.0802939930249992,310.025326810238,,0.0209,0.0851807781515595,0.105825,78.165,72.935,0.165440702229074,0.315597858428955,0.6270572280883789,0.057344617843627904,3178450,0.6278900000000001,The Americas,710000000.0,252000000.0
0.027094,,3898.021,Paraguay,2002-12-01,,,3885.031,6325151760.0669,0.0699826534905252,79.4510214140849,,0.0261,0.0179496959770244,0.38655463363423004,72.797,68.537,0.299211450826018,0.372350730895996,0.582296180725098,0.0453527498245239,5571371,0.5660000000000001,The Americas,76000000.0,117000000.0
0.023234,,27187.138,Peru,2002-12-01,,,11873.319,53992755100.4998,0.0481392692349739,102.249327196462,,0.0264,0.0896694917040028,0.207653572885806,74.079,68.784,0.0863056810257005,0.332570953369141,0.616920585632324,0.0505084419250488,26729909,0.7384999999999999,The Americas,836000000.0,806000000.0
0.013699999999999999,,,Puerto Rico,2002-12-01,,,,72546194000.0,,,,,0.175476475654777,,82.15,73.58,0.43400528311910597,0.230040988922119,0.6533469390869141,0.11661178588867199,3823701,0.9427800000000001,The Americas,2486000000.0,1319000000.0
,,,Sint Maarten (Dutch part),2002-12-01,,,,,,,,,,,,,,,,,32566,1.0,The Americas,489000000.0,140000000.0
0.0173,,198.018,St. Kitts and Nevis,2002-12-01,,,,478067954.111618,0.036704357473587204,373.527160230761,,0.0121,0.21152381758186,0.108931185762886,74.0,68.8,0.10653257766224901,,,,46934,0.32427,The Americas,57000000.0,8000000.0
0.018358,,326.363,St. Lucia,2002-12-01,,,,723027643.082723,0.0640602169316908,289.08568519212,,0.0149,0.146418357746777,0.125874972528272,73.932,70.02,0.089335089285157,0.30786994934082,0.618648452758789,0.07348783016204831,160217,0.26329,The Americas,210000000.0,34000000.0
0.0173,,,St. Martin (French part),2002-12-01,,,,,,,,,,,80.7,74.2,,,,,27450,,The Americas,,
0.018948,,187.017,St. Vincent and the Grenadines,2002-12-01,,,,462641609.607232,0.0392509483030224,167.906816664098,,0.019399999999999997,0.055495948795737896,0.115626385220607,73.219,68.357,0.0922977346278317,0.30220989227294903,0.6269902801513669,0.0707998132705688,108150,0.45909999999999995,The Americas,91000000.0,10000000.0
0.021595,,2251.538,Suriname,2002-12-01,,,,1078402127.65957,0.07142166601887351,160.649745677473,,0.0285,0.041615687449541,0.22183333333333302,71.694,64.763,0.22570969737491597,0.302635498046875,0.638545379638672,0.0588191175460815,480099,0.6659099999999999,The Americas,17000000.0,54000000.0
0.014811999999999999,,26890.111,Trinidad and Tobago,2002-12-01,,,12540.254,9008273516.35786,0.0499769053117783,352.351723237648,,0.025,0.219986754804449,0.124791666666667,72.522,65.105,0.205656468577305,0.237785491943359,0.694436874389648,0.06777681827545169,1277723,0.10419,The Americas,402000000.0,208000000.0
,,99.009,Turks and Caicos Islands,2002-12-01,,,,,,,,,,,,,,,,,21740,0.86007,The Americas,292000000.0,
0.014,,5650949.676,United States,2002-12-01,,,2255957.295,10980200000000.0,0.150901570994992,5578.34918093147,,0.006900000000000001,0.587854038836952,0.04675,79.5,74.3,0.48851038222537096,0.210272312164307,0.6667392730712891,0.12298837661743199,287625193,0.7940900000000001,The Americas,104427000000.0,81860000000.0
0.016014,,4620.42,Uruguay,2002-12-01,,,2538.084,13606494599.021,0.109724588634492,448.675992046658,,0.013699999999999999,0.114194701966853,1.1837994083333299,78.861,71.491,0.15432847483095402,0.243073177337646,0.624043579101563,0.132884149551392,3327500,0.92569,The Americas,409000000.0,243000000.0
0.022987999999999998,,193261.901,"Venezuela, RB",2002-12-01,,,57514.559,92889586976.1833,0.0565358912744997,207.297480179251,,0.0172,0.049104463272032495,0.365775,75.748,69.846,0.258229715435085,0.327364120483398,0.6254397583007809,0.0471960544586182,25333622,0.88438,The Americas,484000000.0,1546000000.0
0.015099999999999999,,,Virgin Islands (U.S.),2002-12-01,,,,,,,,,0.274944323774436,,81.2,75.0,0.416428400140193,0.245715808868408,0.661793746948242,0.09250889778137211,108208,0.93036,The Americas,1195000000.0,
0.019752,,92533.078,Algeria,2003-12-01,25.0,,30697.521,67863832648.2897,0.036010267352113504,74.0466870747245,,0.0313,0.0219535973086144,0.08125,71.114,67.936,0.043841699905119,0.306965560913086,0.650946273803711,0.0420881271362305,33003442,0.62284,Africa,112000000.0,255000000.0
0.049798999999999996,,9064.824,Angola,2003-12-01,119.0,,9003.654,14188949239.8095,0.0493052306531915,44.621892265134,,0.1245,0.00370682065225727,0.96115,48.793,46.06,0.022696212812660602,0.477079963684082,0.49830188751220705,0.0246179986000061,15421075,0.34645000000000004,Africa,63000000.0,49000000.0
0.04145,,2321.211,Benin,2003-12-01,32.0,,2385.508,3557229701.87707,0.0463057858292624,21.4884084751464,,0.0818,0.00951327114915695,,57.906,54.591,0.0308093957992773,0.44946872711181596,0.522274131774902,0.0282569813728333,7665681,0.39297,Africa,108000000.0,53000000.0
0.026022,,4264.721,Botswana,2003-12-01,107.0,,1906.828,7511538764.70587,0.0430510913305559,189.974174770841,,0.051,0.033451901740614,0.16399999999999998,48.46,47.065,0.242812132694388,0.36653839111328096,0.6024816131591799,0.030977811813354503,1832602,0.5460699999999999,Africa,459000000.0,235000000.0
0.045499000000000005,,1078.098,Burkina Faso,2003-12-01,40.0,,,4205691121.78985,0.055234201127847105,18.6325706899713,,0.09140000000000001,0.00373440303233526,,52.723,50.76,0.0188081509202165,0.46612884521484405,0.507565956115723,0.026305217742919898,12659086,0.19996,Africa,38000000.0,50000000.0
0.042781,,165.015,Burundi,2003-12-01,13.0,,,784654423.603171,0.0716128189802693,5.87033327980352,,0.08220000000000001,0.00201273196735924,0.18230833333333302,50.44,47.935,0.00881016031738602,0.468308219909668,0.503616828918457,0.0280749535560608,7264340,0.08907999999999999,Africa,1200000.0,15000000.0
0.040787,,3795.345,Cameroon,2003-12-01,45.0,,6765.839,13621809574.3326,0.049253548069448004,38.9543950204065,,0.0836,0.00587622611130454,0.18,52.561,50.761,0.062531654109726,0.446915473937988,0.519644317626953,0.0334400939941406,17223277,0.47338,Africa,266000000.0,272000000.0
0.038221,,234.688,Central African Republic,2003-12-01,22.0,,,1139754771.91102,0.043685155086025,12.9967080970203,,0.112,0.00151563337940017,0.18,45.803,42.72,0.010444856900238,0.420991706848145,0.539248123168945,0.0397599148750305,3829636,0.37884,Africa,4000000.0,31000000.0
0.050332,,381.368,Chad,2003-12-01,64.0,,,2736666450.54794,0.0577984393406369,16.9875419910515,,0.1027,0.00320308555366775,0.18,47.894,46.389,0.00698081478781438,0.49207160949707,0.48057098388671904,0.0273572754859924,9311234,0.21735,Africa,,
0.039421,,99.009,Comoros,2003-12-01,,,,324470868.885287,0.0361136204505186,20.5399179759219,,0.0721,0.008481893701515369,0.118333333333333,60.089,57.149,0.0035057520626968703,0.413575325012207,0.556050834655762,0.0303703308105469,570491,0.27947,Africa,16000000.0,8000000.0
0.046640999999999995,,1697.821,"Congo, Dem. Rep.",2003-12-01,166.0,,18503.283,8937565919.14202,0.0508490872107369,5.65641980600109,,0.11059999999999999,0.0013491483743733501,,48.823,45.911,0.024449052478930602,0.463810043334961,0.508016815185547,0.0281731128692627,50972323,0.36526000000000003,Africa,,
0.039306,,1085.432,"Congo, Rep.",2003-12-01,37.0,,999.168,3495868724.65945,0.026105074660680197,27.1330711186311,,0.0699,0.00460014186837522,0.18,54.149,52.001,0.09811447759392379,0.420683975219727,0.5437953186035159,0.0355210089683533,3363418,0.60076,Africa,30000000.0,118000000.0
0.037242,,5460.163,Cote d'Ivoire,2003-12-01,62.0,,6578.041,13737482343.3822,0.051379420317338005,41.7405269984499,,0.0935,0.0075866962945220495,,47.284,45.681,0.07573690547866291,0.422364883422852,0.5484494018554691,0.0291857361793518,16909801,0.45513,Africa,76000000.0,551000000.0
0.029213,,407.037,Djibouti,2003-12-01,,,,622044665.515049,0.0622108560156012,50.0750828028053,,0.0746,0.006259402293998881,0.113,58.914,55.98,0.0304601468708821,0.389634284973145,0.578145523071289,0.0322241878509521,755085,0.7667,Africa,6900000.0,9900000.0
0.024378,,147963.45,"Egypt, Arab Rep.",2003-12-01,37.0,,48970.616,82923680621.5433,0.0561673008733892,56.0560772276126,,0.0293,0.040378851070670095,0.135333333333333,71.544,66.787,0.08349882145209939,0.335343856811523,0.61037841796875,0.0542776966094971,69432477,0.42935,Africa,4704000000.0,1465000000.0
0.038415,,6017.547,Equatorial Guinea,2003-12-01,,,,2484745875.85448,0.0195035039917524,101.277552995309,,0.0916,0.00520524272046806,0.18,49.473,46.97,0.0729924439629093,0.414586524963379,0.551270599365234,0.034144635200500505,568552,0.38802,Africa,,
0.040012,,726.066,Eritrea,2003-12-01,,,804.279,870247701.706937,0.0322927879440258,6.28330129995586,,0.0514,,,59.899,55.466,,0.446161270141602,0.534798736572266,0.0190402173995972,4472533,0.18315,Africa,74000000.0,
0.04077,,4946.783,Ethiopia,2003-12-01,46.0,,27648.292,8465744000.66553,0.0491036660425832,5.82435707329847,,0.0787,0.00105811658802603,0.07,55.497,53.763,0.000712935659404226,0.464803047180176,0.504376487731934,0.0308204364776611,71989666,0.1531,Africa,336000000.0,63000000.0
0.033323,,1334.788,Gabon,2003-12-01,,,1592.81,6054883172.03912,0.0378400418432724,174.124905068876,,0.052700000000000004,0.0265958659385985,0.18,60.585,58.436,0.227994710522716,0.39945053100585903,0.543095550537109,0.0574546670913696,1315820,0.8223,Africa,84000000.0,239000000.0
0.044687,,315.362,"Gambia, The",2003-12-01,,,,487038678.244965,0.042190480454808006,15.2374000497956,,0.0594,0.02436781193062,0.293333333333333,57.45,54.896,0.110711669143405,0.459114532470703,0.51492790222168,0.0259575486183167,1348548,0.50592,Africa,58000000.0,8000000.0
0.034189,,7631.027,Ghana,2003-12-01,22.0,,8225.622,7632720680.28119,0.0484923769266465,18.2314263847121,,0.0601,0.0119305791098328,,58.599,57.013,0.0391853661809172,0.406873779296875,0.56076057434082,0.0323655867576599,20301686,0.45951000000000003,Africa,441000000.0,216000000.0
0.040873,,1342.122,Guinea,2003-12-01,40.0,,,3446442218.89829,0.0489423743893538,18.3253384884369,,0.0917,0.004509603708427509,,51.853,51.65,0.0121135334677374,0.43828784942627,0.528572235107422,0.033139910697937,9204581,0.3206,Africa,,36000000.0
0.040722,,194.351,Guinea-Bissau,2003-12-01,,,,465414407.988807,0.0577585582255083,19.7578677611147,,0.1012,0.0135419747762901,,52.788,51.184,0.0009371148182475,0.431443252563477,0.538780746459961,0.0297752618789673,1360559,0.39161999999999997,Africa,2400000.0,21300000.0
0.038825000000000005,,6754.614,Kenya,2003-12-01,60.0,,14769.104,14904504019.398,0.044473405581348706,19.5503275852839,,0.06470000000000001,0.029419028610152397,0.16573333333333298,54.25,52.484,0.0469188757968549,0.431651611328125,0.540842590332031,0.027505874633789097,33905011,0.20948,Africa,619000000.0,127000000.0
0.029668,,,Lesotho,2003-12-01,93.0,,,969181550.992505,0.0712919091359014,36.389434704187,,0.0833,0.0153249659019509,0.16015000000000001,43.94,43.715,0.0663328693455771,0.403876342773438,0.5498265457153321,0.0462976551055908,1898757,0.21137,Africa,21000000.0,242000000.0
0.041366999999999994,,531.715,Liberia,2003-12-01,,,,409000000.0,0.0343834055046588,4.50122361805566,,0.0968,0.000318689345450327,0.170566666666667,54.141,52.555,0.0151237652125873,0.43236907958984405,0.537233924865723,0.0303966879844666,3124222,0.45360999999999996,Africa,,
0.022617,,49167.136,Libya,2003-12-01,,,17440.706,24062500000.0,0.041303360520257,193.813673976458,,0.0219,0.0281451798740855,0.07,74.738,71.266,0.0234204475629088,0.314676952362061,0.644049606323242,0.0412732839584351,5422612,0.7665500000000001,Africa,243000000.0,689000000.0
0.038901000000000005,,1701.488,Madagascar,2003-12-01,67.0,,,5474030227.58602,0.0484446225705308,15.377288337133,,0.0605,0.00423252419277809,0.2425,61.516,59.016,0.0164489113684763,0.45224826812744096,0.518292045593262,0.029459779262542698,17245275,0.27936,Africa,119000000.0,67000000.0
0.043371,,957.087,Malawi,2003-12-01,45.0,,,2424656666.0654,0.0634731848757388,12.5748795076422,,0.0843,0.00278815116302304,0.48916666666666697,47.352,47.274,0.011039862848615401,0.46098335266113305,0.50855525970459,0.0304613900184631,12238739,0.14875,Africa,66000000.0,70000000.0
0.048218000000000004,,539.049,Mali,2003-12-01,41.0,,,4362439886.7199,0.062183126027286005,23.5166037206343,,0.10490000000000001,0.00310364443230575,,50.203,50.843,0.0220346519708974,0.46173980712890594,0.5061956405639649,0.032064745426178,11219737,0.30547,Africa,136000000.0,94000000.0
0.037348,,1474.134,Mauritania,2003-12-01,82.0,,,1563072653.30951,0.0538708089035028,23.2605875497118,,0.0756,0.00424004895843197,0.21,61.547,58.501,0.118338977370015,0.420369834899902,0.5480315399169919,0.0315986251831055,2965667,0.5161,Africa,,
0.0158,,3146.286,Mauritius,2003-12-01,,,,5609836353.56371,0.0389089598314139,187.94583147129,,0.013699999999999999,0.12187106204130799,0.21,75.6366666666667,68.7733333333333,0.384005959336002,0.249139442443848,0.686585922241211,0.064273796081543,1222811,0.4204,Africa,960000000.0,236000000.0
0.02057,,37561.081,Morocco,2003-12-01,36.0,,11017.757,49822651701.729,0.0525177741563789,88.4367852806193,,0.037899999999999996,0.033533666812236296,0.125625,70.453,67.025,0.248754036282972,0.320436859130859,0.630624961853027,0.048938250541687,29586937,0.54317,Africa,3802000000.0,845000000.0
0.044539999999999996,,1917.841,Mozambique,2003-12-01,153.0,,8062.522,4666197195.33585,0.0639231009870719,15.0088507260688,,0.0989,0.00419538843913707,0.2469,49.062,46.319,0.0219265794682959,0.443666114807129,0.524576797485352,0.031756975650787396,19873460,0.29637,Africa,106000000.0,141000000.0
0.030116,,1873.837,Namibia,2003-12-01,85.0,,1076.089,4931280095.6051,0.0652402811285653,162.383462783267,,0.049,0.0335983988553801,0.147008333333333,56.485,52.178,0.112894620885841,0.401477470397949,0.5654371643066409,0.033083372116088895,1981237,0.34709,Africa,383000000.0,101000000.0
0.05192,,880.08,Niger,2003-12-01,35.0,,,2731416281.32709,0.0677768057179253,14.6012177849902,,0.0902,0.0015569870366898301,,52.738,52.837,0.0067214567603827,0.48561290740966795,0.489176216125488,0.0252109503746033,12254040,0.16471,Africa,28000000.0,39000000.0
0.042662,,93138.133,Nigeria,2003-12-01,36.0,,99007.379,67655840108.1547,0.07545155497155451,38.5117536403446,,0.1033,0.0055857624486052105,0.207141666666667,48.069,47.227,0.0237606150958144,0.434643478393555,0.537812614440918,0.0275438857078552,132550146,0.37356,Africa,58000000.0,2076000000.0
0.039048,,682.062,Rwanda,2003-12-01,18.0,,,1845979351.35205,0.0633895991278953,12.8284747217783,,0.0831,0.00356918467272361,0.1705,52.867,50.905,0.0143236475948775,0.451669921875,0.520971298217773,0.027359130382537802,9126167,0.17598,Africa,30000000.0,26000000.0
0.037343,,66.006,Sao Tome and Principe,2003-12-01,,,,101315399.614782,0.118050717227012,78.3377269733492,,0.0518,0.101618443069961,0.2959,65.829,62.19,0.0326811569631413,0.425573921203613,0.534264678955078,0.0401749706268311,147455,0.5625,Africa,7400000.0,1800000.0
0.039488999999999996,,5012.789,Senegal,2003-12-01,59.0,,2556.382,6858952716.5383,0.0539995003889258,34.6957073282944,,0.062,0.0210143642986685,,60.893,57.708,0.0733049547314924,0.44456489562988305,0.523612365722656,0.031822447776794396,10673535,0.40781999999999996,Africa,269000000.0,129000000.0
0.0181,,557.384,Seychelles,2003-12-01,,,,703096502.624651,0.048291575840251795,403.15409710945,,0.0123,0.14592504316949198,0.10615875000000001,76.1,66.2,0.584542496853404,0.258448314666748,0.6639317321777339,0.0776318597793579,82800,0.50641,Africa,258000000.0,54000000.0
0.042787,,652.726,Sierra Leone,2003-12-01,26.0,,,1371442565.69701,0.1552512553403,45.1781863944193,,0.13290000000000002,0.0019017328166818302,0.2,41.008,39.989,0.0240228502897345,0.427662086486816,0.548107986450195,0.024230585098266602,4712763,0.36351999999999995,Africa,60000000.0,38000000.0
0.047401000000000006,,575.719,Somalia,2003-12-01,,,,,,,,0.10490000000000001,0.00376198002539086,,53.372,50.248,0.0248827215128297,0.475704383850098,0.495083045959473,0.0292126893997192,8037706,0.34371,Africa,,
0.023375,,380810.616,South Africa,2003-12-01,38.0,,117373.966,168219325183.617,0.08630799124822311,309.771122622596,,0.0531,0.0700769172611251,0.149583333333333,54.067,51.054,0.359725830030015,0.31556421279907204,0.644988555908203,0.0394472646713257,46409243,0.58446,Africa,6674000000.0,3655000000.0
0.04083,,,South Sudan,2003-12-01,,,,,,,,0.0953,,,51.487,49.252,,0.443950347900391,0.524673805236816,0.0313751649856567,7449905,0.16890999999999998,Africa,,
0.038616,,9072.158,Sudan,2003-12-01,,,14725.044,17646271396.8949,0.0383429421728452,22.5732440137285,,0.0643,0.00538471703150458,,61.017,57.297,0.0143881988349727,0.43455570220947304,0.535331001281738,0.030113186836242697,29973979,0.32654000000000005,Africa,17000000.0,119000000.0
0.031689,,1041.428,Swaziland,2003-12-01,,,,1854020495.72254,0.0576187100982517,98.1922269007951,,0.0824,0.0243707385055863,0.14625,46.059,45.862,0.0781300985634173,0.429773445129395,0.539452476501465,0.030773148536682098,1087929,0.22296,Africa,70000000.0,23000000.0
0.041831,,3806.346,Tanzania,2003-12-01,28.0,,15491.193,11659129814.7433,0.037487102280323696,11.8894723804784,,0.0658,0.00676962856510303,0.145169608907399,52.528,51.393,0.0353093214894952,0.44625411987304703,0.524195327758789,0.029550719261169398,36760831,0.23611000000000001,Africa,654000000.0,375000000.0
0.038603,,1463.133,Togo,2003-12-01,65.0,,2302.761,1673690389.7013,0.0557784414452498,17.7490426346197,,0.0716,0.012,,54.641,53.037,0.046323452791770796,0.433352928161621,0.538634872436523,0.0280124044418335,5258956,0.34265,Africa,26000000.0,37000000.0
0.0171,,21396.945,Tunisia,2003-12-01,11.0,,8027.585,27453084982.5378,0.053577808601759896,151.295871771591,,0.0218,0.0649084579532797,,75.1,71.1,0.194726018431608,0.272471218109131,0.662554092407227,0.0649748182296753,9839800,0.6458499999999999,Africa,1935000000.0,355000000.0
0.047475,,1708.822,Uganda,2003-12-01,34.0,,,6336696288.99935,0.07562654784803159,17.8558300461013,,0.077,0.0046484984011396805,0.189421408936285,51.192,50.6,0.0289200619350731,0.49380558013916004,0.480504989624023,0.025689470767974898,26838428,0.12483000000000001,Africa,185000000.0,
0.044771,,2101.191,Zambia,2003-12-01,35.0,,6828.415,4341841413.82818,0.0672502683225867,26.8030827977655,,0.0856,0.00980483039426114,0.40571033333333295,44.889,44.173,0.022121215264299398,0.463522529602051,0.509250030517578,0.027227635383606,10894519,0.35780999999999996,Africa,88000000.0,115000000.0
0.032068,,10626.966,Zimbabwe,2003-12-01,97.0,,9500.229,5727591778.02479,,,,0.0579,0.0639478645849612,0.972916666666667,42.397,43.328,0.0286947087860013,0.415877723693848,0.548661766052246,0.0354606914520264,12673103,0.34479,Africa,61000000.0,
0.047403,,583.053,Afghanistan,2003-12-01,,,,4583648921.74369,0.0996140587460391,17.8754000555374,,0.0884,0.000878912528559713,,57.302,54.97,0.00865196277129635,0.494480972290039,0.485273857116699,0.0202450728416443,23116142,0.22236999999999998,Asia,,
0.013712,,3428.645,Armenia,2003-12-01,18.0,,1981.217,2807061008.69084,0.055638806773746594,51.4433134333473,,0.023,0.0457521722477781,0.208290544327249,76.098,69.29,0.0376738453349635,0.23280551910400402,0.6554212951660161,0.111772871017456,3036032,0.6425,Asia,90000000.0,97000000.0
0.013800000000000002,,30615.783,Azerbaijan,2003-12-01,105.0,,12158.397,7275766111.24309,0.0656328803918276,57.0492931323713,,0.0498,,0.15456666666666702,70.831,65.311,0.126293746279197,0.280290870666504,0.657527694702148,0.0621814203262329,8234100,0.51988,Asia,70000000.0,120000000.0
0.024855000000000002,,33883.08,Bangladesh,2003-12-01,50.0,,21713.477,51913661485.3195,0.0303568101670104,11.2738098498963,,0.056,0.00163877665498048,0.16,67.094,66.268,0.0098070218074972,0.353501358032227,0.604581108093262,0.0419175243377686,139185986,0.25428999999999996,Asia,59000000.0,389000000.0
0.024565999999999998,,377.701,Bhutan,2003-12-01,62.0,,,622026106.84369,0.0505864446052061,51.0462227928454,,0.0505,0.0243691239949767,0.15,62.696,62.419,0.0036584396389906897,0.36544811248779296,0.594884986877441,0.0396685171127319,616383,0.28687999999999997,Asia,8000000.0,
0.020895,,5357.487,Brunei Darussalam,2003-12-01,,,2504.935,6557333067.38606,0.031001409696101302,574.829673614843,,0.0075,0.195950032207342,0.055,78.617,74.762,0.501528351557618,0.29499872207641603,0.6748272705078131,0.030173985958099402,353649,0.7260599999999999,Asia,124000000.0,469000000.0
0.026372,,2379.883,Cambodia,2003-12-01,94.0,,4114.814,4658246906.65795,0.0731620727441092,26.3865228306924,,0.0625,0.0026057019757400202,,67.632,62.43,0.038532069094364,0.378720664978027,0.579854736328125,0.0414245939254761,12934369,0.18937,Asia,441000000.0,60000000.0
0.012410000000000001,,4525177.009,China,2003-12-01,48.0,,1427554.334,1640958734582.48,0.0484756578823949,60.7147925952778,,0.0241,0.062,0.053099999999999994,74.784,72.209,0.207208224177185,0.224549942016602,0.701828918457031,0.0736211442947388,1288400000,0.39776000000000006,Asia,18707000000.0,16716000000.0
0.012176,,3773.343,Georgia,2003-12-01,25.0,,2705.288,3991374539.82055,0.0848522551377861,74.1918522332455,,0.0256,0.0255881648068489,0.23755375,76.179,68.941,0.155801458858806,0.196847133636475,0.664123611450195,0.139029273986816,4328900,0.52352,Asia,172000000.0,170000000.0
0.006900000000000001,,40065.642,"Hong Kong SAR, China",2003-12-01,11.0,,13607.916,161384522525.299,,,,,0.522000433497404,0.05,84.3,78.5,1.0640791436519499,0.154707269668579,0.72812370300293,0.117168989181519,6730800,1.0,Asia,9004000000.0,11447000000.0
0.024253,,1281913.527,India,2003-12-01,89.0,,489507.225,618356467437.867,0.042943062198652904,23.9181393780771,,0.06,0.0168648997063625,0.114583333333333,64.766,61.982,0.0308012504543367,0.33033859252929704,0.62393669128418,0.0457247304916382,1093786762,0.28572,Asia,4560000000.0,4385000000.0
0.021465,,316792.13,Indonesia,2003-12-01,168.0,,165365.704,234772458818.096,0.0253372424223854,27.2684203338383,,0.0363,0.0238701977959476,0.16935,70.281,66.289,0.0847839679492621,0.300685214996338,0.6511775970458981,0.048137154579162594,218145617,0.44353000000000004,Asia,4461000000.0,4427000000.0
0.0092,,1237429.15,Japan,2003-12-01,31.0,,506236.632,4302939184963.79,0.0798807894100648,2693.0204199142,,0.0029,0.484352658899653,0.0182208333333333,85.33,78.36,0.6848920047696719,0.140795526504517,0.6716108703613279,0.187593593597412,127718000,0.83196,Asia,11475000000.0,36505000000.0
0.01663,,153815.982,Kazakhstan,2003-12-01,26.0,,43040.74,30833692831.3955,0.0369562807792258,77.2659415541577,,0.032,0.0200041475265872,,71.5,60.5,0.0902327228946184,0.25658626556396497,0.669690780639648,0.0737228870391846,14909018,0.5512400000000001,Asia,638000000.0,783000000.0
0.016431,,77777.07,"Korea, Dem. Rep.",2003-12-01,,,20026.543,,,,,0.030199999999999998,,,71.082,63.804,,0.253150806427002,0.678865966796875,0.0679832744598389,23449180,0.59648,Asia,,
0.010199999999999999,,466215.046,"Korea, Rep.",2003-12-01,17.0,,202716.968,680520807982.478,0.051640125931788204,694.618826908636,,0.0054,0.655,0.0623666666666667,80.81,73.86,0.7209806317262699,0.199382839202881,0.7156784820556641,0.0849387073516846,47859311,0.80652,Asia,7005000000.0,11063000000.0
0.0209,,5328.151,Kyrgyz Republic,2003-12-01,21.0,,2584.038,1919012780.97086,0.0542793327928272,20.8205944582062,,0.0371,0.0390876626828521,0.1913,72.2,64.5,0.027603612609999502,0.326461791992188,0.616832427978516,0.0567059898376465,5043300,0.35292999999999997,Asia,62000000.0,35000000.0
0.028544,,1129.436,Lao PDR,2003-12-01,153.0,,,2023324407.30177,0.0493300516660601,17.6737125398769,,0.075,0.00333912466428616,0.305,64.714,62.217,0.0199810680381394,0.418169097900391,0.544840240478516,0.0369904685020447,5619069,0.25126000000000004,Asia,77000000.0,5000000.0
0.007817000000000001,,1536.473,"Macao SAR, China",2003-12-01,,,,7926373572.23623,,,,,0.257421239826498,0.06,80.691,75.918,0.807681640785337,0.196589393615723,0.7296515655517579,0.0737634515762329,450711,1.0,Asia,5225000000.0,471000000.0
0.01984,,160266.235,Malaysia,2003-12-01,37.0,,54618.839,110202368421.053,0.038902139365616796,172.237614219022,,0.0073,0.349711523397291,0.06300833333333329,75.538,71.305,0.446914733538138,0.314591369628906,0.6438970947265631,0.0415115642547607,24890654,0.6478,Asia,6799000000.0,3401000000.0
0.021816,,597.721,Maldives,2003-12-01,13.0,,,949867661.833266,0.060352659340451,199.329066102008,,0.0248,0.0597659284988557,0.14,73.717,71.275,0.23111052386350198,0.37014678955078095,0.587001113891602,0.042855553627014195,287594,0.31251999999999996,Asia,402000000.0,60000000.0
0.019305,,8034.397,Mongolia,2003-12-01,20.0,,2525.39,1595297301.45651,0.0737545311556415,47.6628974332762,,0.0416,,0.319066666666667,67.984,60.954,0.12922330313396901,0.310687255859375,0.6523159790039059,0.0369951319694519,2468595,0.60378,Asia,154000000.0,144000000.0
0.019571,,9845.895,Myanmar,2003-12-01,,,14063.782,,0.022691507520913298,3.67906489347075,,0.054,0.00024064149140846502,0.15,65.013,60.932,0.0013416865898226698,0.290416259765625,0.661111602783203,0.0484720849990845,49577152,0.28081,Asia,70000000.0,36000000.0
0.030317,,2951.935,Nepal,2003-12-01,31.0,,8706.977,6330476434.54937,0.0544368951814494,14.3490377627608,,0.0516,0.00382810917017044,0.0741666666666667,64.709,62.782,0.0033380322469727204,0.39937900543212895,0.559349098205566,0.0412721014022827,24525527,0.14564,Asia,232000000.0,119000000.0
0.028735,,118895.141,Pakistan,2003-12-01,24.0,,68694.679,83244801092.7096,0.0285228904902741,15.7242454466715,,0.083,0.0504115812592502,,65.495,63.926,0.0157748353900126,0.39504158020019503,0.564497489929199,0.0404609775543213,152419974,0.34064999999999995,Asia,620000000.0,1163000000.0
0.028392,,71532.169,Philippines,2003-12-01,49.0,,38822.15,83908205719.8012,0.0324713196105811,32.9837064244311,,0.0285,0.048576722670851204,0.0947166666666667,70.535,64.061,0.272497390311331,0.376822891235352,0.5897635650634769,0.0334135675430298,82604681,0.47143,Asia,1821000000.0,1649000000.0
0.0105,,31132.83,Singapore,2003-12-01,8.0,,25634.318,97002305536.1569,0.0364971764181631,823.110342211283,,0.0025,0.538379432881911,0.0530666666666667,81.6,76.6,0.840704283149767,0.200850524902344,0.7200466156005859,0.0791025876998901,4114800,1.0,Asia,3842000000.0,8382000000.0
0.01857,,10659.969,Sri Lanka,2003-12-01,58.0,,8682.011,18881765437.2151,0.039213857252912,37.9663982960062,,0.0125,0.014585802284240801,0.103446666666667,76.843,69.524,0.0714493495502941,0.258327255249023,0.6745654296875,0.0671074819564819,19173000,0.18406,Asia,709000000.0,462000000.0
0.029335,,2075.522,Tajikistan,2003-12-01,,,2169.52,1554125542.56223,0.0445922774918601,10.6195203874779,,0.0613,0.0006458377715085529,0.16669465763427,68.742,61.241,0.007292473408438391,0.401701850891113,0.561311721801758,0.0369865942001343,6529609,0.264,Asia,6200000.0,2100000.0
0.013364000000000001,,232198.107,Thailand,2003-12-01,33.0,,89107.426,142640079033.312,0.0358194812908406,79.228177401484,,0.0167,0.09299027238059651,0.059375,75.319,68.145,0.33520649888666704,0.23109319686889598,0.696316223144531,0.0725905179977417,64488338,0.35006,Asia,10456000000.0,3538000000.0
0.039123,,161.348,Timor-Leste,2003-12-01,,,,436500000.0,0.0754859809267965,24.0844735956802,,0.0723,,0.166585243764167,63.328,60.402,0.0214898930648007,0.49078125,0.48326652526855496,0.0259543657302856,933369,0.25343,Asia,,
0.022985,,42214.504,Turkmenistan,2003-12-01,,,17628.943,5977440582.80171,0.0384530066156047,94.5107123961036,,0.0615,0.00425182631884743,,68.298,60.376,0.00197653331933459,0.34159130096435497,0.613134117126465,0.045273737907409704,4648037,0.46587,Asia,,
0.0198867217547415,,122683.152,Uzbekistan,2003-12-01,29.0,,51412.345,10128112401.4248,0.051719239709638695,20.4983148552373,,0.049100000000000005,0.019125951778499697,,70.563,63.971,0.0125544299882194,0.348999481201172,0.605044555664063,0.0459560251235962,25567650,0.36976,Asia,48000000.0,
0.016916,,78767.16,Vietnam,2003-12-01,59.0,,35110.722,42717072777.5838,0.052261535451509404,24.7991672309631,,0.0249,0.0378028081370641,0.09480000000000001,79.203,69.629,0.032896396326953,0.288792247772217,0.645714797973633,0.065492959022522,80468400,0.26092,Asia,1400000000.0,
0.016187999999999998,,4294.057,Albania,2003-12-01,41.0,,1976.296,5652325081.59963,0.061638146918734794,108.376357757933,,0.02,0.00971900415195857,0.142708333333333,78.769,72.444,0.339570628375448,0.281573505401611,0.640287551879883,0.078139214515686,3033659,0.44573,Europe,537000000.0,507000000.0
0.0103,,535.382,Andorra,2003-12-01,,,,1917948475.27513,0.0581063105374113,1891.38412764754,,0.0033,0.13546412876438998,,,,0.686025144428434,,,,75643,0.9120699999999999,Europe,,
0.0095,,72316.907,Austria,2003-12-01,25.0,,32213.843,253945776523.702,0.10303533440594499,3222.92981675144,,0.0043,0.42700000000000005,,81.5,75.9,0.893356956406293,0.164679927825928,0.6781942749023441,0.157125940322876,8121423,0.6581199999999999,Europe,15128000000.0,9761000000.0
0.009,,53721.55,Belarus,2003-12-01,79.0,,26008.723,17825436034.5366,0.0658928032749773,120.048685275374,,0.0085,,0.23975000000000002,74.7,62.7,0.114266896604096,0.165869331359863,0.690929718017578,0.14320064544677702,9797000,0.7141500000000001,Europe,339000000.0,436000000.0
0.011,,114835.772,Belgium,2003-12-01,56.0,,59242.197,311689616252.822,0.0996769717950296,2999.95682606066,,0.0043,0.4997,0.068875,81.1,75.3,0.828682999335673,0.172698040008545,0.6551083374023441,0.172193565368652,10376133,0.97292,Europe,8848000000.0,13402000000.0
0.008747999999999999,,23237.779,Bosnia and Herzegovina,2003-12-01,68.0,,4400.442,8370020196.19158,0.0799144235687127,174.338358075996,,0.0072,0.0396503683387051,0.10869999999999999,77.573,72.57,0.275885772781259,0.19437139511108398,0.6838457489013671,0.12178334236145,3895779,0.39244,Europe,404000000.0,145000000.0
0.0086,,47307.967,Bulgaria,2003-12-01,32.0,,19398.857,20668176833.8431,0.0758101298594318,200.848311439558,,0.0155,0.1204,0.08543366666666669,75.6,68.7,0.448427211750488,0.143363103866577,0.6854525756835941,0.171184043884277,7823557,0.69879,Europe,2051000000.0,1467000000.0
0.0089,,23542.14,Croatia,2003-12-01,29.0,,8811.97,34143409061.9803,0.0644233229488633,495.381505766098,,0.0064,0.2275,0.115766666666667,78.23,71.17,0.575172792125802,0.164151954650879,0.669960098266602,0.16588769912719703,4440000,0.5604,Europe,6513000000.0,709000000.0
0.01225,,7748.371,Cyprus,2003-12-01,,,2331.693,13319544758.4518,0.0683046446443004,1234.764470819,,0.0045,0.3009,0.069475,80.514,76.295,0.552779063499983,0.20945417404174801,0.685810241699219,0.104734592437744,998142,0.68553,Europe,2325000000.0,700000000.0
0.0092,,122378.791,Czech Republic,2003-12-01,40.0,,44414.629,95292530752.5967,0.07131816888241431,666.069747004254,,0.0048,0.34299999999999997,0.0594916666666667,78.5,72.0,0.9514729054123321,0.153635597229004,0.706872253417969,0.13949181556701698,10193998,0.7373999999999999,Europe,4069000000.0,2177000000.0
0.012,,55734.733,Denmark,2003-12-01,7.0,,20087.48,212621855882.933,0.09509391449493791,3755.75561801088,,0.0044,0.7626000000000001,,79.5,74.9,0.8856084310680601,0.187720336914063,0.6633055114746089,0.148973226547241,5390574,0.8536,Europe,5271000000.0,6659000000.0
0.0096,,17051.55,Estonia,2003-12-01,72.0,,5187.638,9845187817.29901,0.049185642684283604,351.954849790872,,0.006900000000000001,0.4532,0.0550627398813703,76.9,66.0,0.784082009596455,0.16130838394165,0.6761199951171881,0.16257158279418898,1370720,0.68989,Europe,883000000.0,404000000.0
,,777.404,Faeroe Islands,2003-12-01,,,,1486861878.95624,,,,,0.589126409695337,,81.7,76.9,0.787157406640722,,,,48308,0.38714,Europe,,
0.0109,,68888.262,Finland,2003-12-01,31.0,,36746.72,164256207674.944,0.0815119541540977,2571.56590168503,,0.0033,0.6922,0.041299999999999996,81.8,75.1,0.91059505913148,0.176844692230225,0.667888336181641,0.155267009735107,5213014,0.82638,Europe,2676000000.0,2954000000.0
0.0128,,387590.899,France,2003-12-01,41.0,,265879.382,1792215124153.5,0.108301047998788,3137.38283808785,,0.004,0.3614,0.066,82.7,75.7,0.68897449165373,0.186256713867188,0.6505568695068359,0.163186473846436,62242474,0.76632,Europe,45990000000.0,32618000000.0
0.0086,,833406.424,Germany,2003-12-01,45.0,,338070.354,2423814898419.86,0.10919115250291,3206.44089854368,,0.0040999999999999995,0.5589999999999999,,81.3,75.6,0.7733760058662,0.148356266021729,0.6731370544433589,0.17850669860839802,82534176,0.73233,Europe,30104000000.0,73203000000.0
0.0095,,95738.036,Greece,2003-12-01,38.0,,29140.799,192850270290.227,0.0893164717876865,1579.26186634117,,0.0055,0.17800000000000002,0.0678583333333333,81.3,76.5,0.8100455341175921,0.145911684036255,0.6742823028564451,0.17980583190918,11018324,0.7368899999999999,Europe,10842000000.0,2439000000.0
0.009300000000000001,,59071.703,Hungary,2003-12-01,52.0,,26136.49,83538373060.6906,0.0856911958098034,705.801315869164,,0.008,0.2163,0.09603423915462461,76.5,68.3,0.7833164715142399,0.160205497741699,0.6851677703857421,0.15462703704834,10129552,0.6548900000000001,Europe,4119000000.0,2700000000.0
0.0143,,2167.197,Iceland,2003-12-01,,,3273.313,10969898924.0637,0.10570484973083501,4019.71619200058,,0.0026,0.8314,0.1195,82.5,79.5,0.9646287833060271,0.225485897064209,0.657697677612305,0.116823320388794,289521,0.92789,Europe,486000000.0,524000000.0
0.0154,,43336.606,Ireland,2003-12-01,18.0,,14061.379,158730360073.363,0.0727841314971376,2918.22589380636,,0.0050999999999999995,0.3431,0.0284583333333333,80.7,75.7,0.87267606364252,0.208101081848145,0.6809279632568359,0.110970487594604,3996521,0.59925,Europe,5206000000.0,4832000000.0
,,,Isle of Man,2003-12-01,,,,2264911806.90354,,,,,,,,,,,,,79001,0.51869,Europe,,
0.0094,,468349.24,Italy,2003-12-01,23.0,,179422.745,1514503536381.49,0.08165815242701101,2157.44074357065,,0.004,0.2904,0.0583035,82.8,77.1,0.9810254268069749,0.141532487869263,0.6668210601806641,0.19164648056030298,57313203,0.67501,Europe,32591000000.0,23731000000.0
0.0183,,,Kosovo,2003-12-01,,,1993.548,3355083116.58939,,,,,,,70.5,66.0,,,,,1703466,,Europe,,
0.0092,,7088.311,Latvia,2003-12-01,16.0,,4324.13,11186452600.7262,0.061524912875576904,294.961411358361,,0.012199999999999999,0.2698,0.0538083333333333,76.9,65.9,0.533071361756812,0.15836706161499,0.678559112548828,0.16307468414306603,2287955,0.6779999999999999,Europe,271000000.0,365000000.0
0.010199999999999999,,,Liechtenstein,2003-12-01,,,,3070803431.476,,,,,0.588096918372148,,81.6,78.4,0.7322574031223451,,,,34141,0.1485,Europe,,
0.009,,12915.174,Lithuania,2003-12-01,26.0,,9252.787,18608709856.5781,0.06485908331644309,351.091950298967,,0.0086,0.2591,0.0584333333333333,77.9,66.5,0.6222474477638891,0.179841117858887,0.6729775238037109,0.14718077659606899,3415213,0.6673699999999999,Europe,700000000.0,476000000.0
0.011699999999999999,,9904.567,Luxembourg,2003-12-01,,,3843.227,29144582392.7765,0.0766728887270981,4984.41573493465,,0.0032,0.5455,,80.8,74.8,1.20582734521114,0.18866834640502902,0.667800140380859,0.143529253005981,451630,0.8574299999999999,Europe,3149000000.0,2445000000.0
0.01176,,11309.028,"Macedonia, FYR",2003-12-01,48.0,,2776.371,4756221628.61111,0.09256854433774951,212.226435291834,,0.0126,0.1907,0.160008333333333,76.398,71.356,0.37292165857868803,0.20817438125610402,0.68373405456543,0.10809201240539601,2080866,0.57921,Europe,86000000.0,71000000.0
0.010199999999999999,,2581.568,Malta,2003-12-01,,,826.259,5119621569.32049,0.0818056135018348,1074.04150851845,,0.0062,0.3164,0.058499999999999996,80.8,76.4,0.704223026299813,0.185414886474609,0.691459274291992,0.123125867843628,398582,0.9316,Europe,869000000.0,238000000.0
0.011577,,4290.39,Moldova,2003-12-01,42.0,,3360.077,1980901553.51226,0.08332561791846191,45.6105255266693,,0.0212,0.0740754458415897,0.192891666666667,71.567,63.666,0.12214621657315501,0.208368339538574,0.683405151367188,0.108226528167725,3612874,0.45506,Europe,79000000.0,118000000.0
,,,Monaco,2003-12-01,,,,3588988600.70294,0.039332957880941904,4215.97980672664,,0.0038,0.49491168919545897,,,,0.457443581654938,,,,32968,1.0,Europe,,
0.012996,,,Montenegro,2003-12-01,,,,1707662607.75,0.09131591108609269,254.268152821609,,0.0108,,,76.314,70.8,,0.205041007995605,0.670077972412109,0.12488100051879901,613448,0.61568,Europe,,
0.0123,,175040.578,Netherlands,2003-12-01,9.0,,78010.137,538312641083.521,0.0977283670024846,3248.79806582065,,0.0047,0.6435,0.03,80.9,76.2,0.81815272642888,0.18581029891967799,0.6763748168945309,0.137814979553223,16225302,0.80341,Europe,14603000000.0,15887000000.0
0.0124,,42625.208,Norway,2003-12-01,18.0,,27019.708,224880794327.844,0.10566442302196799,5219.79720354883,,0.0035,0.7813,0.0473,81.9,77.0,0.89053013664654,0.19887487411499,0.652756881713867,0.148368434906006,4564855,0.7723,Europe,2989000000.0,7089000000.0
0.0092,,304856.045,Poland,2003-12-01,31.0,,91104.843,216800888642.044,0.062398891782778,353.967953105916,,0.007,0.2487,0.0730380233623359,78.9,70.5,0.454928841838258,0.174391651153564,0.696084365844727,0.129523973464966,38204570,0.61676,Europe,4733000000.0,3286000000.0
0.0108,,61275.57,Portugal,2003-12-01,78.0,,25128.694,161931941309.255,0.0973366106347105,1514.42272302089,,0.0043,0.2967,,80.6,74.0,0.958202442353126,0.157642889022827,0.6743988800048829,0.167958221435547,10458821,0.56287,Europe,7634000000.0,2982000000.0
0.009800000000000001,,95939.721,Romania,2003-12-01,29.0,,39525.138,59466017705.5346,0.0533461380273072,145.962122779418,,0.0207,0.08900000000000001,0.25434999999999997,75.1,67.7,0.317089783471383,0.166338386535645,0.6905126953125,0.143148927688599,21574326,0.52912,Europe,523000000.0,572000000.0
0.010199999999999999,,1604972.56,Russian Federation,2003-12-01,43.0,,645322.728,430347770733.155,0.056086226213133396,166.597479279252,,0.0166,0.0829886061553908,0.12975,71.83,58.51,0.249414852234176,0.16165878295898398,0.704823913574219,0.133517284393311,144667468,0.73373,Europe,5879000000.0,13427000000.0
,,,San Marino,2003-12-01,,,,1122981525.35502,0.051458934494667596,2837.42369658117,,0.0040999999999999995,0.5000345303867401,0.074875,84.6,78.0,0.5888501742160279,,,,28700,0.93975,Europe,,
0.0106,,,Serbia,2003-12-01,56.0,,16635.212,19550781969.0408,0.08810493519680779,170.720334997329,,0.0092,,0.154813845733867,75.1,69.9,,0.188839778900146,0.6741843414306641,0.136975793838501,7480591,0.53992,Europe,159000000.0,144000000.0
0.0096,,39493.59,Slovak Republic,2003-12-01,103.0,,18638.915,45837416478.5553,0.058185019206146,359.885714001889,,0.0091,0.4304,0.0845916666666667,77.6,69.8,0.6828425592038969,0.178501071929932,0.705986175537109,0.11551254272460901,5373374,0.55863,Europe,876000000.0,662000000.0
0.0087,,15500.409,Slovenia,2003-12-01,60.0,,6911.894,29152072067.9303,0.08646455092814931,1263.44806166928,,0.0038,0.318547930120441,0.1075,80.7,73.2,0.8733423455634519,0.147083311080933,0.702956924438477,0.149960231781006,1995733,0.50685,Europe,1427000000.0,805000000.0
0.0104,,321097.188,Spain,2003-12-01,114.0,,133195.983,883839729119.639,0.0815683174942088,1730.29639046932,,0.0050999999999999995,0.3993,,83.0,76.4,0.885852043885138,0.144710884094238,0.686754913330078,0.168534126281738,42187645,0.76778,Europe,43863000000.0,11330000000.0
0.0111,,54781.313,Sweden,2003-12-01,16.0,,50617.918,314713404152.703,0.0931003466978824,3277.10790559931,,0.0032,0.7913,0.0479,82.4,77.9,0.984258793073484,0.17859258651733398,0.649467544555664,0.17193998336792,8958229,0.8419599999999999,Europe,6548000000.0,9375000000.0
0.009800000000000001,,40204.988,Switzerland,2003-12-01,20.0,,25996.165,334574926429.049,0.10933912996388401,5001.94540546165,,0.0044,0.6509999999999999,0.0326916666666667,83.2,78.0,0.849078463822384,0.168135509490967,0.676124496459961,0.15574011802673302,7339001,0.73398,Europe,10493000000.0,8614000000.0
0.020176,,218509.196,Turkey,2003-12-01,38.0,,77833.241,303005303081.914,0.0533861705213084,231.527685180603,,0.0287,0.1233,,75.135,68.155,0.422934012594963,0.29302965164184597,0.64336555480957,0.06360482692718511,65938265,0.66569,Europe,13203000000.0,2113000000.0
0.00854580192186427,,352259.354,Ukraine,2003-12-01,40.0,,144640.651,50132953288.203,0.0693362184002633,72.7093282652203,,0.0136,0.0314812758815439,0.178948916666667,74.06,62.64,0.135929800028653,0.156364688873291,0.693384094238281,0.150251216888428,47812950,0.67427,Europe,1204000000.0,953000000.0
0.011699999999999999,,540640.478,United Kingdom,2003-12-01,13.0,,222080.286,1875141224489.8,0.07828829021041779,2444.39236251243,,0.0053,0.6481999999999999,0.036875,80.7,76.3,0.908845569481326,0.18332704544067402,0.6580023956298829,0.1586705493927,59647577,0.79339,Europe,30736000000.0,58627000000.0
0.019747,,16468.497,Bahrain,2003-12-01,,,6751.816,11075116593.9503,0.0373970832486782,536.445781898221,,0.01,0.215549449917804,0.08295205607476641,75.991,74.331,0.573932269337278,0.293964958190918,0.682554931640625,0.023481397628784203,772058,0.8837600000000001,Middle East,1206000000.0,492000000.0
0.01789,,418859.408,"Iran, Islamic Rep.",2003-12-01,29.0,,142648.568,135409681532.108,0.0473527991177358,96.6459599826238,,0.024300000000000002,0.06933721953040531,,72.11,69.516,0.050331432725807194,0.28888111114502,0.664486389160156,0.046632537841796905,68543171,0.66172,Middle East,1266000000.0,4120000000.0
0.035001,,91117.616,Iraq,2003-12-01,,,27086.134,,0.0436364225537524,16.2263115196009,,0.0341,0.006,,72.557,67.806,0.00308171977375092,0.422235145568848,0.542915573120117,0.0348492431640625,25959531,0.68658,Middle East,,
0.0217,,65122.253,Israel,2003-12-01,20.0,,19729.935,118673283414.945,0.0772403494926825,1363.60323416031,,0.004900000000000001,0.195933936579649,0.1063557495,81.8,77.6,1.04246247547955,0.27980028152465797,0.6202005386352539,0.09999871253967291,6689700,0.91393,Middle East,2473000000.0,3341000000.0
0.030353,,17469.588,Jordan,2003-12-01,79.0,,5175.809,10193023726.2151,0.0915561102478973,187.314748457904,,0.0215,0.08466005016239381,0.0929666666666667,73.833,70.849,0.26593977575635497,0.386904754638672,0.581620025634766,0.0314750170707703,5164000,0.8063800000000001,Middle East,1266000000.0,503000000.0
0.021777,,61656.938,Kuwait,2003-12-01,35.0,,22001.125,47875837662.1539,0.0321826977556599,728.001896401653,,0.0104,0.22402938380461201,0.054168583333333305,74.508,72.709,0.670965571433499,0.25587272644043,0.7098220062255859,0.0343061852455139,2116353,0.9815699999999999,Middle East,328000000.0,3750000000.0
0.015775,,18221.323,Lebanon,2003-12-01,46.0,,5220.432,20082918739.6352,0.0930239340423449,497.841952969174,,0.014199999999999999,0.08,0.134316666666667,77.845,74.177,0.21556538964963098,0.283922710418701,0.643235321044922,0.0728422737121582,3690110,0.86348,Middle East,6782000000.0,3319000000.0
0.022059000000000002,,32390.611,Oman,2003-12-01,35.0,,9349.874,21542262852.4551,0.0318565081850603,293.787231145347,,0.0119,0.07255742945365559,0.08234,75.77,71.581,0.248627005497001,0.363646697998047,0.611818313598633,0.024534964561462397,2389121,0.71509,Middle East,546000000.0,804000000.0
0.017311,,36156.62,Qatar,2003-12-01,,,14184.505,23533790530.5514,0.0414063492630424,1475.90024578142,,0.0095,0.19242336421002001,,78.058,76.386,0.570301921428334,0.268921203613281,0.7156479644775391,0.0154307997226715,660238,0.96868,Middle East,369000000.0,471000000.0
0.024487,,327272.416,Saudi Arabia,2003-12-01,74.0,,121382.42,214572800000.0,0.040017904523083396,384.463651277695,,0.0176,0.0800158289090878,,75.268,71.688,0.316738951773545,0.35907779693603503,0.60799186706543,0.032930335998535204,22852333,0.8053,Middle East,3418000000.0,4165000000.0
0.028419,,54286.268,Syrian Arab Republic,2003-12-01,43.0,,16542.655,21828144686.0394,0.0511607642415537,60.4242927757373,,0.0175,0.0339797261356623,0.075,75.974,72.49,0.0685031444388512,0.39593563079834,0.57037956237793,0.0336848759651184,17298476,0.53049,Middle East,877000000.0,734000000.0
0.016218,,106841.712,United Arab Emirates,2003-12-01,19.0,,40189.903,124346361618.639,0.026464059228171,967.583136188362,,0.0089,0.294779534120864,,76.175,74.124,0.882192615932192,0.2341090965271,0.7556939697265631,0.0101972126960754,3369254,0.8147199999999999,Middle East,1438000000.0,3956000000.0
0.036935,,17304.573,"Yemen, Rep.",2003-12-01,72.0,,5666.904,11777768086.8693,0.050040692800796906,34.9297804533556,,0.0611,0.006047341004318209,0.18,62.511,59.792,0.0353834271092346,0.469754943847656,0.503180618286133,0.0270645523071289,19081306,0.27849,Middle East,139000000.0,134000000.0
,,,American Samoa,2003-12-01,,,,,,,,,,,,,0.0355227768662145,,,,59117,0.8829699999999999,Oceania,,
0.0126,,346476.495,Australia,2003-12-01,3.0,,110814.216,466663366336.634,0.0833722402880292,2322.95953729887,,0.004900000000000001,,0.08412499999999999,82.8,77.8,0.7190353829859499,0.20164859771728502,0.67109992980957,0.127251472473145,19895400,0.8769499999999999,Oceania,16647000000.0,10135000000.0
0.023836,,861.745,Fiji,2003-12-01,45.0,,,2315935752.71653,0.0335226697605836,95.0094106206154,,0.0198,0.0672543473821551,0.0760249694765339,70.867,65.549,0.134457627284563,0.323638305664063,0.638124923706055,0.038239209651947,817224,0.49085,Oceania,496000000.0,88000000.0
0.018822,,799.406,French Polynesia,2003-12-01,,,,,,,,,0.141242937853107,,76.238,70.913,0.241816074934818,0.294432201385498,0.65910774230957,0.046456046104431194,248536,0.5602900000000001,Oceania,651000000.0,335000000.0
0.020434,,,Guam,2003-12-01,,,,,,,,,0.337166817880876,,78.703,73.682,0.505629724438136,0.300013313293457,0.6400334930419921,0.059953236579895,157823,0.93435,Oceania,,
0.026098,,40.337,Kiribati,2003-12-01,21.0,,,90148518.0621311,0.0959339267386991,102.682804446557,,0.0509,0.03,,68.529,62.851,0.0060203042199356805,0.383307952880859,0.581588859558105,0.0351031804084778,87371,0.43512,Oceania,,
,,84.341,Marshall Islands,2003-12-01,17.0,,,126887585.451759,0.17256693661328398,411.118244099021,,0.033100000000000004,0.025697503671072,,,,0.0114746234289552,,,,52115,0.69296,Oceania,4000000.0,300000.0
0.027669,,146.68,"Micronesia, Fed. Sts.",2003-12-01,16.0,,,244990983.604501,0.0951564161971878,218.240629095675,,0.0391,0.0923250210039423,0.15,68.301,67.001,0.05494495206710601,0.39292800903320296,0.5677801132202149,0.0393386769294739,106816,0.22329999999999997,Oceania,17000000.0,6000000.0
0.0182,,2750.25,New Caledonia,2003-12-01,,,,,,,,,0.26408334470358796,,78.6,72.1,0.43856804797861204,0.277787303924561,0.658861389160156,0.0633467626571655,225735,0.62949,Oceania,196000000.0,128000000.0
0.01394,,33938.085,New Zealand,2003-12-01,12.0,,16847.105,87440435751.8016,0.0785518818790783,1601.84393455054,,0.0056,0.609625398663824,0.069967756012681,81.4,77.0,0.6464038902620589,0.220611743927002,0.66078369140625,0.118604049682617,4027200,0.86,Oceania,4232000000.0,1649000000.0
0.033595999999999994,,3967.694,Papua New Guinea,2003-12-01,51.0,,,3536459119.8821,0.040853313029356304,24.8270339424801,,0.0569,0.013744046680280099,0.133558333333333,62.01,57.851,0.00301552460995482,0.401134033203125,0.5732655334472659,0.025600426197052002,5803302,0.13146000000000002,Oceania,4900000.0,52000000.0
0.029778,,150.347,Samoa,2003-12-01,42.0,,,301905953.023492,0.0514551282453641,93.1104247479575,,0.0171,0.027996304487807603,0.112816666666667,73.691,67.317,0.05909600004502549,0.401092987060547,0.551866607666016,0.0470122766494751,177677,0.21698,Oceania,54000000.0,
0.035073,,179.683,Solomon Islands,2003-12-01,56.0,,,332736306.539249,0.06003985871071069,44.7583475126805,,0.0288,0.005556098818551149,0.147012825364017,66.164,63.138,0.00237489777857439,0.41499771118164097,0.555956840515137,0.029047689437866203,446335,0.17001000000000002,Oceania,1600000.0,6400000.0
0.028619,,176.016,Tonga,2003-12-01,32.0,,,208098551.915317,0.050833735298559904,105.920748346181,,0.014199999999999999,0.0298581736750435,0.113436338704088,73.635,68.833,0.112347152701849,0.38166934967041,0.5587565612792971,0.0595540237426758,99691,0.23098,Oceania,10300000.0,13200000.0
0.030602,,80.674,Vanuatu,2003-12-01,39.0,,,314463144.04219,0.0367867047674691,58.1471076106973,,0.0183,0.0390329584542948,0.059000000000000004,70.512,66.88,0.0392054364871929,0.403660163879395,0.563894805908203,0.0324550652503967,198952,0.22521000000000002,Oceania,83000000.0,14000000.0
0.019374,,388.702,Antigua and Barbuda,2003-12-01,,,,849234753.890862,0.0440495014690509,457.372325367395,,0.011800000000000001,0.172286487816884,0.128219814495275,76.53,71.628,0.569811134183724,0.288304653167725,0.6404751586914059,0.0712078523635864,80904,0.30465,The Americas,300000000.0,35000000.0
0.017958,,133126.768,Argentina,2003-12-01,66.0,,59047.312,156988741752.415,0.08216065992051509,280.420366030039,,0.0166,0.11913696550995401,0.191462485849518,78.205,70.698,0.206535373030331,0.26981742858886704,0.629052543640137,0.10113008499145501,37970411,0.8970999999999999,The Americas,2306000000.0,2997000000.0
0.013015,,2255.205,Aruba,2003-12-01,,,,2021301675.97765,,,,,0.20800000000000002,0.115,76.465,71.591,0.721043137659125,0.22108951568603502,0.697655029296875,0.0812348651885986,97015,0.45606,The Americas,858000000.0,213000000.0
0.015727,,1518.138,"Bahamas, The",2003-12-01,,,,6949317000.0,0.056180021000625004,1236.97096191623,,0.0127,0.2,0.06,76.265,70.139,0.387258256659823,0.270834922790527,0.67024055480957,0.058921375274658204,315624,0.82172,The Americas,1770000000.0,404000000.0
0.013194,,1268.782,Barbados,2003-12-01,,,,3271200000.0,0.0705861980647008,702.312399852317,,0.015099999999999999,0.396896271159532,0.085,75.996,71.294,0.516902718908301,0.21136152267456101,0.67667366027832,0.11196851730346699,270844,0.33293999999999996,The Americas,767000000.0,153000000.0
0.027528,,374.034,Belize,2003-12-01,,,,990350000.0,0.0454238845708921,173.748176195084,,0.019399999999999997,,0.14345,74.902,68.169,0.233806600450559,0.388328056335449,0.569956588745117,0.041715373992919906,258346,0.46851,The Americas,150000000.0,50000000.0
0.0132,,509.713,Bermuda,2003-12-01,,,,4186525000.0,,,,,0.565220121836337,,81.1,75.7,0.628328175806224,,,,63325,1.0,The Americas,348000000.0,248000000.0
0.029873999999999998,,14128.951,Bolivia,2003-12-01,60.0,,3688.32,8082396525.99433,0.0557003588232785,49.928253791161,,0.048799999999999996,0.0350859640072336,0.176632890518186,66.172,61.971,0.14182923473738498,0.39019596099853504,0.566582984924316,0.0432213830947876,9016787,0.63264,The Americas,243000000.0,197000000.0
0.019372,,321621.569,Brazil,2003-12-01,152.0,,198976.375,552469288267.793,0.0702514253377162,213.508297680151,,0.0235,0.132075861035303,0.670833333333333,75.019,67.484,0.255144501065075,0.28329948425293,0.657798233032227,0.0589023208618164,181752951,0.82203,The Americas,2673000000.0,2874000000.0
0.0105,,553185.285,Canada,2003-12-01,3.0,,262037.849,887751766469.203,0.0978137561357595,2679.56943791849,,0.0052,0.642,0.046875,82.4,77.4,0.420712688116672,0.18276288986206102,0.6886796569824221,0.128557434082031,31676000,0.79967,The Americas,12236000000.0,16309000000.0
,,480.377,Cayman Islands,2003-12-01,,,,,,,,,,,,,0.45707334028501895,,,,46032,1.0,The Americas,518000000.0,
0.015586000000000001,,55078.34,Chile,2003-12-01,27.0,,25832.836,77840186384.8224,0.07077342613067471,338.499311669382,,0.008,0.254737788864723,0.061787787308609704,80.828,74.795,0.45439087282311197,0.260934562683105,0.6621889495849609,0.0768763637542725,15995658,0.86922,The Americas,1309000000.0,1109000000.0
0.021849,,57421.553,Colombia,2003-12-01,60.0,,25735.92,94684582573.3167,0.0592269294828251,133.8677791808,,0.0195,0.0738892371052557,0.15187101145088,75.551,68.171,0.147740697010519,0.316029396057129,0.634771842956543,0.0491988086700439,41872051,0.7298399999999999,The Americas,1191000000.0,1349000000.0
0.018488,,6626.269,Costa Rica,2003-12-01,77.0,,3297.329,17517536016.1874,0.080923243074685,342.990507327232,,0.0094,0.203336148143541,0.255833333333333,80.623,75.858,0.18659121176559398,0.29315523147583,0.6499447631835941,0.056899003982543904,4171145,0.6307699999999999,The Americas,1424000000.0,434000000.0
0.012171,,25485.65,Cuba,2003-12-01,,,11662.187,35901500000.0,0.0631477793406961,201.877098155849,,0.0058,0.052412690536929,,79.265,75.385,0.0031438940643927398,0.203963375091553,0.6912212371826171,0.104815378189087,11245926,0.75947,The Americas,1999000000.0,
,,,Curacao,2003-12-01,,,,,,,,,,,,,,0.22548315048217799,0.6602220153808589,0.11426363945007299,131253,0.9077500000000001,The Americas,223000000.0,176000000.0
,,113.677,Dominica,2003-12-01,,,,340803912.870075,0.0493386779988786,240.005920850911,,0.0129,0.236204198529629,0.115007049422952,,,0.33951868451854206,,,,70058,0.65994,The Americas,52000000.0,9000000.0
0.024172,,21888.323,Dominican Republic,2003-12-01,77.0,,7479.265,21268012747.2709,0.0648469550181241,143.290128614493,,0.030600000000000002,0.0789839293716387,0.313916666666667,74.459,68.215,0.230607503782802,0.33807899475097697,0.607080268859863,0.054840874671936,9071318,0.6459600000000001,The Americas,3128000000.0,408000000.0
0.024306,,26523.411,Ecuador,2003-12-01,92.0,,9712.311,32432859000.0,0.06720653273274489,164.136384481404,,0.0255,0.044602283447269804,0.136399578922618,77.263,71.359,0.180587050744567,0.333984680175781,0.6118948745727539,0.0541204452514648,13279806,0.61316,The Americas,408000000.0,500000000.0
0.021963,,6552.929,El Salvador,2003-12-01,115.0,,4418.166,15046700000.0,0.0731250041537347,182.488386017113,,0.022600000000000002,0.025,,75.018,65.513,0.190698325495583,0.368928337097168,0.571704559326172,0.059367437362670895,6029366,0.60561,The Americas,664000000.0,311000000.0
0.0155,,531.715,Greenland,2003-12-01,,,,1426452030.10471,,,,,0.545342598293605,,71.15,65.86,0.5243777762109569,,,,56765,0.8233799999999999,The Americas,,
0.018796,,216.353,Grenada,2003-12-01,,,,596339088.690494,0.0616132922243513,358.91779999204,,0.013,0.186451821830564,0.12048215155863201,73.35,68.647,0.41314265060711697,0.31946195602417,0.603297882080078,0.0772206449508667,102369,0.36011000000000004,The Americas,104000000.0,8000000.0
0.035491999999999996,,10502.288,Guatemala,2003-12-01,39.0,,7435.93,21917565499.915,0.063732123065361,115.798164071369,,0.0359,0.0454885490848324,0.149783333333333,72.619,65.583,0.168681408640672,0.43586421966552696,0.522007064819336,0.042128653526306195,12062835,0.46344,The Americas,646000000.0,373000000.0
0.022053999999999997,,1565.809,Guyana,2003-12-01,,,,741929343.015696,0.0555904026583904,54.7287639904045,,0.0366,,0.149919047619048,67.513,60.724,0.183058390789956,0.360290184020996,0.598865203857422,0.040843300819397,753612,0.28431,The Americas,28000000.0,30000000.0
0.029529,,1734.491,Haiti,2003-12-01,202.0,,2217.956,2826481071.96147,0.053170413477513,16.7066273854053,,0.0687,0.0164735834557778,0.442083333333333,60.17,56.679,0.0355704595781188,0.38928920745849604,0.569947128295898,0.040763859748840295,8996229,0.40645000000000003,The Americas,96000000.0,202000000.0
0.029774000000000002,,6769.282,Honduras,2003-12-01,62.0,,3646.807,8140294079.50891,0.0829434204131562,103.036038741305,,0.027600000000000003,0.048,0.20804133607232,73.557,68.716,0.057234793731181705,0.40922599792480496,0.55011962890625,0.040654201507568405,6628171,0.47232999999999997,The Americas,372000000.0,274000000.0
0.01736,,10722.308,Jamaica,2003-12-01,31.0,,3728.236,9430236065.12236,0.0455821974350164,162.384426732822,,0.0189,0.078,0.188866666666667,73.956,68.149,0.595500914958015,0.317826271057129,0.606176681518555,0.0759981822967529,2624695,0.52437,The Americas,1621000000.0,269000000.0
0.022611,,405632.539,Mexico,2003-12-01,58.0,,153665.176,713284260879.765,0.057821516074397,397.45137291045,,0.0182,0.129,0.070225,77.501,72.602,0.278537176060571,0.330354995727539,0.6182253646850591,0.0514196252822876,108056312,0.75682,The Americas,10058000000.0,7252000000.0
0.026111000000000002,,4411.401,Nicaragua,2003-12-01,46.0,,2758.151,5322437647.57853,0.061161562736427,61.2115723197617,,0.0286,0.018804125324230102,0.155492190170989,74.05,68.183,0.08776169742893689,0.390515174865723,0.570093574523926,0.0393916511535645,5317878,0.55455,The Americas,160000000.0,139000000.0
0.022945,,6153.226,Panama,2003-12-01,18.0,,2649.329,12933200000.0,0.0760445983979216,303.473514337465,,0.020399999999999998,0.09987424077234049,0.0992583333333333,78.405,73.052,0.213652472148124,0.31280900955200197,0.628742866516113,0.0584484434127808,3240805,0.63083,The Americas,804000000.0,267000000.0
0.026634,,4070.37,Paraguay,2003-12-01,74.0,,3964.71,6588103836.34739,0.06103831716016819,70.7676983891778,,0.0254,0.021119420821003397,0.499895008003515,73.032,68.814,0.311551558774099,0.36767902374267597,0.586208343505859,0.046112790107727106,5682350,0.56893,The Americas,81000000.0,115000000.0
0.022835,,26380.398,Peru,2003-12-01,98.0,,11637.853,57840001637.0339,0.045111893684704606,102.236590245526,,0.0247,0.11599999999999999,0.210156649712755,74.475,69.15,0.10823724185576801,0.328393936157227,0.61996395111084,0.0516421794891357,27073334,0.74249,The Americas,1023000000.0,847000000.0
0.013099999999999999,,,Puerto Rico,2003-12-01,7.0,,,75833996000.0,,,,,0.19707025657825197,,82.22,74.12,0.45152861594194904,0.22740470886230502,0.654270324707031,0.118325004577637,3826095,0.9422400000000001,The Americas,2677000000.0,1420000000.0
,,,Sint Maarten (Dutch part),2003-12-01,,,,,,,,,,,,,,,,,33791,1.0,The Americas,538000000.0,144000000.0
,,220.02,St. Kitts and Nevis,2003-12-01,,,,461576906.469689,0.0371000627860049,358.796296296296,,0.0116,0.229697842928439,0.12216406439053501,,,0.46141907338660604,,,,47679,0.32281,The Americas,75000000.0,8000000.0
0.017941,,359.366,St. Lucia,2003-12-01,,,,781338352.904771,0.0619094838092169,299.018699159071,,0.0148,0.20982473463342402,0.149972422139427,74.356,70.267,0.611995104039168,0.30003831863403296,0.627579345703125,0.0724008750915527,161766,0.25216,The Americas,282000000.0,36000000.0
0.0173,,,St. Martin (French part),2003-12-01,,,,,,,,,,,80.9,74.4,,,,,27363,,The Americas,,
0.018581,,194.351,St. Vincent and the Grenadines,2003-12-01,,,,482397041.110191,0.039007486282811005,173.669555111179,,0.019399999999999997,0.0646227416659743,0.11832384521929701,73.334,68.517,0.580611519754875,0.296143169403076,0.632331352233887,0.07153470516204831,108353,0.46271999999999996,The Americas,91000000.0,13000000.0
0.021057,,2240.537,Suriname,2003-12-01,,,,1271196078.43137,0.0662355608745635,172.919517340589,,0.0277,0.047198753952895606,0.210416666666667,71.873,64.955,0.346135597606739,0.301460151672363,0.639039001464844,0.059494686126709,486867,0.66664,The Americas,18000000.0,68000000.0
0.014928,,27696.851,Trinidad and Tobago,2003-12-01,,,13541.395,11235960523.0869,0.0512558072368701,448.572087591555,,0.0246,0.259717641091609,0.111666666666667,72.588,65.203,0.261983319157421,0.230240955352783,0.700601654052734,0.0691582012176514,1283868,0.10244,The Americas,437000000.0,143000000.0
,,102.676,Turks and Caicos Islands,2003-12-01,,,,,,,,,,,,,,,,,23412,0.8660800000000001,The Americas,,
0.0141,,5681664.468,United States,2003-12-01,6.0,,2261151.295,11512200000000.0,0.156214697007772,5992.72639852917,,0.0068,0.616971171244207,0.041225,79.6,74.5,0.548468140914012,0.208538131713867,0.668584518432617,0.122877349853516,290107933,0.79583,The Americas,101535000000.0,82091000000.0
0.015829,,4598.418,Uruguay,2003-12-01,45.0,,2522.978,12045627411.0182,0.0968211121178125,350.71527653778,,0.013300000000000001,0.159371367159756,0.589409958333333,79.051,71.727,0.149614588993661,0.241530437469482,0.624679489135742,0.133790378570557,3325411,0.92828,The Americas,419000000.0,236000000.0
0.022703,,192103.129,"Venezuela, RB",2003-12-01,141.0,,52881.333,83622191418.9774,0.0585535475343627,189.591240749297,,0.016800000000000002,0.0749996346522407,0.251933333333333,75.914,70.006,0.271933226600898,0.32242649078369096,0.629594268798828,0.0479792022705078,25797219,0.8848,The Americas,378000000.0,1311000000.0
0.0141,,,Virgin Islands (U.S.),2003-12-01,,,,,,,,,0.274290729887632,,81.4,75.1,0.455389390258547,0.238021774291992,0.6655889892578131,0.096389217376709,108085,0.9325100000000001,The Americas,1257000000.0,
0.020332,,89493.135,Algeria,2004-12-01,25.0,,30973.89,85324997369.5015,0.035440632631799,90.3800523000177,,0.030100000000000002,0.046344750877653704,0.08,71.286,68.119,0.14591206659505201,0.297089519500732,0.659807052612305,0.0431034660339355,33461345,0.63061,Africa,178000000.0,341000000.0
0.049538,,18793.375,Angola,2004-12-01,119.0,,9675.667,19640862549.6511,0.0512110974203731,63.3866542515918,,0.123,0.00464814617985909,0.8233416666666671,49.41,46.664,0.0463174063003565,0.477412109375,0.497995109558105,0.0245927906036377,15976715,0.35405000000000003,Africa,82000000.0,86000000.0
0.040976,,2511.895,Benin,2004-12-01,31.0,,2490.505,4050869967.79893,0.0456181020585748,23.3240610819323,,0.0783,0.0118254096518994,,58.243,55.1,0.057974735181872704,0.44731861114502003,0.524564170837402,0.0281174731254578,7922796,0.39635,Africa,121000000.0,59000000.0
0.025692,,4378.398,Botswana,2004-12-01,107.0,,1857.183,8957491784.92086,0.0494125344233316,267.708722590336,,0.045899999999999996,0.0330488925316113,0.1575,47.641,46.693,0.281894110168601,0.361788902282715,0.6066551589965821,0.0315569996833801,1854739,0.5484100000000001,Africa,582000000.0,280000000.0
0.045192,,1103.767,Burkina Faso,2004-12-01,40.0,,,4838551014.48553,0.061114931880396,23.9548858030992,,0.089,0.00400295285492178,,53.074,51.334,0.0303767962856037,0.465584297180176,0.5084605407714841,0.025955140590667697,13034258,0.20757,Africa,52000000.0,67000000.0
0.043146000000000004,,198.018,Burundi,2004-12-01,13.0,,,915257323.428255,0.09718815298968851,8.79760938928481,,0.07890000000000001,0.00349060461879596,0.182541666666667,50.877,48.302,0.013388771938327,0.46072395324707005,0.511619262695313,0.0276566815376282,7510771,0.09139,Africa,1800000.0,29000000.0
0.040604,,3956.693,Cameroon,2004-12-01,45.0,,6959.112,15775356736.7031,0.0463286677377944,41.3495218363645,,0.08070000000000001,0.00976075415490902,0.18,52.62,50.856,0.0866122469301203,0.44501453399658203,0.521700172424316,0.0332851672172546,17674960,0.4794,Africa,212000000.0,394000000.0
0.037712,,212.686,Central African Republic,2004-12-01,22.0,,,1270080228.23241,0.041419216637861904,13.5059796742189,,0.1114,0.00223401395464406,0.18,46.15,43.061,0.0154099232200576,0.42002212524414095,0.540265731811523,0.03971111536026,3893595,0.37966,Africa,7800000.0,32000000.0
0.050039,,377.701,Chad,2004-12-01,64.0,,,4414929142.23367,0.0510035288922756,23.2981135149498,,0.1017,0.0036092010703446696,0.18,48.114,46.661,0.0127263005244477,0.49239856719970704,0.480593109130859,0.0270085215568542,9665024,0.21768,Africa,,
0.039361,,102.676,Comoros,2004-12-01,,,34.0,362420483.548684,0.039610182200688,24.5230382934878,,0.0714,0.0132732717785355,0.11,60.286,57.42,0.0143118507522348,0.414245910644531,0.555548515319824,0.0302055549621582,585389,0.27903,Africa,21000000.0,9000000.0
0.046304000000000005,,1936.176,"Congo, Dem. Rep.",2004-12-01,133.0,,19230.98,10297481118.396,0.053578338868227604,6.64637586816617,,0.10779999999999999,0.00196208375178039,,49.127,46.144,0.0379276942325831,0.463181457519531,0.508648262023926,0.0281703233718872,52487293,0.37,Africa,,
0.039304,,1180.774,"Congo, Rep.",2004-12-01,37.0,,1020.373,4648628839.49057,0.025552958865542798,34.4420698715239,,0.0659,0.0107750492958505,0.18,54.627,52.426,0.11124026782120999,0.421513366699219,0.543146057128906,0.0353411602973938,3448868,0.60533,Africa,23100000.0,176000000.0
0.036893,,7664.03,Cote d'Ivoire,2004-12-01,58.0,,9301.697,15481092596.4757,0.0558056577532424,50.3917899535619,,0.09129999999999999,0.00849282414747704,,47.652,45.971,0.0976610044431612,0.422990570068359,0.547679901123047,0.0293294715881348,17144325,0.46175,Africa,91000000.0,571000000.0
0.029085,,458.375,Djibouti,2004-12-01,,,133.0,666072101.777505,0.0676371069913007,56.7701067335802,,0.0728,0.00781317175068661,0.112458333333333,59.149,56.249,0.0450288334970017,0.38087902069091795,0.586261520385742,0.0328607845306396,765776,0.76716,Africa,6800000.0,14000000.0
0.024374,,150911.718,"Egypt, Arab Rep.",2004-12-01,37.0,,53536.274,78845185709.4117,0.052673308916258,56.6334226345683,,0.0273,0.1192,0.13375,71.686,66.957,0.10827200093020001,0.32970546722412103,0.615818023681641,0.054476466178894,70591288,0.42981,Africa,6328000000.0,1543000000.0
0.038147,,5218.141,Equatorial Guinea,2004-12-01,,,762.0,4410764260.98831,0.021347966171142197,190.93027628793,,0.08929999999999999,0.00843930284607049,0.18,49.764,47.271,0.105634463798438,0.410049438476563,0.55665096282959,0.0332978940010071,585983,0.38822,Africa,,
0.040028,,770.07,Eritrea,2004-12-01,91.0,,743.57,1109054002.42096,0.0294944738735204,7.01116245269732,,0.0494,,,60.409,55.956,0.00428676576811769,0.439830741882324,0.540868721008301,0.0193015921115875,4665522,0.18594999999999998,Africa,73000000.0,
0.039752,,5243.81,Ethiopia,2004-12-01,34.0,,28377.334,9945571029.94291,0.0433063043151757,5.8676362792042,,0.07440000000000001,0.0015533452079472198,0.07,56.471,54.695,0.0020999337254576003,0.463794174194336,0.505337753295898,0.0308679890632629,74066147,0.15503999999999998,Africa,458000000.0,59000000.0
0.033232,,1767.494,Gabon,2004-12-01,,,1629.235,7178135606.41428,0.0338366977017695,180.297673260076,,0.0515,0.0297906980035019,0.18,60.761,58.658,0.363267699730908,0.397237815856934,0.5458417129516601,0.0569204807281494,1347125,0.8284699999999999,Africa,74000000.0,275000000.0
0.044454,,322.696,"Gambia, The",2004-12-01,,,108.0,578785600.648136,0.043519712492250104,18.0960263648155,,0.0581,0.033080034781293705,0.365,57.762,55.212,0.12572435187300499,0.45959075927734405,0.514798851013184,0.025611128807067902,1391934,0.51479,Africa,51000000.0,6000000.0
0.034024,,7348.668,Ghana,2004-12-01,22.0,,8266.629,8881419348.21594,0.0613636397998145,26.157073124306,,0.0589,0.0171679770389504,,59.05,57.439,0.0813514847773854,0.404418716430664,0.562409210205078,0.0331721115112305,20835514,0.46630000000000005,Africa,495000000.0,270000000.0
0.040485,,1342.122,Guinea,2004-12-01,40.0,,,3666349049.40435,0.052554866026362494,20.3698038260954,,0.0883,0.005088193323029369,,52.401,51.998,0.0165145265464351,0.437340812683105,0.5298957061767581,0.0327635836601257,9379621,0.32427999999999996,Africa,,29000000.0
0.04045,,201.685,Guinea-Bissau,2004-12-01,,,86.0,522651787.703763,0.0530915972473741,19.9509010929987,,0.0987,0.018081422034299098,,53.044,51.33,0.0283658723704712,0.430163841247559,0.540379524230957,0.029458055496215798,1390791,0.40013,Africa,2200000.0,22300000.0
0.038799999999999994,,7623.693,Kenya,2004-12-01,47.0,,15551.587,16095321630.6659,0.0428974553800706,19.8207627334926,,0.0631,0.0302352804209621,0.125316666666667,54.854,53.059,0.0730927457597769,0.42934989929199197,0.543288345336914,0.0273616981506348,34834606,0.21309999999999998,Africa,799000000.0,108000000.0
0.029197,,,Lesotho,2004-12-01,93.0,,28.0,1234197704.43821,0.0696438767810328,44.9547143082077,,0.084,0.021755243393109698,0.12375,43.619,43.452,0.10262068114279,0.40045825958252,0.553176689147949,0.0463634824752808,1912022,0.21689,Africa,26000000.0,278000000.0
0.040805999999999995,,627.057,Liberia,2004-12-01,,,,466999999.999999,0.08774857645841241,12.8675318195403,,0.08979999999999999,0.000310111848040233,0.180952325038288,54.947,53.286,0.029632834826384,0.432779426574707,0.537003364562988,0.0302181434631348,3184643,0.45706,Africa,59000000.0,29000000.0
0.022699999999999998,,50358.911,Libya,2004-12-01,,,17795.591,33384615384.6154,0.0350424234812699,204.548059431718,,0.0209,0.0353283816154549,0.0608333333333333,75.092,71.544,0.09079353550027242,0.31019775390625,0.6478534698486329,0.041948609352111796,5507000,0.76774,Africa,261000000.0,789000000.0
0.038221,,1807.831,Madagascar,2004-12-01,44.0,,,4363934416.54784,0.0486496159960174,11.9517667550339,,0.0575,0.00525353654946669,0.255,62.043,59.477,0.0187964365089119,0.450329055786133,0.5203200912475591,0.0293510222434998,17763367,0.28210999999999997,Africa,239000000.0,108000000.0
0.042884,,975.422,Malawi,2004-12-01,39.0,,,2625127097.7198,0.0781617071450709,16.3245243241034,,0.07840000000000001,0.00347505334967577,0.368333333333333,48.053,48.078,0.017673115740828,0.461144485473633,0.508361015319824,0.0304943299293518,12569091,0.14964,Africa,74000000.0,70000000.0
0.048213,,564.718,Mali,2004-12-01,41.0,,,4874178417.19164,0.0627953802902515,27.0355217501709,,0.1008,0.00432819639900985,,50.718,51.333,0.0351562472997345,0.462232246398926,0.50642333984375,0.0313445949554443,11572936,0.313,Africa,142000000.0,125000000.0
0.037077,,1631.815,Mauritania,2004-12-01,82.0,,,1833445283.01887,0.058909760840315496,27.7786007409828,,0.07529999999999999,0.0048147043823095394,0.21,61.666,58.627,0.170974578004697,0.417888832092285,0.550572814941406,0.031539964675903295,3055425,0.52375,Africa,,
0.0156,,3193.957,Mauritius,2004-12-01,46.0,,1019.0,6385691315.22535,0.041662060273730296,226.771614076659,,0.013699999999999999,0.136890885885342,0.21,75.7733333333333,68.9466666666667,0.453186315675384,0.24575954437255898,0.689064636230469,0.0651750326156616,1233386,0.4183,Africa,1156000000.0,277000000.0
0.020253,,43310.937,Morocco,2004-12-01,12.0,,12221.01,56948015336.0397,0.0521554803848995,99.4829655846155,,0.0365,0.116079347729582,0.115,70.639,67.206,0.312732257898125,0.314167156219482,0.636380157470703,0.049452600479126,29855820,0.54644,Africa,4540000000.0,912000000.0
0.044307,,1921.508,Mozambique,2004-12-01,153.0,,8374.675,5697991241.44882,0.059127638027843,16.4837597662336,,0.09459999999999999,0.00679447835392438,0.22075,49.087,46.449,0.034639952674387804,0.445849723815918,0.522349891662598,0.0318006014823914,20438827,0.29818,Africa,96000000.0,140000000.0
0.02964,,1961.845,Namibia,2004-12-01,85.0,,1163.275,6606866449.78615,0.0647182455071581,213.441467690339,,0.048299999999999996,0.038047156152631,0.113891666666667,57.256,52.702,0.142810434678434,0.400230102539063,0.566609916687012,0.0331594562530518,2003320,0.35666,Africa,426000000.0,123000000.0
0.051526,,964.421,Niger,2004-12-01,35.0,,,3052898685.69525,0.0710645971577781,16.1991982782058,,0.0863,0.00189933733703092,,53.431,53.495,0.0135669523484217,0.48789436340332004,0.486884956359863,0.025220599174499498,12708897,0.1659,Africa,32000000.0,42000000.0
0.042565,,97047.155,Nigeria,2004-12-01,36.0,,101751.112,87845403978.2742,0.0695886910859126,44.9491205261352,,0.1002,0.012861376413452702,0.191808333333333,48.518,47.752,0.0672592606209225,0.435034217834473,0.537552528381348,0.027413232326507598,135999250,0.38212,Africa,49000000.0,
0.038665,,689.396,Rwanda,2004-12-01,18.0,,,2089188920.75355,0.0582024945448424,13.1349360827668,,0.0746,0.0043085424337006,0.1648,54.522,52.439,0.0148330860449956,0.44570987701416004,0.528138732910156,0.026151294708252,9254379,0.18425999999999998,Africa,44000000.0,31000000.0
0.037590000000000005,,73.34,Sao Tome and Principe,2004-12-01,192.0,,38.0,110723361.796807,0.110329903269268,79.1313779594619,,0.0497,0.133228526892178,0.2977,66.139,62.473,0.0513451160817279,0.422475166320801,0.53735034942627,0.040174489021301295,150842,0.57144,Africa,7700000.0,2100000.0
0.039335,,5280.48,Senegal,2004-12-01,59.0,,2735.547,8031344239.66792,0.056818302562733895,41.5998914448528,,0.0594,0.0438602398008563,,61.504,58.371,0.102239074332614,0.44258499145507796,0.525657196044922,0.0317578148841858,10967568,0.40942999999999996,Africa,286000000.0,138000000.0
0.0174,,744.401,Seychelles,2004-12-01,,,256.0,839319935.206909,0.042974580930480705,420.634664510999,,0.0123,0.242721392249906,0.0999165,76.4,69.0,0.63403342235076,0.25038774490356397,0.6734381866455079,0.0761507177352905,82500,0.50841,Africa,256000000.0,53000000.0
0.042249,,641.725,Sierra Leone,2004-12-01,26.0,,,1431208677.30352,0.153603434844441,44.6085248683365,,0.1301,0.00203007680592588,0.220833333333333,41.767,40.92,,0.427196884155273,0.548509941101074,0.0242931723594666,4928175,0.36595999999999995,Africa,58000000.0,30000000.0
0.047064999999999996,,575.719,Somalia,2004-12-01,,,,,,,,0.10490000000000001,0.010534547435842201,,53.653,50.529,0.0606063177237722,0.476507339477539,0.494322471618652,0.029169940948486302,8249965,0.34759999999999996,Africa,,
0.023115,,427132.16,South Africa,2004-12-01,38.0,,128721.939,219092936699.386,0.0890633792512045,410.345193829238,,0.052399999999999995,0.084251186825406,0.112916666666667,53.27,50.544,0.438226590211664,0.311711177825928,0.6466893005371089,0.041599540710449204,47019452,0.5899300000000001,Africa,7571000000.0,4237000000.0
0.040277,,,South Sudan,2004-12-01,,,,,,,,0.09079999999999999,,,51.809,49.646,,0.442283630371094,0.525974540710449,0.0317416930198669,7730180,0.17023,Africa,,
0.038121,,11382.368,Sudan,2004-12-01,39.0,,14768.544,21457886199.291,0.041408942494938004,28.8690597284034,,0.0628,0.00791561615446385,,61.403,57.729,0.0279588275774887,0.433471832275391,0.536292304992676,0.0302359056472778,30778572,0.32707,Africa,21000000.0,176000000.0
0.031581,,1030.427,Swaziland,2004-12-01,,,406.0,2420610578.59952,0.0588365665319383,130.09281975564,,0.0819,0.032286850731611104,0.112916666666667,45.731,45.759,0.132449363238268,0.42425632476806596,0.5445294570922851,0.0312114644050598,1094758,0.22166,Africa,75000000.0,54000000.0
0.041876,,4352.729,Tanzania,2004-12-01,28.0,,16197.713,12825801916.6063,0.0344286959719794,11.6926783477975,,0.0613,0.0087757497099259,0.14140319465850001,53.438,52.272,0.0514230862489345,0.44613838195800803,0.524079246520996,0.0297823882102966,37765139,0.24223,Africa,762000000.0,470000000.0
0.038494999999999994,,1397.127,Togo,2004-12-01,65.0,,2327.027,1937074537.93089,0.0589058702669859,21.1363588327444,,0.07,0.015,,54.779,53.202,0.0616106298599202,0.430779228210449,0.5413569259643549,0.027864236831664998,5397851,0.34724,Africa,25000000.0,38000000.0
0.016800000000000002,,22445.707,Tunisia,2004-12-01,11.0,,8462.733,31183139301.4853,0.0562538520609056,178.746294541818,,0.0206,0.0852881775162591,,75.3,71.4,0.375546036343882,0.264770908355713,0.669026489257813,0.0662028312683105,9932400,0.64929,Africa,2432000000.0,427000000.0
0.047159,,1851.835,Uganda,2004-12-01,34.0,,,7940362663.20133,0.0788337543346259,24.092723875628,,0.0725,0.00719970679914031,0.206031757398424,52.192,51.566,0.04195756068015451,0.493797302246094,0.480916748046875,0.0252858924865723,27766986,0.12755,Africa,268000000.0,158000000.0
0.044456,,2130.527,Zambia,2004-12-01,35.0,,7005.206,5439176375.73615,0.0669455462694097,32.584388681664,,0.0808,0.020135495321853297,0.307271,46.164,45.385,0.041554232123601195,0.465591850280762,0.5072309112548831,0.0271768689155579,11174650,0.36196,Africa,92000000.0,86000000.0
0.03218,,9926.569,Zimbabwe,2004-12-01,97.0,,9269.223,5805598442.66676,,,,0.0575,0.065640450271075,2.78916666666667,42.601,43.728,0.0335415917076491,0.415171699523926,0.548737907409668,0.0360903882980347,12693047,0.34293999999999997,Africa,194000000.0,
0.046291,,733.4,Afghanistan,2004-12-01,9.0,,,5285461998.97866,0.09786432131418821,19.3556549564115,,0.0862,0.0010580903002195801,,57.778,55.419,0.0249805547198635,0.49368206024169903,0.486041984558105,0.020276007652282702,24018682,0.22562000000000001,Asia,,
0.013911,,3644.998,Armenia,2004-12-01,18.0,,2094.755,3576615240.41616,0.055011816930336,65.0292553722608,,0.0219,0.048990085713053994,0.186332851199601,76.464,69.652,0.0671951037330136,0.225301189422607,0.660021057128906,0.11467809677124001,3025652,0.64217,Asia,188000000.0,216000000.0
0.0158,,32089.917,Azerbaijan,2004-12-01,121.0,,12785.615,8680511918.49357,0.07924543949120749,81.2584850828094,,0.046700000000000005,,0.1572,71.297,65.778,0.172061565053897,0.269816265106201,0.6666168212890631,0.06356679439544681,8306500,0.52189,Asia,79000000.0,140000000.0
0.024135,,39750.28,Bangladesh,2004-12-01,50.0,,22554.296,56560744012.2303,0.0312361062308355,12.3741137215752,,0.053399999999999996,0.00199036333744363,0.1475,67.57,66.625,0.0196945467532188,0.348228149414063,0.609343490600586,0.0424283599853516,141235035,0.26114,Asia,76000000.0,442000000.0
0.023698,,308.028,Bhutan,2004-12-01,62.0,,180.0,702682018.270426,0.044075000779634894,48.8612167421806,,0.0479,0.0315698419613711,0.15,63.468,63.141,0.0301912152366409,0.35197109222412104,0.607888069152832,0.0401440000534058,633893,0.29835,Asia,13000000.0,
0.020262,,5361.154,Brunei Darussalam,2004-12-01,,,2295.689,7872333197.25476,0.0301491426490375,657.816292707139,,0.0075,0.297156041447864,0.055,78.821,74.952,0.561129942876465,0.29216428756713897,0.676784973144531,0.0310479307174683,360797,0.7306100000000001,Asia,181000000.0,382000000.0
0.026238,,2445.889,Cambodia,2004-12-01,94.0,,3389.263,5337833255.9454,0.0707293354801703,28.712083708326,,0.056799999999999996,0.0030043664436010097,,68.683,63.493,0.0655163670759988,0.36986820220947303,0.587517623901367,0.0426140069961548,13149386,0.19055,Asia,673000000.0,80000000.0
0.012289999999999999,,5288166.032,China,2004-12-01,48.0,,1639853.716,1931644329934.27,0.0474754122100018,69.5915371750625,,0.0221,0.073,0.0558,75.087,72.562,0.255510015440261,0.214124279022217,0.710647354125977,0.0752283954620361,1296075000,0.41144,Asia,27755000000.0,21360000000.0
0.012473000000000001,,4323.393,Georgia,2004-12-01,25.0,,2780.504,5125273877.24618,0.0853107694421824,96.8447410348652,,0.0237,0.0388622135350273,0.22087125,76.412,69.176,0.186177822859269,0.18959199905395502,0.667137832641602,0.14327018737793001,4318300,0.52411,Asia,209000000.0,196000000.0
0.0072,,38415.492,"Hong Kong SAR, China",2004-12-01,11.0,,12808.023,169099768875.193,,,,,0.563998803935333,0.05,84.7,79.0,1.1910290156358498,0.148272104263306,0.7323696136474609,0.119358263015747,6783500,1.0,Asia,11874000000.0,13270000000.0
0.023757,,1348524.582,India,2004-12-01,89.0,,519164.856,721585608183.503,0.0450497891406754,29.0208313821852,,0.0579,0.0197613649190559,0.109166666666667,65.225,62.295,0.0470185237172544,0.326293487548828,0.6272642898559571,0.0464422512054443,1110626108,0.28903,Asia,6307000000.0,5783000000.0
0.021443999999999998,,337635.358,Indonesia,2004-12-01,151.0,,176238.357,256836883304.553,0.0236774836004572,27.4804383614632,,0.0348,0.026002858763341397,0.141241666666667,70.592,66.606,0.137087471096174,0.300234622955322,0.6513353729248049,0.048430042266845705,221293797,0.45145,Asia,5226000000.0,4569000000.0
0.008693604564701831,,1259654.837,Japan,2004-12-01,31.0,,522488.37,4655803055650.55,0.0799472475335267,2914.01380491838,,0.0029,0.623939296327259,0.0176658333333333,85.59,78.64,0.7215580042860741,0.13934907913208,0.667736129760742,0.192914791107178,127761000,0.8464,Asia,14343000000.0,48175000000.0
0.01819,,172158.316,Kazakhstan,2004-12-01,26.0,,50717.073,43151647002.6096,0.039518034046688896,114.428655320608,,0.0303,0.026503946570164,,71.65,60.4,0.164201166358395,0.250821743011475,0.673535919189453,0.0756425189971924,15012985,0.54921,Asia,803000000.0,997000000.0
0.015961,,79482.225,"Korea, Dem. Rep.",2004-12-01,,,20493.688,,,,,0.0275,,,71.521,64.373,,0.250418300628662,0.678349685668945,0.0712320899963379,23639303,0.59727,Asia,,
0.009800000000000001,,482276.506,"Korea, Rep.",2004-12-01,17.0,,208284.18,764880644710.649,0.05215374964369621,783.809055508036,,0.0052,0.727,0.0590416666666667,81.35,74.51,0.781731366066463,0.195504055023193,0.7155388641357421,0.0889570617675781,48039415,0.81002,Asia,8226000000.0,13507000000.0
0.0216,,5698.518,Kyrgyz Republic,2004-12-01,21.0,,2542.397,2211535311.62834,0.0557289951351867,24.5621106409427,,0.0357,0.05090385307328629,0.2927,72.2,64.3,0.052472351777435505,0.319000625610352,0.6241567230224611,0.0568426752090454,5104700,0.35292,Asia,92000000.0,73000000.0
0.028354,,1422.796,Lao PDR,2004-12-01,153.0,,,2366398119.88556,0.0458318860703461,19.0304705776285,,0.0725,0.00361434490258043,0.2925,65.258,62.76,0.035828564169295196,0.411121406555176,0.5515987396240231,0.037279841899871796,5699112,0.26242,Asia,122000000.0,8000000.0
0.007769,,1727.157,"Macao SAR, China",2004-12-01,,,,10258324479.1391,,,,,0.31484097382412096,0.0601209677419355,80.9,76.113,0.943097905971536,0.184744262695313,0.7416943359375,0.0735592365264893,458542,1.0,Asia,7431000000.0,529000000.0
0.019107,,167332.544,Malaysia,2004-12-01,37.0,,58690.644,124749736842.105,0.0367579021533684,180.781102979269,,0.0070999999999999995,0.422522656295248,0.0604583333333333,75.736,71.429,0.576027941396145,0.308339748382568,0.6489881134033201,0.042672195434570306,25365089,0.6569400000000001,Asia,9183000000.0,3822000000.0
0.021417000000000002,,777.404,Maldives,2004-12-01,9.0,,250.0,1075605492.18297,0.0590873586659979,217.273554750265,,0.0219,0.06588254875308609,0.13,74.613,72.096,0.387159193859934,0.356086235046387,0.5994632720947269,0.044450521469116204,292505,0.3249,Asia,471000000.0,75000000.0
0.019757,,8551.444,Mongolia,2004-12-01,13.0,,2600.481,1992066758.84423,0.06995531245360649,55.8251771699281,,0.039200000000000006,,0.31473333333333303,68.618,61.265,0.171735741000093,0.29900354385376,0.663886337280273,0.0371108961105347,2496248,0.61443,Asia,205000000.0,207000000.0
0.019234,,12434.797,Myanmar,2004-12-01,,,14764.262,,0.022719462835319,4.54471755062811,,0.052399999999999995,0.00024337392002823002,0.15,65.287,61.223,0.00185366790436339,0.285562114715576,0.665586013793945,0.048851842880249,49875169,0.28495000000000004,Asia,97000000.0,32000000.0
0.029335999999999997,,2768.585,Nepal,2004-12-01,31.0,,8832.457,7273933992.74548,0.057745251609728196,16.880850608383,,0.049,0.004498436512159741,0.085,65.252,63.283,0.00468575642878094,0.39724494934082005,0.560067710876465,0.042687215805053705,24921910,0.14871,Asia,260000000.0,205000000.0
0.028287,,131601.296,Pakistan,2004-12-01,24.0,,73579.859,97977766197.6724,0.0282329409210739,17.5384514267325,,0.08159999999999999,0.061643209853415606,0.072575,65.746,64.174,0.032374236998476504,0.388151016235352,0.570999526977539,0.0408494758605957,155151394,0.34392,Asia,765000000.0,1612000000.0
0.027855,,74066.066,Philippines,2004-12-01,49.0,,38642.546,91371236939.2189,0.032281485850946104,35.0178313253075,,0.028,0.052436284521711,0.10079,70.705,64.163,0.391016921981606,0.373871879577637,0.592307281494141,0.0338208723068237,84231329,0.46872,Asia,2390000000.0,1526000000.0
0.0103,,28474.255,Singapore,2004-12-01,8.0,,30845.394,114186643421.944,0.0320864012434627,826.448577854354,,0.0023,0.62,0.053,82.0,77.1,0.912073900223819,0.195967102050781,0.7232752990722661,0.08075740814208981,4166700,1.0,Asia,5327000000.0,9291000000.0
0.018606,,11965.421,Sri Lanka,2004-12-01,48.0,,8797.975,20662525941.2986,0.0423523357347594,44.3351053354177,,0.012199999999999999,0.014461599804148599,0.0947,77.087,69.955,0.112027828338411,0.256034259796143,0.675110168457031,0.068855562210083,19435000,0.18394,Asia,808000000.0,499000000.0
0.029408,,2563.233,Tajikistan,2004-12-01,,,2346.115,2076148710.31813,0.0430064538356764,13.3984525028942,,0.0575,0.0007747990713568249,0.202965804082394,69.05,61.722,0.0202583190787297,0.39206226348877005,0.570497970581055,0.0374396252632141,6663929,0.26417,Asia,9600000.0,3400000.0
0.01299,,252344.605,Thailand,2004-12-01,33.0,,96291.171,161339790594.627,0.035140179163767604,87.1060934587626,,0.016,0.106773033237281,0.055,75.583,68.54,0.414297513804515,0.227665309906006,0.697469482421875,0.0748652124404907,65087400,0.36256,Asia,13054000000.0,5343000000.0
0.038376,,176.016,Timor-Leste,2004-12-01,158.0,,58.0,455500000.0,0.0856789224377627,27.4051341895987,,0.0686,,0.15539103209230398,64.032,61.012,0.0266001507776216,0.48435707092285196,0.488962097167969,0.0266839170455933,966987,0.2571,Asia,,
0.022815000000000002,,43336.606,Turkmenistan,2004-12-01,,,18405.853,6838351088.46688,0.0366403530696288,110.744172547275,,0.06,0.00754053982724623,,68.435,60.435,0.0106666643956536,0.334293251037598,0.619964408874512,0.045742530822753896,4696876,0.46812,Asia,,
0.020892860974656903,,119305.845,Uzbekistan,2004-12-01,29.0,,50677.834,12030023547.8807,0.051164178157237596,23.853939478798,,0.047799999999999995,0.0259372542084924,,70.645,64.046,0.0211019090343668,0.340606956481934,0.612558059692383,0.0468351078033447,25864350,0.36826000000000003,Asia,57000000.0,
0.016943,,90549.231,Vietnam,2004-12-01,51.0,,38967.724,49424107709.8946,0.0553461604597746,29.8780500827533,,0.024300000000000002,0.0764240852842363,0.097225,79.398,69.784,0.0589419088391841,0.27992115020752,0.654449996948242,0.0656288814544678,81437700,0.26683,Asia,1700000000.0,
0.01529,,4165.712,Albania,2004-12-01,41.0,,2171.629,7464446950.02559,0.0651387167703004,147.945965024111,,0.019100000000000002,0.0242038779776014,0.117615218344487,79.094,72.739,0.391639566854891,0.273355770111084,0.6448410797119141,0.0818040657043457,3014579,0.45651,Europe,756000000.0,669000000.0
0.0109,,564.718,Andorra,2004-12-01,,,,2322163502.26295,0.0571477677995961,2193.36068934343,,0.0032,0.26837954389463703,,,,0.738249430812042,,,,79060,0.90751,Europe,,
0.009699999999999999,,71865.866,Austria,2004-12-01,25.0,,32690.156,291430382497.377,0.10428302723641901,3720.13105380215,,0.0040999999999999995,0.5428000000000001,,82.1,76.4,0.975448169734817,0.16261095046997098,0.678899383544922,0.158489580154419,8171966,0.65818,Europe,17251000000.0,10812000000.0
0.0091,,58037.609,Belarus,2004-12-01,79.0,,26888.481,23141587717.7633,0.0658678934285326,156.819988306698,,0.008,,0.169083333333333,75.0,63.2,0.230379534302038,0.160083789825439,0.6943881225585941,0.145527811050415,9730000,0.71887,Europe,362000000.0,500000000.0
0.011300000000000001,,111282.449,Belgium,2004-12-01,34.0,,58895.203,361683211959.795,0.100082187670579,3481.7796525033,,0.004200000000000001,0.5386,0.067,81.9,76.0,0.874602539589925,0.171763610839844,0.655655822753906,0.1725807762146,10421137,0.97345,Europe,10089000000.0,15456000000.0
0.00848,,24616.571,Bosnia and Herzegovina,2004-12-01,63.0,,4810.925,10022840634.9206,0.0904383330415755,236.281479913775,,0.0072,0.154689716227665,0.102816666666667,77.705,72.504,0.362115077405825,0.19164678573608399,0.681671142578125,0.126682043075562,3886723,0.39222999999999997,Europe,507000000.0,162000000.0
0.009,,46787.253,Bulgaria,2004-12-01,32.0,,18833.161,25283228366.4529,0.0731335439287257,238.247779594135,,0.0146,0.1813,0.08871325000000001,76.2,69.1,0.610715371727952,0.139591903686523,0.6877443695068359,0.172663707733154,7781161,0.70233,Europe,2796000000.0,1935000000.0
0.0091,,23047.095,Croatia,2004-12-01,29.0,,8831.161,41003558915.769,0.06647126555706351,613.943405196085,,0.0060999999999999995,0.3091,0.11745233333333299,79.08,72.13,0.644474880821582,0.16191831588745098,0.6695754241943359,0.16850671768188502,4439000,0.56217,Europe,6945000000.0,881000000.0
0.012067999999999999,,7334.0,Cyprus,2004-12-01,,,2184.136,15816972050.6976,0.06418006276802181,1353.43063702087,,0.004200000000000001,0.3383,0.07573333333333329,80.646,76.41,0.647982910358134,0.204514579772949,0.689614334106445,0.10587308883666999,1015820,0.6840999999999999,Europe,2552000000.0,907000000.0
0.0096,,122708.821,Czech Republic,2004-12-01,40.0,,45510.68,113976672924.834,0.0690346859112404,770.539409750428,,0.0046,0.355,0.060274999999999995,79.0,72.6,1.05630023211521,0.1505344581604,0.709460220336914,0.14000532150268602,10197101,0.7367100000000001,Europe,4931000000.0,2682000000.0
0.012,,50597.266,Denmark,2004-12-01,7.0,,19428.049,244727978020.584,0.0967486938847891,4386.56750553147,,0.004200000000000001,0.8093,,79.9,75.2,0.9570911343362429,0.18777570724487302,0.66228645324707,0.149937629699707,5404523,0.85566,Europe,5652000000.0,7279000000.0
0.0103,,17216.565,Estonia,2004-12-01,72.0,,5281.915,12031396467.0807,0.051123455133036705,449.997756070766,,0.0063,0.532,0.0565527201135232,77.8,66.3,0.9427919527181651,0.15635379791259799,0.677806930541992,0.165837783813477,1362550,0.6886199999999999,Europe,1111000000.0,486000000.0
,,795.739,Faeroe Islands,2004-12-01,,,,1683997930.26322,,,,,0.665335994677312,,81.9,77.0,0.8465827559345659,,,,48782,0.39247,Europe,,
0.011,,67091.432,Finland,2004-12-01,14.0,,37120.291,189064585622.668,0.08209524056585189,2973.58229104023,,0.0032,0.7239,0.036889385916477196,82.3,75.3,0.95403129865311,0.175292549133301,0.6672962951660161,0.15741095542907702,5228172,0.82772,Europe,2975000000.0,3383000000.0
0.0128,,390102.794,France,2004-12-01,7.0,,269776.616,2055678605352.85,0.10969493980206,3619.99403531755,,0.0039,0.39149999999999996,0.066,83.8,76.7,0.730199139094822,0.185560512542725,0.6505866241455079,0.16385286331176802,62702121,0.7688299999999999,Europe,52108000000.0,36029000000.0
0.0086,,825896.408,Germany,2004-12-01,45.0,,340675.718,2726341472500.05,0.106688527576627,3524.33621963286,,0.004,0.6473,,81.6,75.9,0.850602066738094,0.145734424591064,0.670105514526367,0.184160041809082,82516260,0.73289,Europe,36390000000.0,80624000000.0
0.0096,,97149.831,Greece,2004-12-01,38.0,,29707.102,227950420104.601,0.0868104565497013,1808.75467887897,,0.0050999999999999995,0.21420000000000003,,81.6,76.6,0.8449551267378089,0.144635915756226,0.672262725830078,0.183101100921631,11055729,0.7407299999999999,Europe,12809000000.0,2880000000.0
0.0094,,57351.88,Hungary,2004-12-01,52.0,,26157.317,101925734602.027,0.0821920407231196,828.080546332111,,0.0075,0.2774,0.128245260157791,76.9,68.6,0.862551730245253,0.157537670135498,0.6867555999755859,0.155706748962402,10107146,0.65896,Europe,4009000000.0,2482000000.0
0.0145,,2233.203,Iceland,2004-12-01,5.0,,3368.106,13251434311.4214,0.10014016804124401,4566.88872294659,,0.0026,0.8388,0.12016666666666699,83.2,78.9,0.9894191083671591,0.223034420013428,0.6598390197753911,0.11712317466735801,292074,0.92914,Europe,558000000.0,699000000.0
0.0152,,43956.329,Ireland,2004-12-01,18.0,,14269.363,186281307557.443,0.0753224323426388,3486.61367499464,,0.0047,0.3699,0.025658333333333297,81.1,76.1,0.944737737377594,0.20644453048706102,0.682807235717773,0.110747489929199,4070262,0.60202,Europe,6075000000.0,5291000000.0
,,,Isle of Man,2004-12-01,,,,2758117365.04863,,,,,,,,,,,,,79658,0.51887,Europe,,
0.009699999999999999,,472767.975,Italy,2004-12-01,13.0,,181990.31,1735521503771.58,0.08501366109565071,2548.75647882244,,0.0038,0.33240000000000003,0.055061666666666696,83.8,77.9,1.07693766228292,0.141174430847168,0.664650726318359,0.194174842834473,57685327,0.6762,Europe,37870000000.0,24064000000.0
0.02,,,Kosovo,2004-12-01,,,2004.769,3639935347.50715,,,,,,0.147705925635359,70.7,66.3,,,,,1704622,,Europe,,
0.0091,,7132.315,Latvia,2004-12-01,16.0,,4438.219,13761569544.9926,0.0651216027964583,386.786870184407,,0.0115,0.3858,0.07448333333333329,77.2,67.1,0.680669741549498,0.152487525939941,0.679970321655273,0.167540798187256,2263122,0.679,Europe,343000000.0,428000000.0
0.0108,,,Liechtenstein,2004-12-01,,,,3454374260.73671,,,,,0.6400744813941991,,85.1,78.6,0.740310640150965,,,,34445,0.14795,Europe,,
0.009,,13329.545,Lithuania,2004-12-01,26.0,,9385.715,22659294573.2621,0.056734690638026296,374.137728733888,,0.008400000000000001,0.3123,0.057433333333333295,77.8,66.4,0.9153684127156031,0.173167152404785,0.677313385009766,0.14951943397522,3377075,0.66646,Europe,834000000.0,643000000.0
0.0119,,11268.691,Luxembourg,2004-12-01,,,4282.472,34077095478.4477,0.08204554646650511,6145.31809504244,,0.003,0.6587999999999999,,82.4,76.0,1.0408638727222799,0.1876589012146,0.668181457519531,0.14416407585144,458095,0.86177,Europe,3880000000.0,2950000000.0
0.011571,,11191.684,"Macedonia, FYR",2004-12-01,48.0,,2755.906,5514253043.38147,0.0869811889180877,230.427690199154,,0.0124,0.2444,0.12441666666666701,76.512,71.531,0.47254483806133896,0.20286634445190402,0.6868364715576171,0.11029673576355,2085728,0.57711,Europe,103000000.0,85000000.0
0.009699999999999999,,2574.234,Malta,2004-12-01,,,829.851,5643525281.93441,0.08598910031144619,1247.31883823529,,0.0060999999999999995,0.34619999999999995,0.0532416666666667,81.2,77.4,0.740777403974151,0.178439865112305,0.6928649139404299,0.12869036674499498,401268,0.93407,Europe,949000000.0,291000000.0
0.011669,,4554.414,Moldova,2004-12-01,30.0,,3376.774,2598231467.43671,0.08485424735358389,61.1092026657412,,0.02,0.10629390841654,0.209383333333333,71.728,63.87,0.205592373802986,0.198485202789307,0.6908580017089839,0.11065649986267101,3603945,0.45407,Europe,112000000.0,135000000.0
,,,Monaco,2004-12-01,,,,4110348444.49411,0.0403375314662072,4884.56284510699,,0.0037,0.524901966838546,,,,0.472320518203083,,,,33346,1.0,Europe,,
0.012878,,,Montenegro,2004-12-01,,,,2073255525.20487,0.0866435406467066,292.825313241998,,0.0101,0.253500686036232,,76.145,70.956,0.787033692875852,0.203035774230957,0.669372177124023,0.127590417861938,614670,0.6202000000000001,Europe,,
0.0119,,176903.414,Netherlands,2004-12-01,9.0,,79074.722,609889925685.869,0.099683255154891,3739.43248964832,,0.0046,0.6851999999999999,0.0275,81.4,76.9,0.912377035617967,0.185356426239014,0.6757431030273441,0.138900337219238,16281779,0.81514,Europe,16495000000.0,16937000000.0
0.0124,,42665.545,Norway,2004-12-01,18.0,,26433.169,260029106207.989,0.100921833031723,5733.01159139469,,0.0034,0.7768999999999999,0.0404,82.3,77.5,0.9861186057844451,0.19775135040283198,0.654551086425781,0.147697782516479,4591910,0.77275,Europe,3531000000.0,8894000000.0
0.009300000000000001,,304988.057,Poland,2004-12-01,31.0,,91371.08,252768998589.254,0.0620071992714199,410.401888997451,,0.0067,0.32530000000000003,0.07564680829571109,79.2,70.7,0.60420641166992,0.168943290710449,0.699791412353516,0.131265382766724,38182222,0.61564,Europe,6499000000.0,5092000000.0
0.0104,,63175.076,Portugal,2004-12-01,78.0,,25830.836,185397304327.851,0.100488070322311,1778.59452144517,,0.004,0.3178,,81.0,74.5,1.00887353668911,0.156823234558105,0.673527450561523,0.16964948654174802,10483861,0.56907,Europe,8858000000.0,3369000000.0
0.0101,,95400.672,Romania,2004-12-01,28.0,,38682.767,75794733525.1394,0.0543627308301801,190.114504998351,,0.0195,0.15,0.256125,75.3333,68.0333,0.461021430341495,0.159873676300049,0.694320907592773,0.145805406570435,21451748,0.53043,Europe,607000000.0,672000000.0
0.0104,,1602963.044,Russian Federation,2004-12-01,30.0,,647392.056,591016690742.937,0.051875849633683,212.397072507864,,0.0154,0.128593889008473,0.114416666666667,72.3,58.87,0.510784531416293,0.156066818237305,0.707480392456055,0.136452789306641,143821212,0.73418,Europe,7262000000.0,16082000000.0
0.0104,,,San Marino,2004-12-01,,,,1317357834.61634,0.053195439306691406,3358.94079212915,,0.0039,0.505663430420712,0.07137500000000001,85.0,78.6,0.583304882212359,,,,29290,0.94006,Europe,,
0.0105,,,Serbia,2004-12-01,56.0,,18093.711,23649854234.3966,0.08661280386399939,204.355739669404,,0.0083,0.235,0.155269340837342,75.4,69.9,0.471849053125193,0.184932556152344,0.6764588165283201,0.1386083984375,7463157,0.54259,Europe,220000000.0,208000000.0
0.01,,38749.189,Slovak Republic,2004-12-01,52.0,,18353.047,56073225726.3472,0.07210981059046001,565.319598657076,,0.0087,0.5289,0.0907,77.8,70.3,0.7934105098826391,0.172819709777832,0.711104202270508,0.116076049804688,5372280,0.55713,Europe,931000000.0,900000000.0
0.009,,15746.098,Slovenia,2004-12-01,60.0,,7131.44,33837749815.1716,0.0834561544946198,1414.50886725285,,0.0037,0.4081,0.08650000000000001,81.1,73.5,0.926831139218421,0.14408661842346202,0.703283615112305,0.152629280090332,1997012,0.50593,Europe,1725000000.0,937000000.0
0.0106,,339428.521,Spain,2004-12-01,114.0,,139029.832,1044612070303.53,0.0821886079063918,2027.50073102399,,0.005,0.4401,,83.2,76.7,0.904291964601233,0.144692707061768,0.687443466186523,0.167863864898682,42921895,0.77022,Europe,49996000000.0,14864000000.0
0.0112,,54520.956,Sweden,2004-12-01,16.0,,52588.271,362089648912.965,0.0908797098186855,3666.20009665685,,0.0031,0.8389,0.04,82.7,78.4,0.978145436252865,0.176404762268066,0.651448974609375,0.172146034240723,8993531,0.84258,Europe,7686000000.0,11088000000.0
0.0099,,40392.005,Switzerland,2004-12-01,18.0,,26090.135,374224186243.667,0.10961202932516301,5570.15891425131,,0.0044,0.6779999999999999,0.03195,83.7,78.6,0.854337276776384,0.165517044067383,0.677689590454102,0.156793355941772,7389625,0.7343600000000001,Europe,11404000000.0,9924000000.0
0.019779,,225406.823,Turkey,2004-12-01,6.0,,80857.714,392166275594.77,0.053701659830457195,296.766719975563,,0.027100000000000003,0.1458,,75.555,68.636,0.519219377600347,0.288934211730957,0.6464658355712891,0.0645999383926392,66845635,0.6718000000000001,Europe,15888000000.0,2524000000.0
0.009004965059133941,,343121.19,Ukraine,2004-12-01,34.0,,143842.979,64883060725.7003,0.0660913961514055,90.3689854855386,,0.013,0.034894778812677,0.17401225,74.05,62.6,0.289459712855965,0.151091165542603,0.694099578857422,0.154809226989746,47451600,0.67597,Europe,2931000000.0,2660000000.0
0.0119,,540409.457,United Kingdom,2004-12-01,13.0,,221557.861,2220820974770.22,0.08029547496793431,2954.88564872195,,0.0052,0.6561,0.0439583333333333,81.0,76.6,0.9950619762384441,0.18114517211914102,0.659729690551758,0.15912516593933101,59987905,0.79629,Europe,37166000000.0,69076000000.0
0.019194,,17509.925,Bahrain,2004-12-01,,,6969.621,13150516509.0487,0.0393966149840218,539.470613403866,,0.009699999999999999,0.21458680507743502,0.0790431909212283,76.146,74.531,0.7919074228676241,0.283243846893311,0.693753204345703,0.023000469207763698,820505,0.88386,Middle East,1504000000.0,528000000.0
0.017937,,447480.343,"Iran, Islamic Rep.",2004-12-01,29.0,,155548.386,163226579221.096,0.047165319007640705,116.750827355907,,0.023,0.07490000000000001,0.16649999999999998,72.601,69.759,0.0731976115067484,0.271813220977783,0.6800998687744141,0.048086829185485805,69342126,0.66869,Middle East,1305000000.0,4402000000.0
0.034663,,114084.037,Iraq,2004-12-01,77.0,,26900.766,36627901762.063,0.0561200837589279,55.2072835999921,,0.033600000000000005,0.009000000000000001,0.129,72.429,67.235,0.0215194565879829,0.42071475982666,0.544596633911133,0.0346887278556824,26673536,0.6871200000000001,Middle East,,
0.0213,,63200.745,Israel,2004-12-01,20.0,,19240.572,126571173583.222,0.0761790428241895,1409.73515614735,,0.0048,0.227704855254035,0.07450506016666669,82.4,78.0,1.11650583749745,0.279382362365723,0.6206090545654299,0.10000921249389601,6809000,0.91456,Middle East,2908000000.0,3663000000.0
0.030229,,19240.749,Jordan,2004-12-01,26.0,,6219.39,11407566660.2844,0.0906598357251606,202.86929753936,,0.0208,0.116587413706379,0.08256666666666669,74.017,71.004,0.318941672386215,0.383428726196289,0.584997024536133,0.0315744614601135,5290000,0.8090900000000001,Middle East,1621000000.0,585000000.0
0.021401,,63534.442,Kuwait,2004-12-01,35.0,,23469.206,59440511981.7576,0.0274632640876913,743.158890806793,,0.0103,0.229271120360078,0.056366333333333296,74.577,72.791,0.8079191756212021,0.255388889312744,0.7105108642578131,0.0341002321243286,2196466,0.9817199999999999,Middle East,398000000.0,4147000000.0
0.0149,,16835.197,Lebanon,2004-12-01,46.0,,5270.536,20955223880.597,0.0822318770843145,457.611933306533,,0.0132,0.09,0.108083333333333,78.489,74.648,0.229512438038168,0.282515068054199,0.6439592742919921,0.0735248422622681,3853582,0.86466,Middle East,5931000000.0,3719000000.0
0.021741,,27986.544,Oman,2004-12-01,35.0,,9602.97,24673602279.5173,0.029864389217372497,309.82378027225,,0.0114,0.0675885217024525,0.0757,76.186,71.963,0.32722389317212097,0.35889148712158203,0.616397476196289,0.0247106242179871,2464001,0.71827,Middle East,601000000.0,823000000.0
0.016341,,44392.702,Qatar,2004-12-01,,,16647.882,31734065019.4957,0.0360628076033514,1588.63828264173,,0.0092,0.20701647851169,0.0699,78.196,76.495,0.680655984386084,0.258640193939209,0.7269091796875,0.0144520342350006,720383,0.9710500000000001,Middle East,498000000.0,691000000.0
0.023776,,395834.315,Saudi Arabia,2004-12-01,74.0,,143705.683,258742133333.333,0.036958940687334796,398.567858039993,,0.0172,0.10234532996958301,,75.526,71.942,0.38490184519794296,0.350832252502441,0.6173521804809571,0.0318155407905579,23839231,0.80754,Middle East,6486000000.0,4428000000.0
0.027749,,51110.646,Syrian Arab Republic,2004-12-01,43.0,,17937.162,25086930693.0693,0.0447860155293549,60.6024459253557,,0.0167,0.0432159377785571,0.075,76.319,72.71,0.132722245266636,0.391506538391113,0.574704856872559,0.033788731098175,17676012,0.53417,Middle East,1883000000.0,688000000.0
0.016239999999999997,,113240.627,United Arab Emirates,2004-12-01,19.0,,42309.657,147824374542.517,0.0246216066669714,994.976972208074,,0.0086,0.301312961695367,,76.396,74.365,1.00668523813923,0.219291343688965,0.771230621337891,0.00947806537151337,3658658,0.8187099999999999,Middle East,1593000000.0,4472000000.0
0.036126,,18881.383,"Yemen, Rep.",2004-12-01,63.0,,6185.539,13873500887.5612,0.048988835970519604,38.2021994152617,,0.0585,0.00881222988679516,0.185,62.708,60.015,0.07525737410093951,0.46348476409912104,0.5098363494873049,0.026678891181945802,19612696,0.2839,Middle East,139000000.0,183000000.0
,,,American Samoa,2004-12-01,,,,,,,,,,,,,0.0379669940265263,,,,59262,0.88198,Oceania,,
0.0123,,348757.369,Australia,2004-12-01,3.0,,112695.854,613161189358.372,0.0858651676875117,2871.99817060993,,0.004900000000000001,,0.0885,83.0,78.1,0.8150958521562529,0.19961587905883799,0.6720533752441411,0.128330755233765,20127400,0.87849,Oceania,20453000000.0,14224000000.0
0.023526,,1133.103,Fiji,2004-12-01,45.0,,666.0,2727507212.92556,0.0361428140209911,120.370981592418,,0.019600000000000003,0.07412943485420201,0.0716924874091492,71.103,65.665,0.17361522353616302,0.31407640457153296,0.646244506835938,0.0396754550933838,818995,0.49479,Oceania,588000000.0,118000000.0
0.0185,,788.405,French Polynesia,2004-12-01,,,,,,,,,0.178845374263753,,76.524,71.343,0.38123830968464395,0.2859446144104,0.6659359741210941,0.0481154537200928,251811,0.56228,Oceania,737000000.0,425000000.0
0.019916,,,Guam,2004-12-01,,,,,,,,,0.361617878387908,,79.086,73.935,0.619492521840272,0.297798900604248,0.640049591064453,0.0621325731277466,158194,0.9353400000000001,Oceania,,
0.025387,,44.004,Kiribati,2004-12-01,21.0,,8.0,102220914.840418,0.103658600299347,119.370361127872,,0.0504,0.035,,68.84,63.184,0.00691508500494738,0.377158851623535,0.587208786010742,0.0356098771095276,88936,0.43532,Oceania,,
,,88.008,Marshall Islands,2004-12-01,17.0,,29.0,131106365.539613,0.176416887883322,448.834635298636,,0.0329,0.0359977681383754,,,,0.0123670161692975,,,,52074,0.696,Oceania,5000000.0,400000.0
0.026886,,146.68,"Micronesia, Fed. Sts.",2004-12-01,16.0,,,239563310.439243,0.103600071122811,232.865227997748,,0.0381,0.11017867308151401,0.15375,68.468,67.117,0.119934318555008,0.39063571929931595,0.569542579650879,0.0398217225074768,106575,0.22329999999999997,Oceania,19000000.0,7000000.0
0.0173,,2552.232,New Caledonia,2004-12-01,,,,,,,,,0.302980462088488,,79.1,72.1,0.5173221140176291,0.27375959396362304,0.6606216430664059,0.0656276655197144,230068,0.63336,Oceania,241000000.0,167000000.0
0.014199999999999999,,34759.493,New Zealand,2004-12-01,12.0,,17392.539,102986102521.008,0.0802974610999168,1973.56992882095,,0.0055,0.618476278106481,0.0710214801730848,81.7,77.5,0.742080005883687,0.217980060577393,0.6628012847900391,0.119218692779541,4087500,0.8602599999999999,Oceania,5098000000.0,2229000000.0
0.033114,,4481.074,Papua New Guinea,2004-12-01,51.0,,,3927114456.84311,0.0461159535734384,30.4376958720667,,0.0564,0.015079127722725,0.132508333333333,62.386,58.245,0.008121596493614061,0.40051334381103504,0.5736327362060549,0.0258540821075439,5948461,0.13127,Oceania,7100000.0,72000000.0
0.029623999999999998,,154.014,Samoa,2004-12-01,42.0,,56.0,374507187.856928,0.049283156683534696,106.09420446264,,0.016800000000000002,0.030755294104489697,0.112308333333333,73.965,67.619,0.08948846158148481,0.398397026062012,0.553849678039551,0.0477420949935913,178794,0.21457,Oceania,70000000.0,12000000.0
0.034915,,179.683,Solomon Islands,2004-12-01,56.0,,58.0,375109694.525921,0.0564064416227383,46.2149773359156,,0.029,0.006496726732514601,0.142921262958865,66.672,63.628,0.006552693484656869,0.413990440368652,0.556605453491211,0.0294041204452515,457827,0.17413,Oceania,3500000.0,12300000.0
0.028681,,172.349,Tonga,2004-12-01,32.0,,57.0,240794581.220982,0.0477281970253122,114.56248126866,,0.013800000000000002,0.039523738945704295,0.115885182021945,73.9,68.852,0.1634785035736,0.381453170776367,0.5584286117553711,0.0601281929016113,100319,0.23126999999999998,Oceania,13100000.0,16200000.0
0.029998999999999998,,55.005,Vanuatu,2004-12-01,47.0,,30.0,364996869.129618,0.0348213803668938,62.2581724476518,,0.018,0.0474660261917533,0.0760833333333333,70.88,67.19,0.051456144218286905,0.399955902099609,0.567477416992188,0.0325666832923889,204135,0.22809000000000001,Oceania,93000000.0,15000000.0
0.018992000000000002,,407.037,Antigua and Barbuda,2004-12-01,,,135.0,905113766.533633,0.041222456667677196,453.162593363065,,0.0112,0.242665437161785,0.11964390752820901,76.719,71.844,0.6608091240607941,0.28611810684204103,0.641804733276367,0.072064905166626,81718,0.29837,The Americas,337000000.0,38000000.0
0.017788,,156170.196,Argentina,2004-12-01,30.0,,67302.736,183295704305.31,0.0818813868394096,327.299667178259,,0.016,0.160366841054923,0.0677657874174753,78.412,70.887,0.35272288370245397,0.266473236083984,0.631815223693848,0.10171151161193799,38308779,0.89899,The Americas,2660000000.0,3208000000.0
0.012657,,2258.872,Aruba,2004-12-01,,,,2228279329.60894,,,,,0.23,0.115833333333333,76.575,71.725,0.996425026837617,0.217445468902588,0.699175643920898,0.08339916229248051,98742,0.4524,The Americas,1056000000.0,248000000.0
0.015454,,1723.49,"Bahamas, The",2004-12-01,,,664.0,7094413000.0,0.0602453451751399,1325.69900744417,,0.0126,0.22,0.06,76.517,70.421,0.576944789081886,0.26307691574096703,0.676281051635742,0.0606327533721924,322400,0.82226,The Americas,1897000000.0,469000000.0
0.013137000000000001,,1294.451,Barbados,2004-12-01,,,375.0,3509700000.0,0.0709961595254958,736.538534587267,,0.0148,0.498,0.0833333333333333,76.183,71.472,0.735247331974064,0.208636875152588,0.6811778259277339,0.110189008712769,272205,0.33116,The Americas,784000000.0,163000000.0
0.040214,,740.734,Liberia,2005-12-01,,,,541999999.999999,0.0803588313585507,13.3202702923877,,0.0832,,0.170333333333333,55.941,54.233,0.048932865942908806,0.433241806030273,0.536608810424805,0.0301493740081787,3269786,0.46051000000000003,Africa,67000000.0,33000000.0
0.022733,,52108.07,Libya,2005-12-01,,,17670.344,44000000000.0,0.025977467594296998,213.119167184694,,0.0198,0.0391778797710285,0.06125,75.433,71.808,0.357497162366274,0.306250114440918,0.651149063110352,0.042600793838501,5594450,0.769,Africa,301000000.0,920000000.0
0.046774,,579.386,Somalia,2005-12-01,,,,,,,,0.10479999999999999,0.0107732783912096,,53.958,50.83,0.059053225617100295,0.477161064147949,0.49376255035400396,0.029076390266418502,8466938,0.35156,Africa,,
0.039740000000000004,,,South Sudan,2005-12-01,,,,,,,,0.0866,,,52.151,50.052,,0.44037708282470706,0.527492065429688,0.0321308279037476,8039351,0.17154,Africa,,
0.0171,0.606,22801.406,Tunisia,2005-12-01,11.0,,8314.425,32282960678.4888,0.0556702875540007,181.253098042068,268.0,0.0195,0.0965508654217982,,75.5,71.6,0.565170337283979,0.25777795791626,0.6750624084472661,0.0671596240997314,10029000,0.65098,Africa,2800000000.0,452000000.0
0.020076,0.517,45771.494,Morocco,2005-12-01,12.0,,13326.687,59523857868.0203,0.050580337615715704,99.9398846529166,358.0,0.0352,0.150844445240204,0.115,70.828,67.399,0.411373342368884,0.307890758514404,0.642284698486328,0.049824557304382296,30125445,0.55126,Africa,5426000000.0,999000000.0
0.043581,2.7969999999999997,154.014,Burundi,2005-12-01,13.0,,,1117254387.10035,0.10079373678710599,14.4906499868888,140.0,0.07529999999999999,0.00542142865759056,0.18445,51.372,48.707,0.019690126315377702,0.454238204956055,0.518523635864258,0.027238137722015398,7770392,0.09375,Africa,1900000.0,62000000.0
0.03382,0.39799999999999996,6956.299,Ghana,2005-12-01,18.0,,8228.516,10731883141.4457,0.0701841092927469,35.2229051001136,304.0,0.0579,0.0183119746104616,,59.543,57.906,0.134425525137119,0.401911354064941,0.564228401184082,0.0338602614402771,21384034,0.47308,Africa,867000000.0,472000000.0
0.038401000000000005,0.46799999999999997,528.048,Rwanda,2005-12-01,18.0,,,2581286406.73226,0.06086636178127779,16.6631412310972,168.0,0.06720000000000001,0.00556041164839515,0.16079999999999997,56.327,54.112,0.0236469607953035,0.442421989440918,0.532471504211426,0.025106534957885698,9429457,0.19282,Africa,67000000.0,75000000.0
0.037183999999999995,0.657,212.686,Central African Republic,2005-12-01,22.0,,,1350300947.46755,0.043564254108500206,14.8486001156184,504.0,0.1105,0.0026819560919901196,0.176666666666667,46.595,43.473,0.0252468064683328,0.418626136779785,0.541735610961914,0.0396382427215576,3960897,0.38066,Africa,7200000.0,46000000.0
0.024401,0.5429999999999999,167207.866,"Egypt, Arab Rep.",2005-12-01,22.0,,62741.136,89685724889.1628,0.0512791196412256,64.3966650616968,504.0,0.0255,0.1275,0.131416666666667,71.84,67.137,0.189886359934909,0.32514217376709,0.6202753829956049,0.05458241462707521,71777678,0.43027,Africa,7206000000.0,1932000000.0
0.039195,2.1790000000000003,110.01,Comoros,2005-12-01,24.0,,37.0,387036131.685576,0.0428472842553817,27.6054919039089,100.0,0.0703,0.02,0.11,60.485,57.688,0.025840098679446602,0.415312614440918,0.554657402038574,0.030029981136322,600733,0.27873000000000003,Africa,24000000.0,10000000.0
0.021079999999999998,0.769,107127.738,Algeria,2005-12-01,25.0,,32334.652,103198650297.779,0.031360300950491304,95.2956778289355,451.0,0.0288,0.058439420920125607,0.08,71.451,68.303,0.40226713052948,0.288762016296387,0.667176055908203,0.0440619039535522,33960903,0.6383,Africa,477000000.0,660000000.0
0.041628,2.72,546.383,Sierra Leone,2005-12-01,26.0,,,1627853086.42403,0.158897378049837,50.5208717105321,399.0,0.1275,0.0021539161034012898,0.24583333333333302,42.493,41.814,,0.426671447753906,0.548906555175781,0.0244219851493835,5119895,0.36840000000000006,Africa,64000000.0,34000000.0
0.044222000000000004,2.86,322.696,"Gambia, The",2005-12-01,27.0,,108.0,624173996.312708,0.045483334957778204,19.7622880856798,376.0,0.0569,0.037990011388223104,0.349166666666667,58.067,55.519,0.172272578241327,0.45993278503417995,0.514676475524902,0.025390710830688498,1436549,0.52342,Africa,59000000.0,7000000.0
0.041874,0.43799999999999994,5617.844,Tanzania,2005-12-01,28.0,,17141.263,14141916592.3846,0.0401837068649,14.6370561703002,172.0,0.0572,0.011000000000000001,0.152489487237996,54.462,53.219,0.0763437740570462,0.446252937316895,0.5237351989746091,0.0300118851661682,38824384,0.24844999999999998,Africa,835000000.0,577000000.0
0.040476,0.757,2398.218,Benin,2005-12-01,31.0,,2499.285,4358015992.89839,0.0473367263386854,25.2130038657866,270.0,0.07490000000000001,0.0127103143947107,,58.601,55.606,0.0728722342032777,0.445177574157715,0.52674201965332,0.0280804014205933,8182362,0.39982,Africa,108000000.0,58000000.0
0.038753,0.303,5053.126,Ethiopia,2005-12-01,34.0,,28934.671,12173919387.078,0.0411132246203975,6.63148808812368,212.0,0.0698,0.00219659818999505,0.07,57.525,55.664,0.0053911629199115,0.462117881774902,0.506847534179688,0.031034562587738002,76167240,0.157,Africa,533000000.0,77000000.0
0.046810000000000004,0.369,2284.541,Uganda,2005-12-01,34.0,,,9013834490.38208,0.0917064177176501,28.7773790109419,237.0,0.0682,0.017422055032439,0.19645388401657002,53.2,52.497,0.0457895908942178,0.493523635864258,0.4814990234375,0.0249773454666138,28724869,0.13031,Africa,382000000.0,185000000.0
0.051165,0.423,828.742,Niger,2005-12-01,35.0,,,3405134555.29166,0.0771641157512436,19.7185849773327,270.0,0.0824,0.00221341351487395,,54.114,54.126,0.0245644692068249,0.49005409240722697,0.48467952728271496,0.0252663922309875,13183798,0.1672,Africa,44000000.0,42000000.0
0.042464,0.316,104696.517,Nigeria,2005-12-01,35.0,,106509.458,112248324602.677,0.0660264738363287,53.0953454041326,1120.0,0.09709999999999999,0.0354915571796492,0.179483333333333,49.022,48.324,0.133158157080503,0.43561595916747997,0.537061462402344,0.0273225617408752,139585891,0.39074,Africa,139000000.0,501000000.0
0.022835,0.376,396116.674,South Africa,2005-12-01,35.0,,128214.011,247051562311.219,0.0879530553963829,450.478057810187,350.0,0.0514,0.0748854252992921,0.10625,52.866,50.311,0.704047955261636,0.308278312683105,0.6480511474609381,0.0436705780029297,47639556,0.59536,Africa,8629000000.0,4812000000.0
0.044145000000000004,0.154,2273.54,Zambia,2005-12-01,35.0,,7213.317,7178556336.82292,0.0708037730855571,44.3078844787123,183.0,0.07640000000000001,0.0285175226129009,0.28209491666666703,47.576,46.702,0.0827861533308306,0.467242240905762,0.505649757385254,0.0271079683303833,11470022,0.36612,Africa,98000000.0,88000000.0
0.03928,0.649,1455.799,"Congo, Rep.",2005-12-01,37.0,,1082.89,6087002681.74095,0.024217183183199903,41.6075269429445,606.0,0.0616,0.014634200595085101,0.176666666666667,55.197,52.925,0.15755375519318102,0.422067489624023,0.54279655456543,0.035135951042175304,3542867,0.60988,Africa,40000000.0,112000000.0
0.028998,0.37799999999999995,473.043,Djibouti,2005-12-01,37.0,,139.0,708633194.726566,0.0721478462569974,63.2464694696063,66.0,0.0709,0.00953611449300569,0.1115,59.46,56.573,0.0567265656689223,0.37255805969238304,0.593933715820313,0.033508243560791,776585,0.7676099999999999,Africa,7100000.0,14400000.0
0.037602,0.469,1741.825,Madagascar,2005-12-01,38.0,,,5038577519.49857,0.0489598371704273,13.4872964480184,400.0,0.0545,0.00567721802237403,0.27,62.54,59.898,0.0278981961788248,0.448160438537598,0.522620506286621,0.0292190527915955,18290394,0.28814,Africa,290000000.0,80000000.0
0.042485999999999996,0.33399999999999996,916.75,Malawi,2005-12-01,39.0,,,2754995876.60249,0.08201698803706041,17.482463014534,370.0,0.0731,0.0038448933408278202,0.330833333333333,48.899,48.979,0.0325857854382593,0.461168441772461,0.508328132629395,0.0305034232139587,12924746,0.15054,Africa,48000000.0,84000000.0
0.0185,0.484,696.73,Seychelles,2005-12-01,39.0,,228.0,919103261.987138,0.040124982382311505,423.458516414576,76.0,0.0123,0.25413268146283596,0.0976903333333333,77.1,67.4,0.675201506418353,0.243438129425049,0.68142463684082,0.07513720989227289,82900,0.51055,Africa,269000000.0,59000000.0
0.037582,0.49700000000000005,10707.64,Sudan,2005-12-01,39.0,,14836.67,26524992225.3521,0.0410959657942438,34.5113234074081,180.0,0.061399999999999996,0.012920406779885301,,61.78,58.161,0.047589814404045604,0.43205123901367204,0.537568473815918,0.0303802919387817,31585871,0.3276,Africa,150000000.0,667000000.0
0.04485,0.475,1125.769,Burkina Faso,2005-12-01,40.0,,,5462709054.77989,0.0687428914712866,27.9783211000721,270.0,0.086,0.00469914488656657,,53.448,51.907,0.0472029020567759,0.464959335327148,0.5093822860717769,0.0256583833694458,13421929,0.21536999999999998,Africa,46000000.0,74000000.0
0.040103,0.807,1180.774,Guinea,2005-12-01,40.0,,,2937072009.03751,0.0532184283218875,16.3221549273213,416.0,0.0851,0.00542254180996637,,53.076,52.43,0.0197361599134366,0.436213188171387,0.531335105895996,0.0324516773223877,9576331,0.32807000000000003,Africa,,38000000.0
0.048188,0.514,568.385,Mali,2005-12-01,41.0,,,5305317554.72495,0.0634148840939044,29.1358929922976,270.0,0.0969,0.00507063135952247,,51.227,51.804,0.0638111997915128,0.462869148254395,0.50638240814209,0.030748436450958302,11941258,0.3206,Africa,149000000.0,133000000.0
0.040377,0.506,3696.336,Cameroon,2005-12-01,45.0,,6981.351,16587921220.9676,0.0487616092797294,44.5950917418968,654.0,0.078,0.0140265422575955,0.176666666666667,52.79,51.031,0.124189052502369,0.443134231567383,0.523732948303223,0.0331328058242798,18137734,0.48540999999999995,Africa,229000000.0,480000000.0
0.0366,0.473,7825.378,Cote d'Ivoire,2005-12-01,45.0,,9634.165,16363437145.2025,0.056609749649821205,53.2557444761974,270.0,0.0888,0.0103923820514001,,48.102,46.404,0.13507185296257998,0.42317066192627,0.547293968200684,0.0295353674888611,17393994,0.46836,Africa,93000000.0,549000000.0
0.015099999999999999,0.262,3410.31,Mauritius,2005-12-01,46.0,,1077.0,6283796155.23716,0.0446087991727013,238.677240573895,161.0,0.013800000000000002,0.15172228752491398,0.210416666666667,75.91,69.12,0.541601250709131,0.241524238586426,0.6920895385742191,0.0663862037658691,1243253,0.41621,Africa,1189000000.0,295000000.0
0.038676,0.498,8562.445,Kenya,2005-12-01,54.0,,16151.068,18737895400.78,0.0436354595465221,22.8481270395897,372.0,0.0613,0.0310189770248496,0.128825,55.67,53.771,0.12887739181312502,0.42774078369140595,0.545094032287598,0.027165167331695602,35785718,0.21675,Africa,969000000.0,124000000.0
0.03315,0.451,2086.523,Gabon,2005-12-01,57.0,,1717.677,8665736617.5506,0.0297945796095539,187.167520516603,488.0,0.0503,0.0489326474972412,0.176666666666667,61.074,58.995,0.534040370723433,0.395085792541504,0.548561210632324,0.056353006362915,1379465,0.8342100000000001,Africa,13000000.0,346000000.0
0.039182,0.503,5859.866,Senegal,2005-12-01,59.0,,2790.896,8707015063.75222,0.0535954770159972,41.3658896750571,696.0,0.0569,0.047866840831053505,,62.116,59.058,0.153503035181272,0.440931129455566,0.527391510009766,0.0316773581504822,11270826,0.41119,Africa,334000000.0,144000000.0
0.031506,0.363,1019.426,Swaziland,2005-12-01,60.0,,399.0,2584077930.66197,0.0679803878597943,159.026126229734,104.0,0.0808,0.036969610729182395,0.10625,45.752,45.963,0.18105413337533802,0.418328285217285,0.550045166015625,0.0316265368461609,1104642,0.22038,Africa,77000000.0,60000000.0
0.049707,0.74,399.703,Chad,2005-12-01,64.0,,,6646663021.43571,0.0473025459128481,25.0434881754223,732.0,0.1007,0.0039925770008400405,0.176666666666667,48.404,46.974,0.020969776261474303,0.492421875,0.480910568237305,0.0266675639152527,10014413,0.21800999999999998,Africa,,
0.038371,0.525,1338.455,Togo,2005-12-01,65.0,,2371.755,2115154090.31071,0.06565335858603,25.0074073734615,270.0,0.0684,0.018000000000000002,,54.934,53.39,0.0782704422608946,0.428485260009766,0.54377628326416,0.027738459110260003,5540214,0.35185,Africa,27000000.0,42000000.0
0.039966999999999996,0.845,766.403,Eritrea,2005-12-01,76.0,,762.89,1098425899.89884,0.028258293838862598,6.39436388527749,216.0,0.0474,,,60.925,56.438,0.0083307478719902,0.43518856048584,0.545240821838379,0.0195706033706665,4854066,0.18889,Africa,66000000.0,
0.036796,0.9470000000000001,1675.819,Mauritania,2005-12-01,82.0,,,2184444848.94895,0.050455186907010605,28.7002112282585,696.0,0.07479999999999999,0.006699664748775969,0.230833333333333,61.792,58.767,0.236991777923846,0.415546379089355,0.552970542907715,0.0314831018447876,3146164,0.53127,Africa,,
0.028820000000000002,0.28800000000000003,,Lesotho,2005-12-01,93.0,,33.0,1368405301.24444,0.06295743861251041,44.7343978707545,564.0,0.0845,0.025802454841944898,0.117166666666667,43.753,43.567,0.12970209425062498,0.39683536529541,0.556984901428223,0.0461797523498535,1925844,0.22249,Africa,27000000.0,271000000.0
0.029176999999999998,0.258,2310.21,Namibia,2005-12-01,95.0,,1293.584,7261366631.80798,0.0731871061350889,262.173544361843,339.0,0.045700000000000005,0.0401004664442375,0.1061,58.458,53.615,0.22143623219435798,0.398128089904785,0.5685916137695309,0.0332802844047546,2027026,0.36632,Africa,363000000.0,108000000.0
0.032310000000000005,0.32299999999999995,10773.646,Zimbabwe,2005-12-01,97.0,,9684.985,5755215232.33845,,,216.0,0.0571,0.0801597808880485,2.35675,43.263,44.484,0.050911094678618006,0.414839935302734,0.548393173217773,0.036766903400421096,12710589,0.3411,Africa,99000000.0,
0.025417000000000002,0.171,4613.086,Botswana,2005-12-01,107.0,,1929.014,9931223496.1573,0.0562370393406146,297.739433610579,140.0,0.0433,0.0326255403605122,0.15737500000000001,47.002,46.465,0.300554695184201,0.357544097900391,0.61033317565918,0.0321227431297302,1875805,0.55073,Africa,563000000.0,301000000.0
0.049224,0.521,19156.408,Angola,2005-12-01,119.0,,9355.796,28233699240.3249,0.0415800412499385,70.9581370162374,272.0,0.1215,0.011433668265595,0.6771813073696841,49.954,47.191,0.0973816117331956,0.47777431488037103,0.497674026489258,0.024551665782928497,16544376,0.36168999999999996,Africa,103000000.0,135000000.0
0.045962,2.865,2225.869,"Congo, Dem. Rep.",2005-12-01,133.0,,19970.772,11964484457.5233,0.052977707259870194,7.05134756940394,308.0,0.10490000000000001,0.00238037798692792,,49.392,46.326,0.0508272349063133,0.462275657653809,0.509548530578613,0.0281758332252502,54028003,0.37478,Africa,3200000.0,54000000.0
0.037925,0.441,4712.095,Equatorial Guinea,2005-12-01,137.0,,1249.0,6915849240.15443,0.0161290404027687,219.56144675778,492.0,0.0868,0.0114978967061811,0.176666666666667,50.155,47.643,0.160524013994911,0.406034660339355,0.561487808227539,0.0324775362014771,603648,0.38856,Africa,,
0.037735,0.469,77.007,Sao Tome and Principe,2005-12-01,144.0,,43.0,123258507.091028,0.10004939006532,80.7411178786043,424.0,0.047700000000000006,0.13759484215905998,0.311977777777778,66.471,62.773,0.0773081525078421,0.420030403137207,0.540044631958008,0.039924974441528295,154615,0.5801,Africa,7300000.0,500000.0
0.043904000000000006,0.375,1822.499,Mozambique,2005-12-01,153.0,,8489.399,6578515331.19659,0.0686781934685062,21.5036828766301,230.0,0.0905,0.00854357118107528,0.194671666666667,49.147,46.616,0.0715809655191321,0.44783168792724604,0.520309219360352,0.0318591165542603,21010376,0.29999,Africa,138000000.0,187000000.0
0.040172,0.542,212.686,Guinea-Bissau,2005-12-01,259.0,,87.0,572853553.530448,0.0571552468239563,23.5932186844122,208.0,0.09609999999999999,0.0190136531610877,,53.374,51.435,0.0695208984780322,0.42865814208984404,0.542082901000977,0.0292589235305786,1421515,0.40867,Africa,1600000.0,18900000.0
0.022699,,53787.556,Libya,2006-12-01,,,17898.642,56484375000.0,0.025431926553090102,237.170130445408,,0.018600000000000002,0.0430105178913002,0.0633333333333333,75.752,72.055,0.6906848267160239,0.30273868560791,0.65402587890625,0.0432350444793701,5686475,0.77034,Africa,244000000.0,915000000.0
0.046503,,575.719,Somalia,2006-12-01,,,,,,,,0.1046,0.011002163680827699,,54.288,51.154,0.0633081063958338,0.477707672119141,0.49336929321289097,0.0289232873916626,8687671,0.35561,Africa,,
0.039223999999999995,,,South Sudan,2006-12-01,,,,,,,,0.0828,,,52.53,50.482,,0.438276100158691,0.5291883468627929,0.0325358104705811,8376893,0.17287,Africa,,
0.0171,0.606,23127.769,Tunisia,2006-12-01,11.0,,8751.725,34378437265.2141,0.0564434881565977,193.688378583771,268.0,0.0185,0.129864086534204,,76.0,71.9,0.72232986947261,0.251522521972656,0.6806365966796881,0.0678407001495361,10127900,0.65266,Africa,2999000000.0,498000000.0
0.020095,0.517,47425.311,Morocco,2006-12-01,12.0,,13648.039,65637107776.2619,0.0523396796364039,113.030979941818,358.0,0.0338,0.197711915653115,,71.027,67.604,0.526556339004281,0.301539916992188,0.648383331298828,0.050076761245727505,30395097,0.5564,Africa,6900000000.0,1113000000.0
0.044037999999999994,2.7969999999999997,187.017,Burundi,2006-12-01,13.0,,,1273180655.19805,0.116255376182739,18.4066181208951,140.0,0.0719,0.00657592590351907,0.17072500000000002,51.923,49.144,0.0248676450675834,0.448913230895996,0.5242483901977539,0.026838033199310298,8042579,0.09617,Africa,1600000.0,126000000.0
0.038203,0.369,528.048,Rwanda,2006-12-01,16.0,,,3110327822.99407,0.10007209066563,32.2270659512459,168.0,0.060700000000000004,,0.1607,58.183,55.826,0.0325227984919903,0.442366104125977,0.5333495330810549,0.0242844748497009,9660946,0.20168,Africa,148000000.0,84000000.0
0.037801,0.303,5419.826,Ethiopia,2006-12-01,18.0,,29705.386,15000803171.0594,0.041829947507702296,8.08572464331762,212.0,0.0653,0.00310592656856176,0.07,58.635,56.644,0.0110702875895179,0.45978713989257797,0.508887557983398,0.0313252997398376,78290649,0.15899,Africa,639000000.0,97000000.0
0.033569,0.359,9288.511,Ghana,2006-12-01,18.0,,9061.851,20410239313.1135,0.0535498472161998,47.5457930366054,304.0,0.0572,0.0272317597313987,,60.039,58.375,0.237255988407756,0.399321784973145,0.566251678466797,0.0344264912605286,21947779,0.47988,Africa,910000000.0,575000000.0
0.024427,0.46399999999999997,178615.903,"Egypt, Arab Rep.",2006-12-01,19.0,,66269.084,107484034648.245,0.0523434433459284,74.6285105162233,596.0,0.023899999999999998,0.1366,0.126,72.012,67.33,0.246621729650854,0.321764526367188,0.623658447265625,0.0545769929885864,72990754,0.43073,Africa,8133000000.0,2156000000.0
0.037057,0.465,1683.153,Madagascar,2006-12-01,21.0,,,5515236338.4864,0.0497196752532394,14.5657076280265,304.0,0.0517,0.00607552238860378,0.295,63.014,60.297,0.0555551365161372,0.44578182220459,0.525145950317383,0.029072098731994598,18826126,0.29425,Africa,386000000.0,86000000.0
0.036667,2.0380000000000003,227.354,Central African Republic,2006-12-01,22.0,,,1473721520.69935,0.0404073407083482,14.7628425723414,504.0,0.1093,0.00311159173235716,0.153333333333333,47.138,43.956,0.027281055885986998,0.416774673461914,0.54368293762207,0.0395419073104858,4032102,0.38183,Africa,10200000.0,47000000.0
0.038922,2.1790000000000003,121.011,Comoros,2006-12-01,22.0,,42.0,403179474.351306,0.045889638971564804,30.0095056507939,100.0,0.069,0.022000000000000002,0.105,60.691,57.948,0.059814184641037,0.41673183441162104,0.553410568237305,0.029859242439270003,616526,0.27855,Africa,27000000.0,11000000.0
0.050851,0.423,806.74,Niger,2006-12-01,24.0,,,3646727993.03698,0.079395255022435,21.1651719470189,270.0,0.0787,0.00294033977096223,,54.776,54.728,0.0353077789323673,0.492065887451172,0.482586364746094,0.025347695350647,13679705,0.16863,Africa,39000000.0,42000000.0
0.021918,0.769,103963.117,Algeria,2006-12-01,25.0,,34657.65,117026655313.743,0.0313852143084584,106.438936424231,451.0,0.027600000000000003,0.0737598495634886,0.08,71.61,68.483,0.608509107689772,0.282080612182617,0.6729236602783201,0.0449957227706909,34507214,0.64593,Africa,393000000.0,414000000.0
0.040951,2.72,733.4,Sierra Leone,2006-12-01,26.0,,,1887429109.49668,0.141761027942316,50.6662470539735,399.0,0.1248,0.00227669467190838,0.24,43.154,42.624,,0.426056747436523,0.549331359863281,0.0246112942695618,5280909,0.37095999999999996,Africa,23000000.0,15000000.0
0.044003999999999995,2.9210000000000003,337.364,"Gambia, The",2006-12-01,27.0,,114.0,655068112.286777,0.0471480076277882,20.8355469802981,376.0,0.055799999999999995,0.052376911584121805,0.2975,58.363,55.815,0.27277774629568197,0.460112648010254,0.51456428527832,0.025323748588561998,1482324,0.5318200000000001,Africa,69000000.0,8000000.0
0.041799,0.43799999999999994,5958.875,Tanzania,2006-12-01,27.0,,17808.712,14331231238.9296,0.0652775989688806,23.4214653259994,172.0,0.0535,0.013000000000000001,0.15652097785396,55.587,54.215,0.140427401524502,0.446580657958984,0.523184471130371,0.030234854221343997,39942347,0.25478,Africa,986000000.0,571000000.0
0.046426,0.35200000000000004,2654.908,Uganda,2006-12-01,28.0,,,9942597753.13748,0.0956133771321242,31.9959796128097,237.0,0.0643,0.0252936303826279,0.18697334796707601,54.214,53.382,0.0676110248198696,0.492979278564453,0.48224647521972697,0.024774229526519802,29711397,0.13313,Africa,347000000.0,196000000.0
0.039957,0.757,3876.019,Benin,2006-12-01,31.0,,2949.032,4705087452.19196,0.04750357368880621,26.4711415565621,270.0,0.0717,0.0153785434624704,,58.962,56.082,0.125031754553203,0.443055763244629,0.528792266845703,0.0281517362594604,8443671,0.40338,Africa,122000000.0,71000000.0
0.044465000000000005,0.47600000000000003,1360.457,Burkina Faso,2006-12-01,34.0,,,5844669738.11104,0.0736714502971877,27.6767288032327,270.0,0.0828,0.00632707564461829,,53.846,52.467,0.0735484081941176,0.464245758056641,0.5103362655639649,0.025417990684509298,13822257,0.22338999999999998,Africa,55000000.0,84000000.0
0.042364,0.322,98513.955,Nigeria,2006-12-01,35.0,,107004.783,145429802541.747,0.0570063991702615,59.1544693171578,1120.0,0.09390000000000001,0.055450360830053606,0.16899999999999998,49.559,48.914,0.22553272527982401,0.436355209350586,0.536369094848633,0.0272756695747375,143314909,0.39942999999999995,Africa,209000000.0,3536000000.0
0.022546,0.371,424843.952,South Africa,2006-12-01,35.0,,127255.163,261007039378.852,0.0853276693398634,455.261931892247,350.0,0.0499,0.07607139674773811,0.111666666666667,52.907,50.382,0.810762872015555,0.305246162414551,0.649117279052734,0.045636515617370595,48269753,0.60077,Africa,9211000000.0,5230000000.0
0.043866999999999996,0.154,2225.869,Zambia,2006-12-01,35.0,,7396.325,10702200821.6889,0.064076756816061,58.2073274691741,183.0,0.0729,0.0415991339393107,0.231531666666667,49.113,48.082,0.141180001514224,0.468429107666016,0.504553718566895,0.027017271518707302,11781612,0.37031,Africa,110000000.0,97000000.0
0.039229999999999994,0.649,1338.455,"Congo, Rep.",2006-12-01,37.0,,1153.972,7731261168.83097,0.0237270829833919,50.3037788982819,606.0,0.0572,0.0200799007938159,0.153333333333333,55.841,53.485,0.251600303072434,0.422252388000488,0.542840232849121,0.0349073529243469,3646653,0.61441,Africa,45000000.0,132000000.0
0.028924,0.37799999999999995,487.711,Djibouti,2006-12-01,37.0,,143.0,768873684.032838,0.070512176228661,65.8003428986921,66.0,0.0691,0.0127004115919322,,59.848,56.951,0.0569072966081895,0.36473136901855496,0.601116905212402,0.0341517424583435,787544,0.76807,Africa,9800000.0,15000000.0
0.042155,0.33399999999999996,953.42,Malawi,2006-12-01,39.0,,,3116789657.89251,0.0899284504073356,21.062365756306,370.0,0.0681,0.00425137489606563,0.3225,49.845,49.934,0.0466023948086554,0.461075172424316,0.508447799682617,0.030476868152618398,13307535,0.15144,Africa,45000000.0,85000000.0
0.0173,0.484,744.401,Seychelles,2006-12-01,39.0,,243.0,1016419769.16068,0.0380491952879544,438.430498448859,76.0,0.0123,0.3495197117065,0.100499666666667,75.7,68.9,0.797415259040925,0.237558097839355,0.6877451324462891,0.0747194194793701,84600,0.5128199999999999,Africa,323000000.0,56000000.0
0.037016,0.361,11503.379,Sudan,2006-12-01,39.0,,15917.351,35159250984.9057,0.050208930339059196,54.4889638585809,180.0,0.0601,,,62.136,58.572,0.118955513063847,0.43026096343994097,0.539192008972168,0.030547139644622797,32397535,0.32813000000000003,Africa,252000000.0,1414000000.0
0.039723999999999995,0.807,1180.774,Guinea,2006-12-01,40.0,,,2821346683.52022,0.0548613117041685,16.4132518818253,416.0,0.082,0.00637492122987955,,53.81,52.911,,0.43490795135497995,0.5328656768798831,0.0322263693809509,9798963,0.33196,Africa,,41000000.0
0.048142000000000004,0.514,568.385,Mali,2006-12-01,41.0,,,6122644014.78684,0.0656029638817898,32.5882158534982,270.0,0.09340000000000001,0.00729627280833101,,51.724,52.252,0.12274897377763,0.46360912322998,0.506104202270508,0.0302864503860474,12325545,0.32832,Africa,175000000.0,196000000.0
0.040100000000000004,0.508,3828.348,Cameroon,2006-12-01,45.0,,6723.031,17953103008.559,0.047743649274382995,46.053589976589,654.0,0.0755,0.020287447914719002,0.153333333333333,53.064,51.28,0.16849111406298,0.441270065307617,0.525745811462402,0.0329841542243958,18611937,0.49143000000000003,Africa,231000000.0,521000000.0
0.036401,0.473,6996.636,Cote d'Ivoire,2006-12-01,45.0,,9537.246,17367303155.9802,0.060255118237217804,59.2483240705136,270.0,0.0866,0.015249007912252699,,48.597,46.929,0.230173537404309,0.422834701538086,0.547354583740234,0.029810812473297102,17662417,0.475,Africa,104000000.0,583000000.0
0.0141,0.26,3777.01,Mauritius,2006-12-01,46.0,,1173.0,6731536244.19443,0.047922923067736704,268.518503526463,161.0,0.014,0.16699999999999998,0.210833333333333,75.91,69.12,0.634922787825581,0.23630640029907202,0.6957381439208981,0.0679546070098877,1252698,0.41412,Africa,1302000000.0,347000000.0
0.038442,0.498,9574.537,Kenya,2006-12-01,54.0,,16896.43,22504136042.2252,0.0451333614408712,27.6321106135664,432.0,0.0594,0.075337897198037,0.13635533908056702,56.664,54.589,0.199695773635083,0.42682281494140595,0.546261291503906,0.0269158148765564,36757498,0.22045,Africa,1181000000.0,178000000.0
0.033076,0.447,1976.513,Gabon,2006-12-01,57.0,,1768.457,9545982814.08494,0.0319709459873605,216.003921655213,488.0,0.049,0.0548920080280135,0.153333333333333,61.492,59.421,0.635559877614026,0.3929833984375,0.551258506774902,0.0557580947875977,1412907,0.8395199999999999,Africa,,
0.039042,0.455,4789.102,Senegal,2006-12-01,59.0,,2798.179,9358710763.47381,0.0543724558006891,43.9825430688017,696.0,0.0545,0.0561173865217952,,62.694,59.716,0.257501710491953,0.439594917297363,0.528812294006348,0.0315927982330322,11582925,0.41311,Africa,329000000.0,139000000.0
0.031435,0.363,1015.759,Swaziland,2006-12-01,60.0,,406.0,2947922182.75015,0.0681316955440337,179.608259820048,104.0,0.07629999999999999,0.0369653878906882,0.111666666666667,46.058,46.416,0.22356300407868301,0.41201587677002005,0.555982398986816,0.0319990205764771,1118253,0.2191,Africa,75000000.0,54000000.0
0.049333,0.74,407.037,Chad,2006-12-01,64.0,,,7422102519.56848,0.040281888780408996,23.7215175937743,732.0,0.0997,0.00581045764229641,0.153333333333333,48.763,47.328,0.045002994161722605,0.492140731811523,0.48151969909667997,0.0263396430015564,10356822,0.21834,Africa,,
0.038232999999999996,0.525,1221.111,Togo,2006-12-01,64.0,,2367.865,2202809210.74095,0.0638427402906991,24.9116150802024,270.0,0.0669,0.02,,55.117,53.603,0.124519750362523,0.42646167755127,0.5459005737304691,0.0276375818252563,5685845,0.35649000000000003,Africa,23000000.0,42000000.0
0.039601,0.429,759.069,Liberia,2006-12-01,68.0,,,604028581.80619,0.109040877311334,18.4238031789603,158.0,0.07709999999999999,,0.155025,57.027,55.296,0.0827229805326237,0.433724555969238,0.5360617446899409,0.030213682651519802,3384791,0.46396,Africa,124000000.0,41000000.0
0.028537,0.28800000000000003,,Lesotho,2006-12-01,73.0,,19.0,1428842600.12112,0.0711494841862427,52.3930733730709,564.0,0.0842,0.029797081872448603,0.12160833333333301,44.281,44.022,0.184451969761077,0.393040046691895,0.561244964599609,0.0457160425186157,1940413,0.22820000000000001,Africa,29000000.0,263000000.0
0.039816000000000004,0.845,561.051,Eritrea,2006-12-01,76.0,,696.95,1211161879.50862,0.032264075815164904,7.7611754687217,216.0,0.0456,,,61.45,56.919,0.012312920900664902,0.432230491638184,0.547924003601074,0.0198453402519226,5035036,0.19196000000000002,Africa,60000000.0,
0.036503999999999995,0.9470000000000001,1675.819,Mauritania,2006-12-01,82.0,,,3040718540.58079,0.034983435189463,29.6177902738257,696.0,0.074,0.0097966125273203,0.24,61.928,58.919,0.32742926874618,0.41333835601806596,0.555228042602539,0.0314336085319519,3237713,0.53866,Africa,,
0.028727,0.258,2328.545,Namibia,2006-12-01,95.0,,1293.986,7978609421.80042,0.0719928740652995,279.799043325121,339.0,0.0436,0.0439887064732726,0.11180833333333301,59.955,54.82,0.296574020266633,0.395100479125977,0.5714493179321289,0.0334516835212708,2052931,0.3761,Africa,473000000.0,118000000.0
0.032421,0.32299999999999995,10344.607,Zimbabwe,2006-12-01,97.0,,9714.224,5443896499.71994,,,216.0,0.057,0.0979184150186944,4.96458333333333,44.485,45.655,0.0667341595315046,0.41498687744140594,0.547500114440918,0.037512767314910905,12724308,0.33926,Africa,338000000.0,
0.025182,0.171,4646.089,Botswana,2006-12-01,107.0,,1955.521,10126990487.9848,0.0492954437010136,263.307113996048,140.0,0.0428,0.042899329751596806,0.164583333333333,46.533,46.367,0.434121471942209,0.35383163452148403,0.613483848571777,0.0326845097541809,1895944,0.55306,Africa,539000000.0,285000000.0
0.043353,0.375,1980.18,Mozambique,2006-12-01,113.0,,8742.363,7095910827.74363,0.0651279795194869,21.4080457878022,230.0,0.0866,0.00842954488044236,0.18561333333333302,49.259,46.833,0.108365342483274,0.449524955749512,0.5185414505004879,0.0319335198402405,21587317,0.30182,Africa,145000000.0,196000000.0
0.048825,0.521,22266.024,Angola,2006-12-01,119.0,,10006.357,41789494461.5461,0.0454243613521467,110.864127150343,272.0,0.1196,0.0190764750723428,0.19510814452791098,50.433,47.649,0.178398962435718,0.478161506652832,0.497340888977051,0.0244976615905762,17122409,0.36942,Africa,91000000.0,393000000.0
0.045609000000000004,2.865,2416.553,"Congo, Dem. Rep.",2006-12-01,133.0,,20714.66,14296505933.1906,0.0554746020692201,8.80533449864852,308.0,0.1021,0.0029605361030881,0.464358333333333,49.631,46.477,0.0794280165375453,0.46108776092529297,0.510724296569824,0.0281878638267517,55590838,0.37961,Africa,3100000.0,93000000.0
0.037723999999999994,0.441,4752.432,Equatorial Guinea,2006-12-01,135.0,,1503.0,8081982438.44207,0.022990327183176097,287.235252044539,492.0,0.0845,0.012791935963568599,0.153333333333333,50.637,48.081,0.193075973786719,0.40265834808349604,0.565638580322266,0.0317062926292419,621517,0.38903,Africa,,
0.037738999999999995,0.48700000000000004,84.341,Sao Tome and Principe,2006-12-01,144.0,,44.0,135181861.925595,0.0784086503399668,68.174021244414,424.0,0.0458,0.141820197774712,0.293,66.805,63.071,0.116015767666209,0.41821468353271496,0.542359848022461,0.0394254636764526,158806,0.58847,Africa,6700000.0,1100000.0
0.039882,0.45899999999999996,216.353,Guinea-Bissau,2006-12-01,259.0,,90.0,578517348.941903,0.05885366875933071,23.9776415349992,208.0,0.0938,0.020571967045036003,,53.751,51.52,0.108304839607919,0.426902656555176,0.543880577087402,0.0292160797119141,1452659,0.41729,Africa,2800000.0,17800000.0
0.022599,,54209.261,Libya,2007-12-01,,,17525.188,71803278688.5246,0.0245924899120193,275.663128339684,,0.0173,0.0472199937850513,0.06,76.046,72.287,0.778262875753964,0.29969295501709,0.656447448730469,0.043859610557556196,5782108,0.7717499999999999,Africa,99000000.0,1010000000.0
0.046216,,605.055,Somalia,2007-12-01,,,,,,,,0.1036,0.0112223562161375,,54.629,51.485,0.0673336362598814,0.47809944152832,0.493173332214355,0.0287273359298706,8910851,0.35973999999999995,Africa,,
0.038728,,,South Sudan,2007-12-01,,,,,,,,0.0792,,,52.952,50.94,,0.43600528717041004,0.5310498046875,0.0329446840286255,8736736,0.17420000000000002,Africa,,
0.036576,0.465,1815.165,Madagascar,2007-12-01,7.0,,,7342905883.1691,0.0501298323768752,19.0025430295302,238.0,0.0492,0.006500000000000001,0.45,63.476,60.688,0.11448089241337399,0.443176612854004,0.527903213500977,0.0289201545715332,19371023,0.30043,Africa,506000000.0,94000000.0
0.0135,0.242,3887.02,Mauritius,2007-12-01,7.0,,1194.0,7792063566.51501,0.0495358159906229,316.387339971249,161.0,0.014,0.2022,0.218741666666667,76.11,69.2,0.7611805478140551,0.23027584075927698,0.699882583618164,0.06984235763549801,1260403,0.41203,Africa,1663000000.0,384000000.0
0.024427,0.451,192381.821,"Egypt, Arab Rep.",2007-12-01,10.0,,71188.76,130477817194.412,0.049450725239250704,84.9308857485549,711.0,0.022600000000000002,0.1603,0.12508333333333302,72.2,67.531,0.405413505185406,0.319394054412842,0.626109046936035,0.0544969177246094,74229577,0.43078000000000005,Africa,10327000000.0,2886000000.0
0.0174,0.606,23868.503,Tunisia,2007-12-01,11.0,,9038.797,38920218579.235,0.0564191634266149,216.701325826781,268.0,0.0175,0.171,,76.2,72.3,0.763351266097537,0.246024589538574,0.68566780090332,0.0683074426651001,10225100,0.6543300000000001,Africa,3373000000.0,530000000.0
0.02032,0.444,50267.236,Morocco,2007-12-01,12.0,,14457.489,75226318359.375,0.054751825562415,134.300668093831,358.0,0.032600000000000004,0.215,,71.239,67.817,0.653120417114296,0.29527194976806603,0.65449089050293,0.050237150192260695,30667086,0.56153,Africa,8307000000.0,1418000000.0
0.044469999999999996,2.7969999999999997,190.684,Burundi,2007-12-01,13.0,,,1356078300.12373,0.100267674315087,16.3277974068703,140.0,0.0689,0.006999999999999999,0.16843333333333302,52.514,49.6,0.0324195347148378,0.44463668823242203,0.5289098358154299,0.0264533805847168,8328312,0.09864,Africa,2300000.0,106000000.0
0.033280000000000004,0.327,9578.204,Ghana,2007-12-01,15.0,,9064.105,24757608488.0145,0.0601322124323278,66.0904850964587,304.0,0.056600000000000004,0.0385,,60.505,58.812,0.33757294292699697,0.396684761047363,0.5684255599975591,0.0348897671699524,22525659,0.48668999999999996,Africa,990000000.0,816000000.0
0.037998,0.335,557.384,Rwanda,2007-12-01,16.0,,,3707800458.9043,0.100196517856079,37.7260638720429,168.0,0.0549,0.021153871782575398,0.1611,59.933,57.424,0.06397339361449571,0.444504165649414,0.53185001373291,0.0236458110809326,9928143,0.21085,Africa,177000000.0,98000000.0
0.044035,0.47600000000000003,1646.483,Burkina Faso,2007-12-01,18.0,,,6755823932.79857,0.0765176196099074,31.5343749805196,270.0,0.07940000000000001,0.0075,,54.263,53.007,0.13052533969789398,0.46343238830566397,0.511338844299316,0.025228528976440397,14235075,0.23163,Africa,61000000.0,93000000.0
0.036911,0.303,5914.871,Ethiopia,2007-12-01,18.0,,30535.769,19346646116.7261,0.047807936085237895,11.4006025093063,198.0,0.0611,0.0037,0.075,59.76,57.6,0.015023462995875201,0.456859817504883,0.511427001953125,0.0317131972312927,80440708,0.16116,Africa,790000000.0,107000000.0
0.036185,2.0380000000000003,234.688,Central African Republic,2007-12-01,22.0,,,1698125679.65188,0.043151819770013304,17.833980644469,504.0,0.10809999999999999,0.0037581596104479696,0.15,47.761,44.501,0.0827875644312482,0.41453487396240196,0.546038055419922,0.039426603317260694,4106897,0.38317999999999997,Africa,10800000.0,54000000.0
0.038556,2.1790000000000003,121.011,Comoros,2007-12-01,22.0,,41.0,464948879.259374,0.0491714493747831,36.1326478566916,100.0,0.0676,0.025,0.105,60.905,58.199,0.0981515197491529,0.41839881896972697,0.55189998626709,0.029698009490966803,632736,0.27851,Africa,30000000.0,15000000.0
0.050587,0.424,821.408,Niger,2007-12-01,23.0,,,4291363546.82479,0.0738821283379218,22.2913875426878,270.0,0.0752,0.00390390619762082,,55.41,55.299,0.0633923842784351,0.493930015563965,0.480614166259766,0.025455846786499002,14197289,0.17018,Africa,44000000.0,48000000.0
0.022759,0.742,112338.545,Algeria,2007-12-01,25.0,,36792.728,134977867931.582,0.0350805972939056,134.914048797212,451.0,0.0264,0.0945119062555304,0.08,71.765,68.653,0.7853288665942599,0.277005596160889,0.677100372314453,0.0458940076828003,35097043,0.65348,Africa,332000000.0,504000000.0
0.048076,0.514,579.386,Mali,2007-12-01,25.0,,,7145394015.23154,0.0698311675630391,39.2098269191618,270.0,0.09029999999999999,0.008100000000000001,,52.209,52.687,0.198881406962281,0.464437255859375,0.505629081726074,0.0299336099624634,12725629,0.33612000000000003,Africa,227000000.0,201000000.0
0.040253,2.352,634.391,Sierra Leone,2007-12-01,26.0,,,2158653216.17331,0.140223166123693,55.870251556523,399.0,0.1222,0.0023983469854623298,0.25,43.737,43.326,0.143278776000436,0.425318260192871,0.549829521179199,0.024851851463317903,5416015,0.37363999999999997,Africa,22000000.0,17000000.0
0.041639,0.439,6149.559,Tanzania,2007-12-01,26.0,,18305.766,16825547176.0324,0.0569217140581752,23.2914933272957,172.0,0.0499,0.016,0.160703661501379,56.779,55.234,0.200682432137808,0.44705802917480497,0.522490005493164,0.030451855659484897,41119693,0.26121,Africa,1215000000.0,616000000.0
0.042267000000000006,0.322,95209.988,Nigeria,2007-12-01,27.0,,107683.102,166451202370.171,0.07216224561148149,81.3467461781269,1120.0,0.09079999999999999,0.0677,0.169391666666667,50.102,49.496,0.274450285141007,0.437222709655762,0.5355127716064451,0.027264494895935097,147187353,0.40819000000000005,Africa,337000000.0,6664000000.0
0.046012,0.368,3127.951,Uganda,2007-12-01,28.0,,,12292813800.5214,0.0935690331103327,37.4316137669469,237.0,0.0605,0.0367196535074744,0.19105745478531802,55.237,54.223,0.13652616554785,0.49218166351318404,0.48316520690917997,0.0246532344818115,30728747,0.136,Africa,402000000.0,220000000.0
0.042709000000000004,0.375,2390.884,Mozambique,2007-12-01,29.0,,9144.063,8035635713.16184,0.059618578268514896,21.6077000385557,230.0,0.0815,0.0091,0.195173333333333,49.423,47.098,0.138907892346376,0.450921821594238,0.517057838439941,0.032020525932312,22171404,0.30364,Africa,182000000.0,209000000.0
0.039427,0.732,4499.409,Benin,2007-12-01,31.0,,3206.292,5506275948.35799,0.0454594519733684,28.7753714067937,270.0,0.0688,0.0179,,59.307,56.509,0.2356334603887,0.440904426574707,0.530785789489746,0.0283094215393066,8707490,0.40703,Africa,206000000.0,107000000.0
0.022265,0.365,443648.328,South Africa,2007-12-01,31.0,,136604.243,286171830700.042,0.0779080292731074,449.472456247767,350.0,0.047,0.0806537517355504,0.131666666666667,53.34,50.717,0.8527748183781161,0.30261022567748996,0.6498687744140631,0.0475210094451904,48910248,0.60616,Africa,10226000000.0,6103000000.0
0.043811,2.9210000000000003,396.036,"Gambia, The",2007-12-01,32.0,,133.0,798869805.089884,0.0409028303657813,21.3651251962868,376.0,0.054700000000000006,0.0620503741852418,0.279166666666667,58.651,56.099,0.523321472519396,0.460175399780273,0.514455947875977,0.0253686714172363,1529406,0.53997,Africa,87000000.0,8000000.0
0.043636,0.15,1653.817,Zambia,2007-12-01,33.0,,7399.472,11541420981.4946,0.0595073633431281,56.7084379943185,183.0,0.0698,0.0487,0.188891,50.748,49.48,0.21792806050066002,0.469198684692383,0.503893089294434,0.026908111572265598,12109620,0.37451999999999996,Africa,138000000.0,98000000.0
0.03915,0.649,1437.464,"Congo, Rep.",2007-12-01,37.0,,1209.469,8394688589.03459,0.0253770363061686,56.6748652120452,606.0,0.052899999999999996,0.0275970437370903,0.15,56.529,54.083,0.342559096406409,0.42215534210205097,0.543175086975098,0.0346685075759888,3758858,0.61893,Africa,54000000.0,168000000.0
0.028844,0.37799999999999995,487.711,Djibouti,2007-12-01,37.0,,143.0,847918929.107984,0.0772082465381936,77.9868029969126,66.0,0.0673,0.016200000000000003,0.1124,60.298,57.374,0.0870663211008026,0.357403984069824,0.6077952575683591,0.034799485206604,798690,0.7685299999999999,Africa,6800000.0,14200000.0
0.039781,0.508,5834.197,Cameroon,2007-12-01,38.0,,6339.74,20431779033.658,0.0470890063193877,50.3784688648408,654.0,0.0733,0.029300000000000003,0.15,53.418,51.585,0.237515810824312,0.439426307678223,0.527734069824219,0.0328396511077881,19097676,0.49741,Africa,254000000.0,466000000.0
0.041851,0.33,953.42,Malawi,2007-12-01,39.0,,,3647817218.57435,0.06667719381649109,17.7359247712708,370.0,0.0636,0.00965864736553132,0.277152777777778,50.83,50.895,0.07662757356517451,0.46079338073730497,0.508768997192383,0.0304373908042908,13713758,0.15234999999999999,Africa,43000000.0,79000000.0
0.0176,0.484,652.726,Seychelles,2007-12-01,39.0,,205.0,1033635773.39104,0.033904828752176604,393.192459064997,76.0,0.012199999999999999,0.38380000000000003,0.108936721967483,77.7,68.9,0.866986783943276,0.23257118225097698,0.692664947509766,0.0747526216506958,85033,0.51522,Africa,60000000.0,11000000.0
0.036444000000000004,0.361,12541.14,Sudan,2007-12-01,39.0,,15293.511,45456460335.1022,0.0617614993547385,84.5155643559603,180.0,0.0587,0.0866,,62.466,58.945,0.203550955964208,0.428148803710938,0.5411153793334961,0.0307357549667358,33218250,0.32866,Africa,262000000.0,1477000000.0
0.03631,0.446,6882.959,Cote d'Ivoire,2007-12-01,40.0,,10232.925,19795705245.3489,0.0655311076386931,72.2730855810475,270.0,0.084,0.018000000000000002,,49.105,47.482,0.41605006523739596,0.422066879272461,0.547792053222656,0.0301412415504456,17949061,0.48266,Africa,115000000.0,606000000.0
0.039345,0.807,1210.11,Guinea,2007-12-01,40.0,,,4134173271.02524,0.0626502365304691,25.7796321758365,416.0,0.0792,0.00780025279059244,,54.523,53.392,0.19906505117415002,0.433447036743164,0.534475021362305,0.0320776414871216,10046967,0.33596,Africa,1100000.0,96000000.0
0.03811,0.493,9831.227,Kenya,2007-12-01,44.0,,17229.685,27236739895.9373,0.0442063890061865,31.8931010607771,432.0,0.0577,0.0795,0.13340343675809,57.775,55.466,0.300628327214148,0.42644088745117203,0.5469229507446289,0.0266361498832703,37752304,0.2242,Africa,1514000000.0,265000000.0
0.033005,0.447,2332.212,Gabon,2007-12-01,57.0,,1831.615,11570860872.2274,0.0327192344540296,261.567172435481,488.0,0.0475,0.057670045756258295,0.15,61.965,59.893,0.807661801811263,0.390956687927246,0.5539005279541019,0.0551427793502808,1447388,0.84443,Africa,,
0.038918,0.455,5335.485,Senegal,2007-12-01,59.0,,2999.85,11284603480.5383,0.0470713727129805,44.7574494623107,696.0,0.052399999999999995,0.077,,63.213,60.305,0.30498210243886303,0.438510818481445,0.5299897384643549,0.031499354839325,11904974,0.41518,Africa,622000000.0,352000000.0
0.031346,0.363,1063.43,Swaziland,2007-12-01,60.0,,423.0,3053823329.23844,0.07049398677313351,189.673986659519,104.0,0.0752,0.040999999999999995,0.131666666666667,46.525,47.008,0.334808546781124,0.405553588867188,0.562108306884766,0.0323398613929749,1134977,0.21783000000000002,Africa,32000000.0,63000000.0
0.038082,0.526,1316.453,Togo,2007-12-01,62.0,,2458.068,2523462648.98387,0.0647482644154753,28.0833607914133,270.0,0.0653,0.022000000000000002,,55.341,53.843,0.20400318365340697,0.42468250274658204,0.547754974365234,0.027562699317932097,5834806,0.36116,Africa,38000000.0,59000000.0
0.048919,0.74,462.042,Chad,2007-12-01,64.0,,,8638711756.59476,0.041962940582972,27.492489679434,732.0,0.0985,0.00847224520710968,0.15,49.176,47.714,0.0858728792337947,0.491575927734375,0.48239959716796904,0.026024825572967498,10694366,0.21867999999999999,Africa,,
0.0362,0.9470000000000001,1914.174,Mauritania,2007-12-01,65.0,,,3356758533.56708,0.043743277764302896,37.2844331370072,696.0,0.0732,0.0143361319586788,0.235,62.074,59.078,0.424609996825861,0.41124229431152304,0.557361373901367,0.031395747661590596,3330037,0.54592,Africa,,
0.038977,0.429,678.395,Liberia,2007-12-01,68.0,,,739026892.226679,0.102352432354374,21.4750063163225,158.0,0.0717,0.00551376580555429,0.15046151234772298,58.082,56.337,0.159839014006213,0.434154281616211,0.53547119140625,0.0303742384910584,3522294,0.46741999999999995,Africa,131000000.0,48000000.0
0.028326,0.22399999999999998,7.334,Lesotho,2007-12-01,73.0,,19.0,1597484735.65523,0.08467988563547321,69.1652000675336,342.0,0.082,0.034454312597087304,0.141316666666667,45.062,44.711,0.24668112634115003,0.38907875061035196,0.565904006958008,0.0450167322158813,1955784,0.23293,Africa,31000000.0,276000000.0
0.039587000000000004,0.845,579.386,Eritrea,2007-12-01,84.0,,720.631,1317974493.40894,0.0329155151993683,8.32694104842524,216.0,0.0439,0.0040999999999999995,,61.979,57.405,0.0161901138728477,0.43064975738525396,0.549223327636719,0.0201266980171204,5209846,0.19518000000000002,Africa,61000000.0,
0.032481,0.514,10212.595,Zimbabwe,2007-12-01,97.0,,9438.483,5291950101.35736,,,256.0,0.0576,0.1085,,46.257,47.219,0.0962039723205988,0.415493049621582,0.546200981140137,0.0383061122894287,12740160,0.33743,Africa,365000000.0,
0.028291,0.258,2409.219,Namibia,2007-12-01,99.0,,1344.989,8836063690.0917,0.0693711266160339,293.781529033244,339.0,0.0423,0.0483561077833704,0.128841666666667,61.54,56.153,0.384615754313452,0.39129329681396496,0.575034370422363,0.0336723208427429,2080700,0.38598,Africa,542000000.0,132000000.0
0.024966000000000002,0.171,4701.094,Botswana,2007-12-01,107.0,,2032.502,10939028155.3688,0.0471308552837573,269.198227092236,140.0,0.043,0.0528,0.16215,46.208,46.38,0.601383050323545,0.350609092712402,0.616141929626465,0.0332489728927612,1915187,0.55539,Africa,548000000.0,284000000.0
0.04833,0.521,25151.953,Angola,2007-12-01,119.0,,10697.001,60448890972.4218,0.0338311089908754,115.45608797406,272.0,0.1174,0.032,0.176988356005955,50.875,48.065,0.28010982325573797,0.478513603210449,0.49704963684082004,0.024436588287353497,17712824,0.37722,Africa,236000000.0,473000000.0
0.045238999999999994,2.8810000000000002,2603.57,"Congo, Dem. Rep.",2007-12-01,133.0,,21459.136,16364027646.8119,0.058839345794002795,10.3030210650622,308.0,0.0995,0.0037,0.470010183333333,49.872,46.634,0.115269054445079,0.459659805297852,0.512133255004883,0.0282068729400635,57187942,0.38448,Africa,700000.0,109000000.0
0.037515,0.441,4796.436,Equatorial Guinea,2007-12-01,135.0,,1759.0,10197937673.1015,0.0235880045565261,380.010582009417,492.0,0.08220000000000001,0.0155712305943539,0.15,51.186,48.568,0.234514976126375,0.399808959960938,0.56920223236084,0.0309903717041016,639618,0.38963000000000003,Africa,,
0.037589,0.48700000000000004,84.341,Sao Tome and Principe,2007-12-01,144.0,,44.0,144259256.649338,0.07133217781216379,65.8904382975194,424.0,0.0441,0.145904831987414,0.324,67.12,63.348,0.184215680274191,0.41698390960693404,0.544292793273926,0.038729419708252,163390,0.59655,Africa,5000000.0,700000.0
0.039579,0.45899999999999996,231.021,Guinea-Bissau,2007-12-01,259.0,,95.0,690721769.225811,0.0608537108372703,28.5178769561612,208.0,0.09140000000000001,0.022063022374500297,,54.137,51.612,0.199565866780926,0.424967498779297,0.545723762512207,0.0293100547790527,1484337,0.42595999999999995,Africa,28400000.0,40700000.0
0.022438,,60391.823,Libya,2008-12-01,,,17737.685,93167701863.354,0.0224603949206096,318.274586163107,,0.0161,0.09,0.06,76.313,72.506,1.25563380101943,0.297219657897949,0.658301239013672,0.0444792699813843,5876805,0.7732399999999999,Africa,99000000.0,1339000000.0
0.045887,,608.722,Somalia,2008-12-01,,,,,,,,0.1018,0.0114268737216185,,54.971,51.815,0.06859761851387361,0.478200340270996,0.493279571533203,0.0285201978683472,9140259,0.36394,Africa,,
0.038251,,,South Sudan,2008-12-01,,,,16382632812.1264,0.020180472198434697,33.8014507604116,,0.0761,,,53.42,51.427,,0.43358493804931597,0.533070755004883,0.0333441686630249,9118386,0.17554999999999998,Africa,,
0.0129,0.258,3953.026,Mauritius,2008-12-01,6.0,,,9641077098.19803,0.0459792048618746,362.35965388786,161.0,0.013900000000000001,0.2181,0.115416666666667,76.11,69.2,0.844657559329571,0.223810958862305,0.704138488769531,0.0720505237579346,1268565,0.40995,Africa,1823000000.0,489000000.0
0.036153,0.426,1943.51,Madagascar,2008-12-01,7.0,,,9413002737.28079,0.0432613403085331,20.4357616909465,238.0,0.047,0.0165,0.45,63.934,61.085,0.24265023183619402,0.440354423522949,0.530879974365234,0.0287656044960022,19926785,0.30670000000000003,Africa,620000000.0,143000000.0
0.024377,0.44,196796.889,"Egypt, Arab Rep.",2008-12-01,8.0,,72050.143,162818181818.182,0.048104728503070904,101.242449882391,711.0,0.0214,0.1801,0.12325,72.403,67.738,0.546901720160205,0.31774694442748996,0.62780590057373,0.0544471883773804,75491922,0.43058,Africa,12104000000.0,3390000000.0
0.038808,0.455,5441.828,Senegal,2008-12-01,9.0,,3036.205,13386346542.8972,0.049351475167702,53.978861395441,666.0,0.0505,0.106,,63.657,60.798,0.440332137381871,0.43764289855957,0.530982437133789,0.0313746666908264,12238791,0.4174,Africa,637000000.0,276000000.0
0.0177,0.586,25012.607,Tunisia,2008-12-01,11.0,,9426.918,44856586316.0458,0.0562865654295131,246.380010547031,228.0,0.0166,0.2753,,76.3,72.4,0.827810913962042,0.241376667022705,0.689968185424805,0.0686552238464355,10328900,0.65601,Africa,3909000000.0,555000000.0
0.020725999999999998,0.529,49933.539,Morocco,2008-12-01,12.0,,14932.969,88882967741.9355,0.0541598951591932,155.505314944594,358.0,0.0314,0.331,,71.465,68.035,0.737056459521067,0.289482669830322,0.6602111053466799,0.050306262969970705,30955151,0.56665,Africa,8885000000.0,1910000000.0
0.044829999999999995,2.7969999999999997,249.356,Burundi,2008-12-01,13.0,,,1611634286.34081,0.07859463569417499,14.6889539707983,140.0,0.0659,0.008100000000000001,0.165208333333333,53.128,50.06,0.0557245358453111,0.441558265686035,0.532369537353516,0.0260723209381104,8624280,0.10118,Africa,1600000.0,151000000.0
0.032957,0.325,8529.442,Ghana,2008-12-01,13.0,,8957.856,28528016511.3477,0.0558775318966334,68.97737555580849,224.0,0.056100000000000004,0.042699999999999995,,60.914,59.188,0.500664664976701,0.394104309082031,0.570667991638184,0.0352276539802551,23110139,0.49351,Africa,970000000.0,870000000.0
0.037728000000000005,0.33399999999999996,542.716,Rwanda,2008-12-01,14.0,,,4674053754.34692,0.10133794677288799,46.70646303027,160.0,0.0503,0.045,0.16510000000000002,61.459,58.791,0.129379051724838,0.447218284606934,0.529575614929199,0.0232059979438782,10222961,0.22033000000000003,Africa,224000000.0,146000000.0
0.043565,0.445,1697.821,Burkina Faso,2008-12-01,16.0,,,8350710389.31231,0.08577286102169991,38.6437958635379,270.0,0.076,0.0092,,54.695,53.522,0.206290793106464,0.462479095458984,0.512448310852051,0.0250724339485168,14659646,0.23992999999999998,Africa,82000000.0,110000000.0
0.039564,2.352,663.727,Sierra Leone,2008-12-01,17.0,,,2505620416.4953,0.141564430146976,64.0857533196506,399.0,0.1196,0.0025,0.245,44.237,43.906,0.18235261261512,0.424373664855957,0.550502243041992,0.025124278068542498,5532139,0.37645,Africa,34000000.0,24000000.0
0.036092,0.303,6369.579,Ethiopia,2008-12-01,18.0,,31482.148,26571320718.4721,0.0431351967485778,13.5039782842947,198.0,0.0571,0.0045000000000000005,0.08,60.863,58.507,0.023656485703001898,0.453307418823242,0.5145319747924799,0.032160634994506804,82621190,0.16510000000000002,Africa,1184000000.0,156000000.0
0.043454,0.15,1844.501,Zambia,2008-12-01,18.0,,7641.333,14640792100.4893,0.066306431471427,77.9262560031622,183.0,0.0673,0.0555,0.19063187162074802,52.435,50.848,0.284108323291075,0.469552536010742,0.503661270141602,0.026786198616027802,12456527,0.37875,Africa,148000000.0,107000000.0
0.035883000000000005,0.858,2020.517,Mauritania,2008-12-01,19.0,,,3790240830.66288,0.0434531615925059,45.5131825852898,696.0,0.0722,0.0187,0.203333333333333,62.23,59.238,0.611175140619025,0.40925342559814504,0.559372863769531,0.0313739728927612,3422901,0.55303,Africa,,
0.050369,0.423,916.75,Niger,2008-12-01,19.0,,,5403364453.52777,0.07125125892757661,26.122960296203,270.0,0.0719,0.006999999999999999,,56.014,55.841,0.128758414956817,0.49560417175293,0.47881580352783204,0.025579977035522502,14737895,0.17184999999999997,Africa,86000000.0,98000000.0
0.035754,2.0380000000000003,234.688,Central African Republic,2008-12-01,22.0,,,1985370254.96172,0.0430957009803213,20.4220354942389,504.0,0.1066,0.01,,48.446,45.094,0.136197267165993,0.41199459075927697,0.5487160873413091,0.0392900443077087,4185106,0.3847,Africa,11800000.0,56000000.0
0.038113999999999995,2.1790000000000003,124.678,Comoros,2008-12-01,22.0,,,530131963.428658,0.051739738797003006,42.2444351763935,100.0,0.06609999999999999,0.03,0.105,61.127,58.438,0.141294119277797,0.42003814697265596,0.550431175231934,0.029533753395080603,649291,0.2786,Africa,37000000.0,15000000.0
0.022004000000000003,0.337,465023.271,South Africa,2008-12-01,22.0,,146768.413,273141750192.768,0.08039317788507351,436.83767222011,200.0,0.0455,0.0843,0.15125,54.084,51.257,0.895210836873329,0.300376682281494,0.650347061157227,0.0492762422561646,49561256,0.6115400000000001,Africa,9178000000.0,6905000000.0
0.023516,0.738,114619.419,Algeria,2008-12-01,25.0,,37424.646,171000162581.484,0.038271525323627,183.187841397513,451.0,0.0253,0.1018,0.08,71.92,68.81,0.756646234971852,0.273544063568115,0.679801483154297,0.0466544532775879,35725377,0.66097,Africa,474000000.0,617000000.0
0.047991,0.514,594.054,Mali,2008-12-01,25.0,,,8737687352.70079,0.067393077521955,44.8199376868871,270.0,0.0876,0.015700000000000002,,52.683,53.113,0.261720942718688,0.465406227111816,0.504954566955566,0.0296390724182129,13138299,0.34403,Africa,286000000.0,228000000.0
0.042169,0.322,92621.086,Nigeria,2008-12-01,25.0,,111224.988,208064724514.151,0.0645839131408983,88.4632717949088,938.0,0.0877,0.1586,0.154798333333333,50.628,50.045,0.416568294498548,0.438182411193848,0.534543380737305,0.027274191379547102,151208080,0.41702,Africa,959000000.0,11009000000.0
0.045573,0.34,3160.954,Uganda,2008-12-01,25.0,,,14239026767.6933,0.08804355268755121,39.4493971912141,222.0,0.057,0.079,0.20450066096838002,56.259,55.02,0.26920035587248003,0.49116138458252,0.484254531860352,0.0245841264724731,31778799,0.13892,Africa,536000000.0,315000000.0
0.042026,0.375,2339.546,Mozambique,2008-12-01,26.0,,9264.006,9891003404.78197,0.0549736161621941,23.8876884381133,230.0,0.07809999999999999,0.015600000000000001,0.18309999999999998,49.635,47.407,0.193520094980675,0.45202449798584,0.515857200622559,0.0321184062957764,22762525,0.30548,Africa,213000000.0,235000000.0
0.041391,0.444,6538.261,Tanzania,2008-12-01,26.0,,18920.626,20715086118.9064,0.0536289469234811,26.2297247538891,172.0,0.046799999999999994,0.019,0.149821346779129,57.993,56.244,0.307098679952845,0.44758930206298797,0.521739273071289,0.0306714224815369,42353790,0.26776,Africa,1293000000.0,746000000.0
0.043642,2.9210000000000003,410.704,"Gambia, The",2008-12-01,27.0,,,965771303.038565,0.0412020854407086,25.2169176694267,376.0,0.053700000000000005,0.0688,0.27,58.929,56.371,0.739003690785204,0.46012443542480497,0.514438667297363,0.0254343509674072,1577984,0.54789,Africa,80000000.0,8000000.0
0.037698999999999996,0.493,10241.931,Kenya,2008-12-01,30.0,,17805.569,30465489796.0539,0.041900676171049506,32.9227917335656,417.0,0.0555,0.0867,0.140169393773033,58.934,56.355,0.42048478388865596,0.42632369995117203,0.5472984695434571,0.0263777804374695,38773277,0.228,Africa,1398000000.0,266000000.0
0.038898,0.732,4492.075,Benin,2008-12-01,31.0,,3277.517,6633561835.2379,0.0418830821379843,31.0160786065592,270.0,0.0663,0.018500000000000003,,59.623,56.876,0.404017343465771,0.43872177124023404,0.532773094177246,0.0285052537918091,8973293,0.41078000000000003,Africa,236000000.0,102000000.0
0.038352,0.429,575.719,Liberia,2008-12-01,31.0,,,850040458.839631,0.118250114985507,27.3687228231799,158.0,0.0673,0.0053,0.143980288602552,59.011,57.247,0.23269631122924403,0.434362449645996,0.535077323913574,0.0305602335929871,3672714,0.47088,Africa,158000000.0,58000000.0
0.028739,0.37799999999999995,524.381,Djibouti,2008-12-01,37.0,,,999105339.267729,0.0804536890065114,92.3857939661532,66.0,0.0655,0.0226,0.115558333333333,60.793,57.831,0.13930132082459,0.35087394714355497,0.613657569885254,0.0354684615135193,810100,0.7689900000000001,Africa,7800000.0,15500000.0
0.039427,0.504,5544.504,Cameroon,2008-12-01,38.0,,6395.196,23735537026.2769,0.049822289377346694,60.3499454635212,654.0,0.0708,0.034,,53.829,51.929,0.314411065338724,0.437614288330078,0.529683456420898,0.0327024817466736,19595026,0.50337,Africa,167000000.0,563000000.0
0.041540999999999995,0.322,1155.105,Malawi,2008-12-01,39.0,,,4276769712.29181,0.083842424676621,25.3621032969303,292.0,0.059,0.006999999999999999,0.252777777777778,51.796,51.815,0.106638981873727,0.460256538391113,0.509311408996582,0.030432147979736302,14138207,0.15326,Africa,43000000.0,86000000.0
0.0178,0.466,707.731,Seychelles,2008-12-01,39.0,,,967211974.937748,0.026871362763470498,289.102378835833,76.0,0.012199999999999999,0.4044,0.118077707180483,78.9,67.7,1.03975439923472,0.22850437164306603,0.696402740478516,0.0751262474060059,86956,0.5177499999999999,Africa,46000000.0,7000000.0
0.035886,0.361,12588.811,Sudan,2008-12-01,39.0,,15538.693,54082389392.8541,0.0747232165573894,117.706598608878,180.0,0.0575,,,62.765,59.271,0.289543046698055,0.425772514343262,0.543280906677246,0.0309465622901917,34040065,0.32919,Africa,331000000.0,1188000000.0
0.036317999999999996,0.446,6871.958,Cote d'Ivoire,2008-12-01,40.0,,10278.06,23414253327.8501,0.064503652292745,82.7109620477773,270.0,0.0815,0.019,,49.6,48.012,0.5722349847568821,0.42094371795654295,0.54856559753418,0.030490562915802003,18260044,0.49034,Africa,129000000.0,612000000.0
0.038960999999999996,0.807,1213.777,Guinea,2008-12-01,40.0,,,4515824643.35277,0.059986376916558906,26.2623716050382,416.0,0.0765,0.0092,,55.153,53.836,0.266610358558939,0.43185634613037105,0.536175346374512,0.031968326568603496,10314678,0.34005,Africa,2400000.0,30000000.0
0.02816,0.196,18.335,Lesotho,2008-12-01,40.0,,,1630667593.27628,0.0885097604765793,73.1805525506436,324.0,0.0824,0.0358,0.161869444444444,45.96,45.529,0.300789119150755,0.384969787597656,0.570835380554199,0.0441973638534546,1972199,0.23774,Africa,30000000.0,248000000.0
0.032926000000000004,0.447,1565.809,Gabon,2008-12-01,57.0,,1879.778,15685389826.8882,0.0267122434579276,283.405244489167,488.0,0.045899999999999996,0.0621,,62.448,60.374,0.876694296024596,0.389105262756348,0.5563778686523441,0.0545168972015381,1482843,0.84896,Africa,,
0.031222,0.363,1092.766,Swaziland,2008-12-01,60.0,,,3019770679.64511,0.0819469393574378,214.450586134423,104.0,0.0742,0.06849999999999999,0.148333333333333,47.038,47.639,0.46072418667006404,0.399253349304199,0.568079147338867,0.0326701211929321,1153929,0.2167,Africa,26000000.0,59000000.0
0.037916,0.526,1455.799,Togo,2008-12-01,62.0,,2562.691,3163416556.05377,0.06462230370418749,34.1883222452632,270.0,0.0636,0.024,,55.612,54.111,0.258796547669132,0.42313934326171904,0.549353485107422,0.0275076818466187,5987491,0.36587000000000003,Africa,44000000.0,68000000.0
0.048469,0.713,509.713,Chad,2008-12-01,64.0,,,10351933631.6086,0.0357174696893136,27.0724164036881,732.0,0.09709999999999999,0.011899999999999999,,49.627,48.124,0.14505067163900398,0.49074512481689503,0.483542289733887,0.0257130408287048,11030628,0.21901,Africa,,
0.027870000000000002,0.228,3578.992,Namibia,2008-12-01,66.0,,1454.568,8493167843.29613,0.0685229001394182,286.647281300538,339.0,0.0409,0.0532900377208954,0.137366666666667,63.037,57.467,0.498391361342738,0.386839828491211,0.579231185913086,0.0339299345016479,2110791,0.39597,Africa,484000000.0,114000000.0
0.047739,0.521,26596.751,Angola,2008-12-01,68.0,,11584.237,84178086998.6708,0.0384493151222799,176.72337691824,272.0,0.1149,0.046,0.12533605759663,51.301,48.463,0.36983689537671405,0.47870410919189504,0.496927680969238,0.0243683123588562,18314441,0.38509,Africa,293000000.0,447000000.0
0.024753,0.171,4979.786,Botswana,2008-12-01,77.0,,2151.451,11113042238.1836,0.0534315601349378,307.069888269292,140.0,0.0429,0.0625,0.165416666666667,46.004,46.485,0.768359311771772,0.34775321960449196,0.618442993164063,0.033803772926330605,1933719,0.55772,Africa,59000000.0,54000000.0
0.039289000000000004,0.845,414.371,Eritrea,2008-12-01,84.0,,677.244,1380188800.03147,0.0339831247902922,8.71438937563194,216.0,0.0422,0.004699999999999999,,62.51,57.897,0.0201835210119054,0.43007987976074197,0.549491539001465,0.020428590774536102,5382163,0.19854,Africa,46000000.0,
0.032466,0.684,8148.074,Zimbabwe,2008-12-01,97.0,,8677.567,4415702801.27889,,,256.0,0.0583,0.114,,48.5,49.102,0.129436459097714,0.41571926116943403,0.5452389526367191,0.0390419578552246,12784041,0.3356,Africa,294000000.0,
0.044849,2.8810000000000002,2819.923,"Congo, Dem. Rep.",2008-12-01,133.0,,22246.231,19206060074.8126,0.0733310709226543,14.5559069818209,308.0,0.09709999999999999,0.0044,0.431541666666667,50.137,46.823,0.16895247419721499,0.458058929443359,0.513707084655762,0.0282339358329773,58819038,0.38941000000000003,Africa,700000.0,127000000.0
0.037274,0.441,4503.076,Equatorial Guinea,2008-12-01,135.0,,,15419096232.4654,0.0337047881883083,792.436737242622,492.0,0.08009999999999999,0.0182,,51.772,49.085,0.27354583792409104,0.39738613128662104,0.572288284301758,0.03032559633255,658025,0.39037,Africa,,
0.037284,0.47200000000000003,84.341,Sao Tome and Principe,2008-12-01,144.0,,,183464986.34772,0.0628996461683347,74.9641902406428,424.0,0.0426,0.1548,0.324,67.401,63.592,0.300446351625231,0.41627193450927696,0.545826835632324,0.0379012560844421,168253,0.60434,Africa,7700000.0,300000.0
0.039034,0.659,1474.134,"Congo, Rep.",2008-12-01,161.0,,1259.721,11859015180.8733,0.0208514175673857,63.7892921849456,606.0,0.048799999999999996,0.0428750990276481,,57.234,54.696,0.466145144751353,0.421973571777344,0.543589744567871,0.0344364404678345,3876475,0.62341,Africa,,
0.039263,0.45899999999999996,227.354,Guinea-Bissau,2008-12-01,259.0,,,842890956.086099,0.0600728226455736,34.2202573041037,208.0,0.0891,0.0235488871087933,,54.5,51.731,0.32971811301848497,0.422936592102051,0.547608299255371,0.0294557404518127,1516920,0.43468,Africa,38200000.0,46100000.0
0.022209,,67674.485,Libya,2009-12-01,,,20285.923,62360446570.9729,0.0346449783710098,348.662004500986,,0.015099999999999999,0.10800000000000001,0.06,76.552,72.713,1.59851969837324,0.295461254119873,0.6594365692138671,0.045102171897888205,5964325,0.77479,Africa,159000000.0,1683000000.0
0.045512000000000004,,594.054,Somalia,2009-12-01,,,,,,,,0.0996,0.011606105424606099,,55.313,52.143,0.0683306658434296,0.47783870697021497,0.49381824493408205,0.028342516422271702,9380854,0.36823,Africa,,
0.037793999999999994,,,South Sudan,2009-12-01,,,,13298986925.2749,0.023682944765977897,29.5920820602024,,0.0732,,,53.935,51.943,,0.431030235290527,0.535249824523926,0.0337198257446289,9520571,0.17699,Africa,,
0.03737,0.31,575.719,Rwanda,2009-12-01,3.0,,,5208687775.28584,0.0995320561184895,49.6509668501988,160.0,0.0466,0.077,0.1609,62.728,59.901,0.230705469536172,0.44842903137207,0.528615226745605,0.022955520153045698,10529668,0.22988,Africa,223000000.0,148000000.0
0.012,0.26,3865.018,Mauritius,2009-12-01,6.0,,,8834661042.93519,0.0496678582334028,357.338969563448,161.0,0.0136,0.22510000000000002,0.0925,76.56,69.38,0.885809978636188,0.217448711395264,0.7079931640625,0.0745589685440063,1275032,0.40787,Africa,1390000000.0,384000000.0
0.035783,0.384,1822.499,Madagascar,2009-12-01,7.0,,,8550363829.11527,0.0452091899908688,18.8638261789831,201.0,0.045200000000000004,0.0163,0.45,64.392,61.494,0.306591164632378,0.43731742858886696,0.534071464538574,0.0286112284660339,20495695,0.31298,Africa,518000000.0,123000000.0
0.024263000000000003,0.43,197871.32,"Egypt, Arab Rep.",2009-12-01,8.0,,71465.479,188984088127.295,0.049853832683275694,117.553740495009,480.0,0.0206,0.2569,0.11975,72.621,67.949,0.720966674278951,0.316425399780273,0.629013824462891,0.0545607805252075,76775023,0.43039,Africa,11757000000.0,2941000000.0
0.047883,0.514,612.389,Mali,2009-12-01,8.0,,,8964480570.32521,0.0684885696616418,45.2800072313392,270.0,0.0852,0.018000000000000002,,53.145,53.53,0.328965677864102,0.466582641601563,0.504077339172363,0.0293400931358337,13559296,0.35200000000000004,Africa,290000000.0,231000000.0
0.038697,0.455,5848.865,Senegal,2009-12-01,9.0,,3269.64,12812994669.9019,0.048030119609631494,48.7254186541886,666.0,0.0487,0.145,,64.017,61.181,0.548310706105677,0.436941413879395,0.531870269775391,0.0311883997917175,12586827,0.41977,Africa,474000000.0,258000000.0
0.0177,0.623,24807.255,Tunisia,2009-12-01,11.0,,9193.033,43454935940.1614,0.061840468769494,259.266839796473,228.0,0.0157,0.3407,,76.5,72.5,0.9320555475852239,0.237669544219971,0.693320388793945,0.0690099811553955,10439600,0.65767,Africa,3526000000.0,478000000.0
0.032602,0.325,7444.01,Ghana,2009-12-01,12.0,,9320.17,25978563316.2976,0.0511607942478744,56.0994836790979,224.0,0.055600000000000004,0.054400000000000004,,61.253,59.492,0.637734839699905,0.391706581115723,0.572873191833496,0.0354202914237976,23691533,0.50031,Africa,849000000.0,948000000.0
0.021263,0.493,49541.17,Morocco,2009-12-01,12.0,,15053.573,90908402631.2523,0.05666585976438179,164.702859224804,358.0,0.0303,0.413,,71.704,68.255,0.80925644517729,0.284693584442139,0.665022811889648,0.0502836227416992,31276564,0.57175,Africa,7980000000.0,1713000000.0
0.038905,2.352,652.726,Sierra Leone,2009-12-01,12.0,,,2453972796.95184,0.16900664612872798,73.5364085006619,357.0,0.1169,0.0026,0.221666666666667,44.651,44.359,0.20563066392823298,0.423137397766113,0.551458358764648,0.0254044270515442,5641182,0.37937,Africa,25000000.0,22000000.0
0.045081,2.7969999999999997,179.683,Burundi,2009-12-01,13.0,,,1739781535.88738,0.069641872725617,13.8515843054023,140.0,0.0632,0.009000000000000001,0.14075833333333299,53.75,50.517,0.103145657509891,0.43979072570800803,0.534532928466797,0.0256764912605286,8926687,0.10375999999999999,Africa,1700000.0,71000000.0
0.043058,0.449,1664.818,Burkina Faso,2009-12-01,14.0,,,8348156389.07694,0.0727746155472111,41.0582812821914,270.0,0.0728,0.0113,,55.138,54.005,0.25330462795977,0.461340980529785,0.5137307739257809,0.024928243160247797,15094967,0.24828,Africa,99000000.0,111000000.0
0.035351,0.303,6659.272,Ethiopia,2009-12-01,15.0,,32378.342,31843357840.4022,0.044584981155421206,14.9655945706036,198.0,0.0536,0.0054,,61.917,59.346,0.0477580974532743,0.449108276367188,0.51827262878418,0.0326191210746765,84838032,0.1691,Africa,1119000000.0,139000000.0
0.050194,0.465,1085.432,Niger,2009-12-01,17.0,,,5397121962.02425,0.0765321875316148,26.6036147441238,270.0,0.0688,0.0076,,56.585,56.357,0.169836556982354,0.497051277160645,0.47724216461181596,0.025706746578216602,15302948,0.17366,Africa,69000000.0,84000000.0
0.04332,0.15,2156.196,Zambia,2009-12-01,18.0,,7842.259,12805029521.6596,0.0636668547156347,63.5689432585634,183.0,0.0648,0.06309999999999999,0.22063122069174199,54.127,52.148,0.343600105138147,0.469515419006348,0.503824043273926,0.0266605973243713,12825031,0.38299,Africa,98000000.0,83000000.0
0.035552999999999994,0.858,2211.201,Mauritania,2009-12-01,19.0,,,3027032864.41642,0.0537403129099117,46.1963169184317,696.0,0.0712,0.022799999999999997,0.195,62.395,59.397,0.620648808316769,0.407364501953125,0.561262741088867,0.0313727498054504,3516077,0.56,Africa,,
0.037737,0.429,528.048,Liberia,2009-12-01,20.0,,,1155146229.786,0.143901887498929,43.4987132589007,158.0,0.0635,0.0051,0.141866666666667,59.775,57.987,0.283940608775749,0.434171409606934,0.535139617919922,0.030688693523407,3821440,0.47441,Africa,123000000.0,51000000.0
0.037612,2.1790000000000003,124.678,Comoros,2009-12-01,22.0,,,535199685.948686,0.0381382469493032,30.6434135867944,100.0,0.0645,0.035,0.105,61.357,58.665,0.184051271811763,0.42132453918457,0.54932991027832,0.029344074726104702,666097,0.27882,Africa,32000000.0,17000000.0
0.021763,0.298,503941.142,South Africa,2009-12-01,22.0,,142761.219,284183101099.752,0.0867735676639097,484.233780136863,200.0,0.04,0.1,0.117083333333333,55.059,51.951,0.912486087760702,0.29855115890502903,0.650588455200195,0.050860447883606004,50222996,0.61687,Africa,8684000000.0,6420000000.0
0.03538,2.0380000000000003,234.688,Central African Republic,2009-12-01,23.0,,,1981728179.49882,0.0357683042179136,16.6148765583839,504.0,0.1047,0.018000000000000002,,49.172,45.722,0.202435770830897,0.409274711608887,0.551597442626953,0.0391278338432312,4266247,0.3864,Africa,6000000.0,61000000.0
0.024122,0.72,124586.325,Algeria,2009-12-01,25.0,,40823.003,137211795394.166,0.0460596572600542,173.70261197408,451.0,0.024399999999999998,0.11230000000000001,0.08,72.074,68.952,0.899583660658398,0.271645336151123,0.681203231811523,0.0471515464782715,36383302,0.66822,Africa,381000000.0,574000000.0
0.042063,0.322,71719.186,Nigeria,2009-12-01,25.0,,109255.196,169481270114.984,0.068457391515638,74.2757680005379,938.0,0.0847,0.2,0.183616666666667,51.125,50.55,0.479584083049526,0.439197158813477,0.533517189025879,0.0272856688499451,155381020,0.42588000000000004,Africa,791000000.0,6236000000.0
0.045115,0.35,3366.306,Uganda,2009-12-01,25.0,,,14824492062.1214,0.0934802045438148,42.1671931312588,161.0,0.054,0.0978,0.209551657814281,57.258,55.762,0.285529465260936,0.489957046508789,0.485515403747559,0.0245275664329529,32864328,0.14189,Africa,683000000.0,351000000.0
0.041336,0.375,2574.234,Mozambique,2009-12-01,26.0,,9553.519,9674037707.314,0.059539612326257506,24.655956808482,230.0,0.07429999999999999,0.0268,0.156756666666667,49.894,47.757,0.255587286944815,0.45286190032959,0.514913101196289,0.0322247409820557,23361025,0.30745,Africa,217000000.0,247000000.0
0.041055999999999995,0.444,6446.586,Tanzania,2009-12-01,26.0,,19345.262,21368165399.612,0.0561965115129283,27.5165726871957,172.0,0.0441,0.024,0.150304818249447,59.186,57.214,0.40031130332729703,0.44806201934814505,0.521033706665039,0.0309042310714722,43639752,0.27439,Africa,1192000000.0,806000000.0
0.043491999999999996,2.9210000000000003,436.373,"Gambia, The",2009-12-01,27.0,,,900629372.999551,0.04472124521426139,24.7353221047972,376.0,0.052700000000000004,0.07629999999999999,0.27,59.197,56.629,0.806269237477369,0.45997989654541,0.514607582092285,0.025413122177124003,1628332,0.55555,Africa,64000000.0,9000000.0
0.038376,0.732,4756.099,Benin,2009-12-01,31.0,,3438.767,6585134688.09549,0.0437135879439859,31.80011838543,270.0,0.06409999999999999,0.022400000000000003,,59.903,57.177,0.544688583207722,0.436495361328125,0.534824485778809,0.0286799287796021,9240783,0.41461,Africa,131000000.0,88000000.0
0.037218,0.493,12350.456,Kenya,2009-12-01,34.0,,18896.663,30716343756.6364,0.0462320729520265,35.5003989549956,417.0,0.054,0.10039999999999999,0.148045412422178,60.083,57.217,0.48624452833759,0.426140327453613,0.5476572418212889,0.0262023091316223,39824734,0.23183,Africa,1124000000.0,227000000.0
0.03904,0.488,6673.94,Cameroon,2009-12-01,35.0,,6913.994,22165009362.7864,0.0510203818335522,56.3099381233769,654.0,0.0687,0.0384,,54.279,52.299,0.398136783601427,0.43584705352783204,0.531578750610352,0.0325742530822754,20103945,0.50928,Africa,271000000.0,476000000.0
0.035351999999999995,0.361,14055.611,Sudan,2009-12-01,36.0,,16297.349,52839990730.8172,0.074038017628205,111.834141503049,180.0,0.056299999999999996,,,63.033,59.545,0.36112301457197804,0.42321250915527303,0.545607757568359,0.0311797380447388,34853178,0.3299,Africa,299000000.0,868000000.0
0.02859,0.37799999999999995,531.715,Djibouti,2009-12-01,37.0,,,1198997304.76421,0.0828934295775215,99.7312708578209,66.0,0.0638,0.04,0.110933333333333,61.318,58.31,0.156687533840716,0.345467910766602,0.618343658447266,0.0361884260177612,821865,0.76944,Africa,16000000.0,17500000.0
0.041213,0.263,1059.763,Malawi,2009-12-01,39.0,,,5030639934.35772,0.0832232898874149,28.728239756725,157.0,0.0554,0.010700000000000001,0.2525,52.704,52.663,0.17056119881388898,0.459378089904785,0.510103378295898,0.030518677234649697,14573338,0.15427,Africa,46000000.0,91000000.0
0.0181,0.441,755.402,Seychelles,2009-12-01,39.0,,,847424851.518855,0.026697240434388498,249.767112110349,76.0,0.0123,,0.15347251608846102,77.9,68.4,1.2218112765934002,0.225355224609375,0.699128952026367,0.07556002140045169,87298,0.5204099999999999,Africa,27000000.0,5000000.0
0.036406999999999995,0.444,5856.199,Cote d'Ivoire,2009-12-01,40.0,,9488.818,23041633638.2307,0.0675752529975349,83.7059974583762,270.0,0.0793,0.02,,50.062,48.49,0.708782624393444,0.419595146179199,0.549593048095703,0.030811808109283398,18601342,0.498,Africa,164000000.0,589000000.0
0.038571,0.807,1228.445,Guinea,2009-12-01,40.0,,,4609923720.1802,0.0633094664343942,27.5507338188379,416.0,0.07390000000000001,0.009399999999999999,,55.672,54.227,0.32936073997323595,0.430162506103516,0.537990989685059,0.031846606731414796,10593248,0.34426,Africa,4900000.0,28000000.0
0.028026,0.19899999999999998,25.669,Lesotho,2009-12-01,40.0,,,1708772781.6479,0.09770118589978001,84.2959410163148,324.0,0.0795,0.037200000000000004,0.13,46.883,46.398,0.33218200357510297,0.380730819702148,0.575857353210449,0.0434118175506592,1989873,0.24259,Africa,30000000.0,247000000.0
0.032826,0.447,80.674,Gabon,2009-12-01,57.0,,1925.39,12031268402.3877,0.0366401150719081,291.250816366057,488.0,0.0446,0.067,,62.915,60.841,0.9544779828259791,0.387547035217285,0.558568420410156,0.0538871955871582,1519155,0.85313,Africa,,
0.024532,0.17,4396.733,Botswana,2009-12-01,60.0,,2022.923,10106837286.0116,0.0614250168723251,318.084894589351,140.0,0.041299999999999996,0.061500000000000006,0.13755625,45.911,46.671,0.9602329233520259,0.34510162353515594,0.620566024780273,0.0343328809738159,1951715,0.56004,Africa,53000000.0,80000000.0
0.031048,0.363,1023.093,Swaziland,2009-12-01,60.0,,,3144680749.14822,0.0843435268739734,227.180255451171,104.0,0.0684,0.0894,0.11375,47.525,48.243,0.566110977627595,0.39346652984619096,0.573519325256348,0.033016722202301,1173678,0.21574000000000002,Africa,40000000.0,98000000.0
0.047987,0.713,443.707,Chad,2009-12-01,64.0,,,9253484289.64401,0.0449122379067225,27.9708927283922,732.0,0.09540000000000001,0.015,,50.104,48.549,0.200620420223677,0.4896728515625,0.484934349060059,0.0253928184509277,11371325,0.21934,Africa,,
0.027465,0.223,3182.956,Namibia,2009-12-01,66.0,,1496.551,8724107048.64141,0.0789299528398828,326.221823783669,339.0,0.0391,0.065,0.111183333333334,64.343,58.677,0.761174491415434,0.381948089599609,0.5838451766967769,0.0342062377929688,2143498,0.40601,Africa,511000000.0,120000000.0
0.047063,0.521,27836.197,Angola,2009-12-01,68.0,,12585.724,75492417649.3276,0.043705961668030105,174.329248051782,272.0,0.1124,0.06,0.15682074235437,51.72,48.852,0.428465734823648,0.47858596801757797,0.497121696472168,0.024292414188385,18926650,0.39299,Africa,554000000.0,270000000.0
0.038918,0.845,513.38,Eritrea,2009-12-01,84.0,,725.528,1856695550.46865,0.0312925841713665,10.4538636807058,216.0,0.0407,0.0054,,63.042,58.398,0.025392734543637,0.430060958862305,0.549171104431152,0.0207674169540405,5557889,0.20206,Africa,26000000.0,
0.037725,0.525,1503.47,Togo,2009-12-01,84.0,,2627.691,3163000590.66298,0.0719382036614679,37.0262354917436,270.0,0.062,0.026000000000000002,,55.925,54.4,0.35598491453353803,0.421818885803223,0.550715560913086,0.0274658942222595,6144457,0.37058,Africa,73000000.0,94000000.0
0.032362,0.382,8734.794,Zimbabwe,2009-12-01,97.0,,8746.666,8157077421.8478,,,270.0,0.0591,0.11359999999999999,,51.088,51.205,0.309645852351609,0.41483776092529295,0.545583953857422,0.039578263759613,12888918,0.33378,Africa,523000000.0,
0.04444,2.927,2720.914,"Congo, Dem. Rep.",2009-12-01,127.0,,22924.723,18262773766.1386,0.0914963353598913,16.9480726141576,308.0,0.0947,0.005600000000000001,0.6541750000000001,50.428,47.05,0.15637525775268402,0.45636833190917997,0.5153608703613279,0.028270742893219,60486276,0.39437,Africa,24000000.0,121000000.0
0.036986,0.441,4620.42,Equatorial Guinea,2009-12-01,135.0,,,9380412630.24962,0.0563043505575448,861.497232647648,492.0,0.0777,0.0213,,52.378,49.62,0.295486007998806,0.395216979980469,0.5750896453857419,0.029691910743713402,676851,0.39122999999999997,Africa,,
0.036828,0.47200000000000003,91.675,Sao Tome and Principe,2009-12-01,144.0,,,196473838.856079,0.0750995683438383,94.0737146671171,424.0,0.041299999999999996,0.1641,0.311083333333333,67.642,63.796,0.466572385130455,0.415908584594727,0.547050323486328,0.0370237827301025,173240,0.61185,Africa,8300000.0,400000.0
0.038877,0.659,1884.838,"Congo, Rep.",2009-12-01,161.0,,1415.976,9593536719.0203,0.0226558575890856,54.4034145614649,606.0,0.0451,0.045,,57.929,55.304,0.7379715284497741,0.42196056365966794,0.543808174133301,0.0342312908172607,3995146,0.62786,Africa,,
0.038932,0.45899999999999996,234.688,Guinea-Bissau,2009-12-01,216.0,,,832530156.75007,0.0675651268820253,36.0267781494209,208.0,0.0868,0.0230328059172582,,54.828,51.885,0.361301949506901,0.42093231201171905,0.549521102905273,0.0295466184616089,1550905,0.44342,Africa,12000000.0,26000000.0
0.021911999999999997,,59035.033,Libya,2010-12-01,,,21610.564,74755288916.9561,0.0330437169430867,388.791449037784,,0.0143,0.14,0.06,76.767,72.912,1.8044529262929,0.294451293945313,0.659806671142578,0.0457420539855957,6040612,0.77642,Africa,170000000.0,2184000000.0
0.045094999999999996,,608.722,Somalia,2010-12-01,,,,,,,,0.09709999999999999,,,55.655,52.47,0.067267368487469,0.476927108764648,0.49485153198242204,0.0282213687896729,9636173,0.37259,Africa,,
0.037355,,,South Sudan,2010-12-01,,,,16338510933.7036,0.020922748260328403,31.93065950296,,0.0706,,,54.494,52.485,,0.42836437225341795,0.537574691772461,0.034060900211334205,9940929,0.17855000000000001,Africa,,
0.036914,0.31,594.054,Rwanda,2010-12-01,3.0,,,5624809048.7561,0.107957516512363,56.032317091172,148.0,0.0436,0.08,0.16670000000000001,63.739,60.758,0.327475201933572,0.44690502166748,0.530211982727051,0.0228830051422119,10836732,0.23952,Africa,224000000.0,120000000.0
0.011699999999999999,0.272,4118.041,Mauritius,2010-12-01,6.0,,,9718331362.63822,0.0540908204900399,427.389548470793,161.0,0.013300000000000001,0.2833,0.08875,76.65,69.46,0.967692918997058,0.211580944061279,0.711075134277344,0.0773439264297485,1280924,0.40579,Africa,1585000000.0,423000000.0
0.03546,0.377,2013.183,Madagascar,2010-12-01,7.0,,,8704983553.27022,0.0448772131556985,18.5918610042911,201.0,0.0436,0.017,0.49,64.852,61.919,0.365839289031654,0.434086761474609,0.5374492263793951,0.028464009761810297,21079532,0.31928999999999996,Africa,633000000.0,110000000.0
0.024078,0.426,204776.281,"Egypt, Arab Rep.",2010-12-01,8.0,,73575.411,218887812549.851,0.047528565380894595,125.751190102137,433.0,0.019899999999999998,0.31420000000000003,0.11008333249999999,72.852,68.164,0.905031917419125,0.31514133453369103,0.629938430786133,0.054920220375061,78075705,0.43018999999999996,Africa,13633000000.0,2696000000.0
0.047747,0.514,623.39,Mali,2010-12-01,8.0,,,9422267259.9894,0.06856087817542629,46.189670375598,270.0,0.0831,0.019,,53.593,53.94,0.531989399941842,0.467983055114746,0.503021583557129,0.028995361328125,13985961,0.35996,Africa,296000000.0,235000000.0
0.038561,0.455,7058.975,Senegal,2010-12-01,9.0,,3425.613,12932427724.3508,0.0481410102316625,47.7868917730545,666.0,0.047200000000000006,0.16,,64.296,61.457,0.6442744115236989,0.43635219573974604,0.532719421386719,0.0309283828735352,12950564,0.42229999999999995,Africa,464000000.0,217000000.0
0.018600000000000002,0.623,25878.019,Tunisia,2010-12-01,11.0,,9673.822,44054072935.5875,0.0666104828570351,281.676497447402,144.0,0.0149,0.368,,76.6,72.7,1.04537092861718,0.234928798675537,0.695595397949219,0.0694758081436157,10549100,0.6593399999999999,Africa,3477000000.0,611000000.0
0.032213,0.325,8998.818,Ghana,2010-12-01,12.0,,10011.101,32174210792.9631,0.052930891124380694,70.4625918171515,224.0,0.055,0.078,,61.521,59.722,0.718667112395175,0.389554481506348,0.574982070922852,0.0354634428024292,24262901,0.50713,Africa,706000000.0,882000000.0
0.021832999999999998,0.496,50608.267,Morocco,2010-12-01,12.0,,16183.415,90770671431.6696,0.0585885463139724,168.069691680103,358.0,0.0292,0.52,,71.953,68.475,1.01074252995036,0.281241035461426,0.6685699462890631,0.0501890516281128,31642360,0.57684,Africa,8176000000.0,1879000000.0
0.038283000000000005,2.352,689.396,Sierra Leone,2010-12-01,12.0,,,2578159462.70432,0.154309406735059,69.0925017111517,357.0,0.1144,0.0058,0.2125,44.988,44.697,0.347706596828638,0.42155738830566397,0.552770729064941,0.0256718730926514,5751976,0.38240999999999997,Africa,26000000.0,22000000.0
0.045193,1.545,308.028,Burundi,2010-12-01,13.0,,,2026864414.46871,0.0883916631038459,19.4139837987406,211.0,0.060899999999999996,0.01,0.1242,54.366,50.965,0.181747415965747,0.439326591491699,0.5354119110107419,0.025261478424072302,9232753,0.10641,Africa,2100000.0,35000000.0
0.040665999999999994,0.375,2882.262,Mozambique,2010-12-01,13.0,,9875.444,9274448731.91612,0.0571964429460236,22.1329119989609,230.0,0.0718,0.0417,0.162626666666667,50.184,48.14,0.301418455547598,0.45344058990478503,0.514220809936523,0.0323386096954346,23967265,0.30955,Africa,224000000.0,260000000.0
0.042524,0.44799999999999995,1683.153,Burkina Faso,2010-12-01,14.0,,,9209288383.08711,0.0735963535656589,41.4321974165555,270.0,0.07,0.024,,55.584,54.457,0.36729380235264697,0.459989395141602,0.5152276992797851,0.0247828793525696,15540284,0.25665,Africa,105000000.0,110000000.0
0.034689,0.303,6494.257,Ethiopia,2010-12-01,15.0,,33250.22,29385611867.3868,0.0466980523644396,14.248912938251,198.0,0.0507,0.0075,,62.898,60.106,0.07869542323423931,0.444283981323242,0.522660980224609,0.0330550169944763,87095281,0.17318999999999998,Africa,1434000000.0,143000000.0
0.050052,0.465,1411.795,Niger,2010-12-01,17.0,,,5718589550.16349,0.0691349558919754,24.2751080676744,270.0,0.06609999999999999,0.0083,,57.127,56.851,0.23082192203147098,0.49825351715087896,0.475920791625977,0.0258256936073303,15893746,0.17559000000000002,Africa,86000000.0,
0.043217,0.14300000000000002,2427.554,Zambia,2010-12-01,18.0,,8053.571,16190196832.0872,0.061308610765597,75.1023340463921,183.0,0.0635,0.1,0.209163167956992,55.764,53.35,0.412120540350163,0.46912075042724605,0.504344367980957,0.026534872055053702,13216985,0.38725000000000004,Africa,125000000.0,128000000.0
0.038624000000000006,0.488,7234.991,Cameroon,2010-12-01,19.0,,6943.733,22493301699.3672,0.052564151184315906,57.3150440340973,654.0,0.066,0.043,,54.752,52.688,0.41876010304910105,0.434124221801758,0.533418464660645,0.0324573254585266,20624343,0.51516,Africa,171000000.0,265000000.0
0.035207,0.682,2214.868,Mauritania,2010-12-01,19.0,,,3526946625.06456,0.0600327223210646,58.0964985274785,696.0,0.0702,0.04,0.17,62.567,59.553,0.76911248898715,0.40555908203125,0.563045043945313,0.031395902633667004,3609420,0.56682,Africa,,
0.037141,0.429,799.406,Liberia,2010-12-01,20.0,,,1292696475.95873,0.130702611639654,42.6880324285251,141.0,0.060399999999999995,0.023,0.142425,60.366,58.547,0.396996455271489,0.433476829528809,0.535807838439941,0.0307153367996216,3957990,0.47801000000000005,Africa,12000000.0,134000000.0
0.037061,2.1790000000000003,139.346,Comoros,2010-12-01,22.0,,,543376206.062274,0.034464669022555204,27.4159411737295,100.0,0.0628,0.051,0.105,61.593,58.88,0.24195959190784103,0.422043647766113,0.548833885192871,0.029122462272644,683081,0.27918,Africa,35000000.0,19000000.0
0.021536000000000003,0.3,460124.159,South Africa,2010-12-01,22.0,,142290.509,365208432989.369,0.08707752148444399,614.745533696168,200.0,0.0352,0.24,0.0983333333333332,56.144,52.721,0.97900286463095,0.297112236022949,0.6506326293945309,0.05225510597229,50895698,0.6221800000000001,Africa,10308000000.0,8139000000.0
0.035056,2.0380000000000003,264.024,Central African Republic,2010-12-01,23.0,,,1986014759.19785,0.0387158760498678,17.6649803813411,504.0,0.1027,0.02,,49.916,46.368,0.22511489289115802,0.406466903686523,0.554591674804688,0.0389413976669312,4349921,0.38828,Africa,7200000.0,61000000.0
0.044639000000000005,0.35,3784.344,Uganda,2010-12-01,24.0,,,16030996179.1077,0.0917481492505725,43.275521294796,161.0,0.0513,0.125,0.201746301259357,58.198,56.438,0.377443834538595,0.48859470367431596,0.48694686889648403,0.024458434581756602,33987213,0.14492000000000002,Africa,802000000.0,464000000.0
0.024514,0.72,123475.224,Algeria,2010-12-01,25.0,,40104.652,161207304960.455,0.041694406602747806,181.353257934,451.0,0.0235,0.125,0.08,72.229,69.081,0.884448754843803,0.27120071411132796,0.681469955444336,0.0473293161392212,37062820,0.67526,Africa,323000000.0,737000000.0
0.041933,0.322,78910.173,Nigeria,2010-12-01,25.0,,115137.779,369062403181.945,0.0558495639279538,79.9543049242123,938.0,0.0819,0.24,0.17585,51.587,51.006,0.546609495166735,0.44022579193115197,0.532488021850586,0.0272861909866333,159707780,0.43479999999999996,Africa,738000000.0,8379000000.0
0.040643,0.444,6846.289,Tanzania,2010-12-01,26.0,,20043.347,22915004297.2183,0.0719317810023409,36.6509900585938,172.0,0.0414,0.028999999999999998,0.145459146984998,60.307,58.11,0.466584373449776,0.44839141845703095,0.520453224182129,0.0311553525924683,44973330,0.28114,Africa,1279000000.0,861000000.0
0.043345,2.9210000000000003,473.043,"Gambia, The",2010-12-01,27.0,,,951805801.354012,0.047056305085782596,26.6496478570947,376.0,0.0518,0.092,0.27,59.456,56.874,0.879633353960396,0.45974987030029296,0.515012741088867,0.025237410068512,1680640,0.56297,Africa,80000000.0,11000000.0
0.037865,0.659,5188.805,Benin,2010-12-01,31.0,,3653.36,6558416322.12,0.0434792769835655,30.4780520737322,270.0,0.0621,0.0313,,60.146,57.414,0.743960492115605,0.434212265014648,0.536989936828613,0.028797771930694598,9509798,0.41853999999999997,Africa,149000000.0,91000000.0
0.036681,0.493,12427.463,Kenya,2010-12-01,33.0,,19719.226,32440133261.1958,0.0438389124022083,34.5040302877129,393.0,0.052,0.14,0.14371499999999998,61.161,58.01,0.6103491308090789,0.425658340454102,0.548191375732422,0.0261503076553345,40909194,0.23571,Africa,1620000000.0,212000000.0
0.03485,0.361,14172.955,Sudan,2010-12-01,36.0,,16605.113,65632237470.6863,0.0652720818779345,118.621384472391,180.0,0.0551,0.16699999999999998,,63.272,59.77,0.415440290020599,0.420521430969238,0.548043060302734,0.0314355134963989,35652002,0.3308,Africa,94000000.0,1116000000.0
0.028385,0.37799999999999995,539.049,Djibouti,2010-12-01,37.0,,,1128611700.3618,0.0877919299795591,111.490059110306,90.0,0.0621,0.065,0.10304342105263099,61.858,58.799,0.198568167321315,0.34137016296386696,0.621660232543945,0.0369696283340454,834036,0.76996,Africa,18000000.0,20500000.0
0.040865,0.259,1239.446,Malawi,2010-12-01,39.0,,,5398616984.59149,0.084588792109775,30.4164059460115,157.0,0.0525,0.0226,0.24625,53.52,53.414,0.207634710018734,0.458119239807129,0.51115535736084,0.030725417137146,15013694,0.15539999999999998,Africa,47000000.0,93000000.0
0.016800000000000002,0.441,704.064,Seychelles,2010-12-01,39.0,,,973355737.97626,0.0369251855950962,394.043060998879,76.0,0.0123,0.41,0.127026498136256,77.5,69.1,1.2892180510481501,0.22310543060302698,0.700947265625,0.0759472846984863,89770,0.52319,Africa,29000000.0,5000000.0
0.036533,0.442,5804.861,Cote d'Ivoire,2010-12-01,40.0,,9799.572,22920779597.555,0.0686562923402988,82.9261935516048,270.0,0.07690000000000001,0.021,,50.482,48.907,0.822015211585982,0.418125076293945,0.550801773071289,0.0310731840133667,18976588,0.5055700000000001,Africa,213000000.0,569000000.0
0.038172,0.879,1235.779,Guinea,2010-12-01,40.0,,,4735956475.83803,0.0619909724269539,26.993907455957,416.0,0.0714,0.01,,56.075,54.558,0.36778115697148,0.42838001251220703,0.5399362945556639,0.0316837024688721,10876033,0.34856000000000004,Africa,2000000.0,17000000.0
0.027903999999999998,0.196,18.335,Lesotho,2010-12-01,40.0,,,2175685680.83096,0.10767797944902399,118.12712961282,324.0,0.07690000000000001,0.038599999999999995,0.112225,47.739,47.24,0.491531523638809,0.37640007019043,0.580828704833984,0.0427712202072144,2008921,0.24753,Africa,25000000.0,278000000.0
0.030816,0.365,1023.093,Swaziland,2010-12-01,56.0,,,3891563478.22481,0.08443518324279321,261.203139254828,104.0,0.0625,0.1104,0.0975,47.915,48.756,0.608308441199248,0.388411178588867,0.578186454772949,0.0334023952484131,1193148,0.21492,Africa,51000000.0,87000000.0
0.032686,0.435,2574.234,Gabon,2010-12-01,57.0,,1983.557,14569527124.6199,0.0345112723767532,322.429381761816,488.0,0.0432,0.0723,,63.35,61.28,1.03455676632254,0.386332397460938,0.560402069091797,0.0532655382156372,1556222,0.85697,Africa,,
0.024299,0.195,5232.809,Botswana,2010-12-01,60.0,,2263.249,13746712705.5936,0.0564268375109042,393.879941345552,152.0,0.0399,0.06,0.114583333333333,45.924,46.932,1.20010247082654,0.34253185272216796,0.622634696960449,0.0348334789276123,1969341,0.56235,Africa,80000000.0,89000000.0
0.047481,0.758,469.376,Chad,2010-12-01,64.0,,,10657705072.3284,0.040183328439605204,29.280708488582,732.0,0.0937,0.017,,50.595,48.984,0.245316758328647,0.48838134765625,0.486557235717773,0.025061385631561302,11720781,0.21983,Africa,,
0.046327,0.521,30417.765,Angola,2010-12-01,66.0,,13378.087,82470894868.3337,0.0340825833665495,143.782489937105,282.0,0.10959999999999999,0.1,0.22543572022126898,52.138,49.241,0.48101209036271897,0.47806613922119096,0.497721748352051,0.0242121338844299,19549124,0.40097,Africa,726000000.0,275000000.0
0.027077,0.223,3175.622,Namibia,2010-12-01,66.0,,1551.528,11141417477.7621,0.08212061052008669,415.80940814075,339.0,0.0375,0.11599999999999999,0.0971999999999999,65.387,59.712,0.894952516490612,0.376797828674316,0.5887120056152341,0.0344901967048645,2178967,0.41616,Africa,560000000.0,145000000.0
0.044017,3.391,3039.943,"Congo, Dem. Rep.",2010-12-01,84.0,,23766.079,20523286237.1145,0.0702364855311055,14.8036864949823,336.0,0.09240000000000001,0.0072,0.565183333333333,50.744,47.315,0.1900647585595,0.454643402099609,0.517039184570313,0.028317415714263897,62191161,0.39937,Africa,10700000.0,150000000.0
0.03847,0.845,513.38,Eritrea,2010-12-01,84.0,,744.529,2117039510.70194,0.0315009424504593,11.6157277053497,216.0,0.0394,0.0060999999999999995,,63.575,58.909,0.032271358448703505,0.43024551391601595,0.5486073303222659,0.0211471247673035,5741159,0.20572,Africa,,
0.037492,0.503,1540.14,Togo,2010-12-01,84.0,,2691.668,3172945506.35697,0.0745503003998276,37.3846899337786,270.0,0.0605,0.03,,56.272,54.704,0.412666860555654,0.42068920135497995,0.551876983642578,0.0274338126182556,6306014,0.37533,Africa,105000000.0,89000000.0
0.032170000000000004,0.391,9427.857,Zimbabwe,2010-12-01,90.0,,8999.63,9456808151.1164,,,242.0,0.0587,0.115,,53.819,53.378,0.588821056363328,0.412341537475586,0.54783519744873,0.039823267459869395,13076978,0.33196,Africa,634000000.0,
0.036645000000000004,0.441,4679.092,Equatorial Guinea,2010-12-01,135.0,,,11586407487.3669,0.0429628936908033,756.691785886307,492.0,0.0756,0.06,,52.979,50.156,0.5735549085205129,0.393187255859375,0.577720565795898,0.0290921568870544,696167,0.39222999999999997,Africa,,
0.036234,0.33299999999999996,99.009,Sao Tome and Principe,2010-12-01,144.0,,,201037916.583708,0.0706786701596127,85.9647659344513,424.0,0.04,0.1875,0.288749722222222,67.841,63.961,0.576396525798416,0.415798873901367,0.5480451965332029,0.0361559343338013,178228,0.61907,Africa,11100000.0,600000.0
0.038662,0.6629999999999999,2027.851,"Congo, Rep.",2010-12-01,161.0,,1511.111,12007880067.3847,0.0229284844906337,66.9604184849671,606.0,0.042,0.05,,58.589,55.885,0.904427471261992,0.422256660461426,0.54367847442627,0.0340648603439331,4111715,0.6322800000000001,Africa,,
0.038585,0.45899999999999996,238.355,Guinea-Bissau,2010-12-01,216.0,,,835390892.988319,0.0706881488672072,37.6485492570005,208.0,0.0845,0.0245,,55.115,52.076,0.426922194546408,0.419029350280762,0.551440658569336,0.029529995918273898,1586624,0.45220999999999995,Africa,13600000.0,29500000.0
0.021550999999999997,,,Libya,2011-12-01,,,13342.442,34699395523.6073,0.0390624929285059,211.04562327334,,0.0136,0.14,0.06,76.963,73.106,1.63847587008394,0.294217014312744,0.6593753051757809,0.0464080286026001,6103233,0.7781199999999999,Africa,,
0.044652000000000004,,,Somalia,2011-12-01,,,,,,,,0.0948,0.0125,,55.998,52.796,0.181673155257979,0.47544055938720703,0.496399078369141,0.0281601476669312,9907903,0.37701999999999997,Africa,,
0.036933999999999995,,,South Sudan,2011-12-01,,,,20782116981.7989,0.0165371703233267,32.3624613876845,,0.0683,,,55.093,53.048,0.173391862719883,0.425608062744141,0.540015487670898,0.034376382827758796,10381110,0.18022,Africa,,
0.03637,0.31,,Rwanda,2011-12-01,3.0,,,6406727020.12819,0.109599374335904,62.4899736289949,148.0,0.0407,0.07,,64.522,61.399,0.3989652123078,0.44235908508300803,0.5346493530273441,0.022991454601287802,11144315,0.24922,Africa,298000000.0,147000000.0
0.036567999999999996,0.429,,Liberia,2011-12-01,5.5,,,1537753884.57502,0.155945599316549,59.0730397699589,158.0,0.0579,0.03,0.137508333333333,60.81,58.955,0.497567834081796,0.43226593017578097,0.537102127075195,0.0306316876411438,4079697,0.48168,Africa,232000000.0,132000000.0
0.0114,0.27699999999999997,,Mauritius,2011-12-01,6.0,,,11252405860.1091,0.049460899549373695,450.351877784362,161.0,0.013,0.34950000000000003,0.0891666666666667,76.97,69.74,1.04793061842563,0.206368885040283,0.713218002319336,0.0804139614105225,1286051,0.40372,Africa,1808000000.0,427000000.0
0.038369,0.455,,Senegal,2011-12-01,6.0,,3514.674,14440676497.9993,0.049907954564211696,54.0922425257634,666.0,0.045899999999999996,0.175,,64.509,61.646,0.7016017193948091,0.43586391448974604,0.533543701171875,0.0305924582481384,13330737,0.42497,Africa,,
0.023823,0.436,,"Egypt, Arab Rep.",2011-12-01,8.0,,77648.742,236000735704.439,0.0489529634450795,137.138875746399,433.0,0.019399999999999997,0.3983,0.11033333333333299,73.091,68.381,1.0507942277545599,0.313812065124512,0.630620422363281,0.055567526817321806,79392466,0.43,Africa,9333000000.0,2575000000.0
0.035175,0.371,,Madagascar,2011-12-01,8.0,,,9853981624.0665,0.0410587633287065,18.6465798860258,201.0,0.0422,0.019,0.525,65.315,62.355,0.40042430130559,0.430681571960449,0.540998458862305,0.0283200263977051,21678934,0.32561999999999997,Africa,,
0.047577,0.511,,Mali,2011-12-01,8.0,,,10647545670.1763,0.0677912222013463,50.9090047356614,270.0,0.08109999999999999,0.02,,54.03,54.344,0.750650441913451,0.46961181640625,0.501789894104004,0.0285981488227844,14416737,0.36789,Africa,274000000.0,224000000.0
0.038223,0.45899999999999996,,Guinea-Bissau,2011-12-01,9.0,,,967762548.677982,0.06280492403869439,35.4087165409941,208.0,0.08220000000000001,0.02672,,55.367,52.3,0.451065983347166,0.417245597839355,0.553414306640625,0.0293400931358337,1624228,0.46081000000000005,Africa,,
0.035524,0.325,,Sao Tome and Principe,2011-12-01,10.0,,,248286778.216557,0.0760983666650976,108.265636598903,424.0,0.038799999999999994,0.201612,0.2695,68.008,64.094,0.628015525966688,0.41588191986084,0.548818893432617,0.0352937316894531,183177,0.626,Africa,15900000.0,1400000.0
0.0188,0.624,,Tunisia,2011-12-01,11.0,,9503.731,45951129421.7929,0.0700430314407677,304.001608337394,144.0,0.014199999999999999,0.391,,76.9,72.9,1.15201077868624,0.23315502166748,0.696778106689453,0.0700669479370117,10673800,0.6609999999999999,Africa,2529000000.0,678000000.0
0.031792,0.33399999999999996,,Ghana,2011-12-01,12.0,,10549.681,39564970069.7821,0.052703843101923005,83.1895202681691,224.0,0.054200000000000005,0.1411,,61.73,59.892,0.852749434282812,0.387656860351563,0.576987419128418,0.03535560131073,24820706,0.51394,Africa,797000000.0,1026000000.0
0.022321999999999998,0.496,,Morocco,2011-12-01,12.0,,17282.675,99211339029.2806,0.0630580999759863,195.140210797004,238.0,0.0281,0.46107482597,,72.21,68.694,1.140193379644,0.279232940673828,0.6707546997070309,0.050012378692627,32059424,0.58191,Africa,9101000000.0,2260000000.0
0.037697,0.324,,Sierra Leone,2011-12-01,12.0,,,2932273988.27029,0.163096471488919,81.7151340085443,357.0,0.112,0.009000000000000001,0.21,45.267,44.946,0.364334375417165,0.419633941650391,0.554439353942871,0.025926558971404997,5865491,0.38557,Africa,44000000.0,29000000.0
0.041970999999999994,0.435,,Burkina Faso,2011-12-01,13.0,,,10395757480.2301,0.0636732226895076,38.6009494088725,270.0,0.0677,0.03,,56.029,54.88,0.48027193966132503,0.458419647216797,0.516945381164551,0.0246350288391113,15995313,0.26505,Africa,,
0.04515400000000001,0.516,,Burundi,2011-12-01,13.0,,,2355652063.58605,0.0895663125782947,21.2147199504912,274.0,0.0587,0.0111,0.132325,54.961,51.399,0.20068274138863898,0.44012458801269505,0.535053062438965,0.024822118282318104,9540362,0.10912000000000001,Africa,3700000.0,49000000.0
0.040034,0.375,,Mozambique,2011-12-01,13.0,,10202.089,12547888399.9208,0.0635695748336153,32.5030874912122,230.0,0.0678,0.043,0.19099605952381002,50.482,48.541,0.319565018495513,0.45378364562988305,0.513757476806641,0.0324588537216187,24581367,0.31179,Africa,266000000.0,256000000.0
0.038186,0.488,,Cameroon,2011-12-01,15.0,,6719.726,25486923058.8757,0.053578196410662,64.1247097428326,654.0,0.0643,0.05,,55.235,53.092,0.495674001544317,0.43244636535644504,0.535200347900391,0.0323533844947815,21156272,0.52099,Africa,423000000.0,622000000.0
0.034095,0.303,,Ethiopia,2011-12-01,15.0,,34063.852,31367606699.7519,0.040645443878191495,13.7529396441133,198.0,0.0482,0.011000000000000001,,63.792,60.787,0.15802858215072,0.438850936889648,0.527682914733887,0.0334661436080933,89393063,0.17735,Africa,1998000000.0,170000000.0
0.049929,0.43799999999999994,,Niger,2011-12-01,17.0,,,6411842066.31128,0.0684676801270817,25.2131455584897,270.0,0.0637,0.013000000000000001,,57.645,57.328,0.287247670739272,0.49920261383056597,0.474856147766113,0.0259411907196045,16511462,0.17765999999999998,Africa,86000000.0,
0.043119,0.14400000000000002,,Zambia,2011-12-01,18.0,,8461.995,19201691493.4284,0.061719606253928305,86.9298427765874,183.0,0.0593,0.115,0.188368242993594,57.297,54.439,0.598846645497703,0.468372840881348,0.505212135314941,0.0264151668548584,13633796,0.39153,Africa,146000000.0,140000000.0
0.034843000000000006,0.682,,Mauritania,2011-12-01,19.0,,,4136083855.55312,0.058927812492915906,50.9051691600837,696.0,0.0692,0.045,0.17,62.743,59.705,0.8952144655220979,0.403836822509766,0.564715843200684,0.0314475965499878,3702763,0.57348,Africa,,
0.021315999999999998,0.324,,South Africa,2011-12-01,19.0,,141371.931,403894316554.738,0.0865616535031751,669.515056113272,200.0,0.0344,0.3397,0.09,57.2,53.482,1.23197654409058,0.296039218902588,0.650524444580078,0.053436346054077107,51579599,0.62746,Africa,10707000000.0,8397000000.0
0.034767000000000006,0.546,,Central African Republic,2011-12-01,22.0,,,2195599491.16978,0.038804783834628195,18.9454226446125,504.0,0.1001,0.022000000000000002,,50.66,47.015,0.22371403382656901,0.403594093322754,0.557675170898438,0.0387307476997375,4436217,0.39033999999999996,Africa,,
0.036474,2.1790000000000003,,Comoros,2011-12-01,22.0,,,610372697.420461,0.0356879618568628,31.1091780237858,100.0,0.061,0.055,0.105,61.833,59.085,0.309101762884596,0.422139739990234,0.548989181518555,0.0288682341575623,700216,0.27966,Africa,42000000.0,20000000.0
0.024658000000000003,0.72,,Algeria,2011-12-01,25.0,,41851.997,199070864637.558,0.0441243688536502,232.605425963524,451.0,0.0228,0.14,0.08,72.382,69.199,0.943144396353231,0.272112770080566,0.68075439453125,0.0471329021453857,37762962,0.6820900000000001,Africa,300000000.0,571000000.0
0.040170000000000004,0.449,,Tanzania,2011-12-01,26.0,,20746.966,23874165047.2772,0.0736990605565684,37.9574660554565,172.0,0.039200000000000006,0.035,0.149618731679765,61.307,58.901,0.553698039118312,0.44854873657226596,0.520023956298828,0.0314273190498352,46354607,0.28797999999999996,Africa,1383000000.0,928000000.0
0.043181,2.832,,"Gambia, The",2011-12-01,27.0,,,898282865.871322,0.0467753565505135,24.217998775348,376.0,0.051,0.10870300000000001,0.28,59.706,57.107,0.807602569733355,0.459425735473633,0.5156804275512701,0.0248955893516541,1734966,0.57014,Africa,92000000.0,11000000.0
0.04176,0.327,,Nigeria,2011-12-01,28.0,,118324.588,411743801711.642,0.0571676386612469,84.9494113718052,938.0,0.0792,0.2843,0.160166666666667,52.015,51.42,0.579606630431853,0.441248054504395,0.531476669311523,0.027275261878967297,164192925,0.44362,Africa,688000000.0,9534000000.0
0.037369,0.659,,Benin,2011-12-01,29.0,,3760.928,7294900430.89438,0.044821504753275204,33.7330337346428,270.0,0.06,0.0414832306562512,,60.356,57.601,0.794004986812096,0.43188583374023404,0.539262428283691,0.0288515257835388,9779795,0.42256,Africa,188000000.0,
0.036637,0.44,,Cote d'Ivoire,2011-12-01,32.0,,11232.639,24074553674.3437,0.0677601326249672,84.1283453452405,270.0,0.0752,0.022000000000000002,,50.864,49.27,0.894496294318181,0.416541175842285,0.552191162109375,0.0312677383422852,19389954,0.51305,Africa,,
0.036104,0.493,,Kenya,2011-12-01,33.0,,20178.939,34313315839.8866,0.0437670833347162,35.0119713149712,393.0,0.05,0.28,0.15046759990439398,62.118,58.707,0.6681460889864781,0.42482841491699197,0.548944778442383,0.026226773262023897,42027891,0.23967,Africa,1844000000.0,197000000.0
0.044152000000000004,0.35,,Uganda,2011-12-01,33.0,,,15493320081.9089,0.09280236100974051,40.9074149299933,213.0,0.048799999999999996,0.1301354333,0.21833189374279702,59.045,57.039,0.47504727429653004,0.48708629608154297,0.48854015350341795,0.0243736052513123,35148064,0.14800000000000002,Africa,967000000.0,528000000.0
0.034379,0.361,,Sudan,2011-12-01,36.0,,16621.959,67320812662.6348,0.06744364774240169,118.580394173862,180.0,0.0538,0.173039131781061,,63.489,59.956,0.6877724454030439,0.41771633148193404,0.550568885803223,0.0317147064208984,36430923,0.33188,Africa,185000000.0,937000000.0
0.028124,0.37799999999999995,,Djibouti,2011-12-01,37.0,,,1239144501.77525,0.086833957958704,118.68682607154,82.0,0.0605,0.07,0.10606666669999999,62.396,59.286,0.22801619567091802,0.338661041259766,0.623496704101563,0.0378363561630249,846646,0.7705299999999999,Africa,19200000.0,33500000.0
0.040499,0.29,,Malawi,2011-12-01,39.0,,,5627898036.56304,0.08291962842813289,30.1530249406243,157.0,0.049,0.0333,0.2375,54.226,54.058,0.255640567694802,0.456452713012695,0.512483711242676,0.0310635638237,15457531,0.15663,Africa,39000000.0,97000000.0
0.018600000000000002,0.322,,Seychelles,2011-12-01,39.0,,,1059593023.12596,0.0357710185646772,412.888241207305,76.0,0.0123,0.4316400446,0.11189934488762701,78.0,67.7,1.37903463000686,0.221832485198975,0.701870422363281,0.0763189125061035,87441,0.52611,Africa,31000000.0,5000000.0
0.037763,0.912,,Guinea,2011-12-01,40.0,,,5067360041.10885,0.0599636490886544,27.2236332575421,416.0,0.069,0.013000000000000001,,56.38,54.838,0.435477035854403,0.426512565612793,0.542021675109863,0.0314656686782837,11161530,0.35296999999999995,Africa,2100000.0,49000000.0
0.027777999999999997,0.16,,Lesotho,2011-12-01,40.0,,,2487352967.54638,0.117253848625825,145.853793353293,324.0,0.0728,0.042248,0.10429166666666699,48.461,47.99,0.607215710543795,0.371966514587402,0.585726852416992,0.0423051595687866,2029516,0.25253,Africa,29000000.0,300000000.0
0.046957,0.758,,Chad,2011-12-01,55.0,,,12156380062.0355,0.0283726292107551,24.8527233540391,732.0,0.09190000000000001,0.019,,51.089,49.424,0.303447828843571,0.48687953948974605,0.48840728759765595,0.024713087081909203,12080037,0.22047999999999998,Africa,,
0.030531,0.365,,Swaziland,2011-12-01,56.0,,,4145772236.53295,0.0825823465520472,270.406363228115,104.0,0.0583,0.1813,0.09,48.162,49.137,0.632375785684881,0.384103889465332,0.582067222595215,0.0338321948051453,1212159,0.21425,Africa,,
0.032487,0.435,,Gabon,2011-12-01,57.0,,1996.632,18796191833.0851,0.0340468569990606,401.36151680807,488.0,0.0416,0.08,,63.75,61.687,1.48693628868644,0.38547294616699196,0.561868209838867,0.052659478187561,1594034,0.86047,Africa,,
0.024055,0.195,,Botswana,2011-12-01,60.0,,2215.162,15292424757.1964,0.0524916240281756,404.049031660813,152.0,0.0391,0.08,0.11,46.041,47.267,1.45983869741848,0.33999481201171905,0.624723091125488,0.03528160572052,1986701,0.56467,Africa,36000000.0,82000000.0
0.043585,3.391,,"Congo, Dem. Rep.",2011-12-01,65.0,,24496.751,23831631365.2865,0.0607058745455223,14.8638370083075,336.0,0.0902,0.012,0.4375340275,51.077,47.609,0.24471307670621,0.45289852142334,0.518724975585938,0.028376538753509498,63931512,0.40442,Africa,11400000.0,298000000.0
0.045566,0.521,,Angola,2011-12-01,66.0,,13576.207,104115863405.183,0.0344237596432387,177.600226926805,282.0,0.107,0.14776,0.187572405365757,52.558,49.632,0.5300817770034331,0.477131690979004,0.49874298095703096,0.0241250824928284,20180490,0.409,Africa,653000000.0,323000000.0
0.026708,0.218,,Namibia,2011-12-01,66.0,,1589.15,12451760766.4613,0.08630179686555631,485.59135551417,339.0,0.0361,0.12,0.0873,66.147,60.544,0.989573046394825,0.371422386169434,0.5937974929809571,0.0347796607017517,2217618,0.42637,Africa,645000000.0,207000000.0
0.037945,0.845,,Eritrea,2011-12-01,84.0,,765.024,2607739837.39837,0.0269295971390361,12.2517876389903,216.0,0.038200000000000005,0.006999999999999999,,64.108,59.428,0.0407795441382998,0.43056121826171906,0.547864151000977,0.0215746164321899,5932852,0.20954,Africa,,
0.037197,0.489,,Togo,2011-12-01,84.0,,2764.004,3756023047.79099,0.0801062489476802,42.6831625613031,270.0,0.059,0.035,,56.641,55.014,0.416441347625204,0.419743270874023,0.55284595489502,0.0274107956886292,6472304,0.3801,Africa,,
0.031905,0.34299999999999997,,Zimbabwe,2011-12-01,90.0,,9312.045,10956226611.0569,,,242.0,0.0579,0.157,,56.462,55.455,0.6886878086837249,0.40806861877441397,0.552201042175293,0.0397302508354187,13358738,0.33015,Africa,664000000.0,
0.03625,0.441,,Equatorial Guinea,2011-12-01,135.0,,,15715842150.8496,0.0447801378476824,1051.13781162775,492.0,0.0734,0.115,,53.559,50.681,0.668802619009045,0.39127731323242204,0.580191802978516,0.0285294890403748,715996,0.39337000000000005,Africa,,
0.038373,0.653,,"Congo, Rep.",2011-12-01,161.0,,1659.044,14425606793.3022,0.024973764963809902,85.2617797108736,606.0,0.0394,0.055999999999999994,,59.194,56.424,0.9193909913926839,0.422875061035156,0.543184623718262,0.0339393639564514,4225359,0.63666,Africa,,
0.044204,,,Somalia,2012-12-01,,,,,,,,0.0923,0.013767,,56.34,53.121,0.22559781950879698,0.47349254608154295,0.498361587524414,0.028145878314971902,10195134,0.38153,Africa,,
0.035773000000000006,0.308,,Rwanda,2012-12-01,3.0,54.0,,7133378888.29466,0.106579765529688,66.0717024881883,134.0,0.038799999999999994,0.0802385427694765,,65.158,61.907,0.496670434405345,0.435605506896973,0.541112899780273,0.0232816052436829,11457801,0.25894,Africa,337000000.0,133000000.0
0.034741999999999995,0.325,,Sao Tome and Principe,2012-12-01,5.0,166.0,,263328450.309729,0.07879310473004181,109.232189090014,424.0,0.037700000000000004,0.21572399999999997,0.26168055556111197,68.156,64.21,0.6495124881710601,0.41602783203125,0.5495114135742191,0.034455442428588896,188098,0.63265,Africa,15000000.0,1300000.0
0.036016,0.266,,Liberia,2012-12-01,5.5,149.0,,1733828404.74142,0.155254655615999,65.4715347835558,158.0,0.055600000000000004,0.037940999999999996,0.13518333333333302,61.177,59.282,0.571213728407671,0.43057846069335903,0.5389469146728519,0.0304744029045105,4190435,0.48540999999999995,Africa,,
0.0114,0.275,,Mauritius,2012-12-01,6.0,20.0,,11442063227.9534,0.048100051727601095,444.359134188217,161.0,0.0128,0.3542,0.0866666666666667,77.29,70.02,1.1986540352722799,0.201724491119385,0.714507675170898,0.0837694454193115,1291167,0.40164,Africa,1778000000.0,394000000.0
0.0381,0.455,,Senegal,2012-12-01,6.0,176.0,,14045680426.6265,0.049635421418950304,51.2038868284763,666.0,0.0448,0.192036,,64.686,61.789,0.835686175913617,0.43542575836181596,0.534368553161621,0.0302059125900269,13726021,0.42780999999999997,Africa,,
0.023517,0.426,,"Egypt, Arab Rep.",2012-12-01,8.0,127.0,,262831912586.538,0.049988231793081796,151.6291099175,392.0,0.019,0.44,0.12,73.333,68.597,1.1991644420941001,0.312481441497803,0.6310633087158201,0.0564552545547485,80721874,0.43002,Africa,10823000000.0,3037000000.0
0.034915999999999996,0.364,,Madagascar,2012-12-01,8.0,144.0,,9880703882.70157,0.04111803337663131,18.228031906195,201.0,0.040799999999999996,0.020548999999999998,0.6,65.776,62.794,0.393766657573004,0.427164916992188,0.544641380310059,0.0281937026977539,22293914,0.33196,Africa,,
0.047372,0.511,,Mali,2012-12-01,8.0,153.0,,10340794110.1366,0.058175100159378094,42.1410125750298,270.0,0.07940000000000001,0.021689,,54.46,54.741,0.983792652703336,0.47137508392334,0.5004598999023441,0.028165078163147,14853572,0.37579,Africa,,
0.044982,0.516,,Burundi,2012-12-01,8.0,157.0,,2472384813.05749,0.0813384863475886,19.9976887345276,274.0,0.056600000000000004,0.0121999994477793,0.1432,55.529,51.819,0.228144602063298,0.44195892333984405,0.533654937744141,0.0243861436843872,9849569,0.11189,Africa,2700000.0,41000000.0
0.03785,0.45899999999999996,,Guinea-Bissau,2012-12-01,9.0,181.0,,822320637.782146,0.058645521900996,29.7584761491444,208.0,0.08009999999999999,0.0289399062085531,,55.603,52.539,0.630692167029944,0.41554065704345705,0.555419769287109,0.029039564132690397,1663558,0.46924,Africa,,
0.019,0.624,,Tunisia,2012-12-01,11.0,49.0,,45238491580.767,0.0704256753516503,296.911802730357,144.0,0.0136,0.414416,,77.2,73.1,1.18105649561399,0.232229042053223,0.696967086791992,0.0708036804199219,10777500,0.66274,Africa,2931000000.0,673000000.0
0.031342,0.33399999999999996,,Ghana,2012-12-01,12.0,62.0,,41740897827.3579,0.051744450113735095,83.0442920365915,224.0,0.0533,0.12300000000000001,,61.908,60.032,1.0099329973569,0.38593132019042997,0.578944129943848,0.035124645233154304,25366462,0.52069,Africa,1154000000.0,979000000.0
0.022636,0.496,,Morocco,2012-12-01,12.0,95.0,,95981572517.1671,0.06397707740438249,190.290005215653,238.0,0.027100000000000003,0.554160531914894,,72.465,68.908,1.19972216228685,0.278457126617432,0.6717283630371089,0.0498146104812622,32521143,0.58697,Africa,8491000000.0,2095000000.0
0.037134,0.324,,Sierra Leone,2012-12-01,12.0,137.0,,3787392595.7873,0.150793174770388,95.7419756414058,357.0,0.10959999999999999,0.013000000000000001,0.21,45.516,45.151,0.36964390580135204,0.417383346557617,0.556450386047363,0.0261662721633911,5978727,0.38885,Africa,41000000.0,25000000.0
0.039441000000000004,0.375,,Mozambique,2012-12-01,13.0,142.0,,14376457305.3314,0.0642269868013433,37.174532637264,230.0,0.0636,0.048491,0.168135416666667,50.77,48.947,0.349357140178932,0.453841438293457,0.5135712814331049,0.0325873947143555,25203395,0.31417,Africa,289000000.0,230000000.0
0.041411,0.435,,Burkina Faso,2012-12-01,13.0,154.0,,10726305449.6118,0.061671864549375593,37.7737493718514,270.0,0.06570000000000001,0.0372503491597675,,56.47,55.283,0.6060765214587169,0.45664173126220703,0.518866691589355,0.024491527080535903,16460141,0.27346,Africa,,
0.033545,0.325,,Ethiopia,2012-12-01,15.0,124.0,,42805215879.4552,0.0383303532118485,17.5664226043456,306.0,0.046200000000000005,0.014828101386139601,,64.606,61.404,0.223745192747377,0.432914428710938,0.533226280212402,0.0338592934608459,91728849,0.1816,Africa,1980000000.0,181000000.0
0.037732999999999996,0.488,,Cameroon,2012-12-01,15.0,162.0,,26472637886.5689,0.051309988415384505,59.0760187715871,654.0,0.0624,0.0569898724036494,,55.721,53.508,0.604068244294108,0.430784378051758,0.536953086853027,0.0322626233100891,21699631,0.52677,Africa,377000000.0,668000000.0
0.042995,0.151,,Zambia,2012-12-01,16.5,90.0,,20596424325.1368,0.0654136172705202,96.105240160353,183.0,0.0571,0.134682,0.121497663670192,58.699,55.426,0.747751472298703,0.467305335998535,0.506397857666016,0.026296582221984898,14075099,0.39587000000000006,Africa,155000000.0,154000000.0
0.049808,0.43799999999999994,,Niger,2012-12-01,17.0,174.0,,6773185511.26727,0.0716160125051005,25.4719830560033,270.0,0.0616,0.014077,,58.148,57.793,0.314479617174103,0.49991817474365197,0.47403007507324196,0.0260515761375427,17157042,0.17986000000000002,Africa,,
0.036526,0.263,,South Sudan,2012-12-01,17.0,184.0,,10560000000.0,0.0255228959785862,27.4033948918168,218.0,0.06609999999999999,,,55.716,53.621,0.21222553816936301,0.42280227661132797,0.542533378601074,0.0346642732620239,10837527,0.182,Africa,,
0.02109,0.327,,South Africa,2012-12-01,19.0,41.0,,382337636447.523,0.08786867144347969,644.620617685196,200.0,0.0335,0.41,0.0875,58.122,54.171,1.3055798199210802,0.295256538391113,0.6503159332275391,0.0544274854660034,52274945,0.63272,Africa,11201000000.0,7144000000.0
0.034463,0.682,,Mauritania,2012-12-01,19.0,171.0,,3958701368.75464,0.0638610134476906,51.6951533672733,696.0,0.0682,0.053691,0.17,62.921,59.855,1.06041319329287,0.40216869354247997,0.5662992858886721,0.031530966758728,3796141,0.58,Africa,,
0.035864,2.1790000000000003,,Comoros,2012-12-01,20.0,160.0,,595898770.332299,0.0453691648568605,37.6801412903921,100.0,0.0594,0.0597529630842855,0.105,62.072,59.284,0.395135630094926,0.42165538787841794,0.5497398757934571,0.028604757785797102,717503,0.28029,Africa,,
0.034484,0.674,,Central African Republic,2012-12-01,22.0,187.0,,2169706411.47799,0.0375978538123901,17.7716652479767,483.0,0.0979,0.03,,51.391,47.651,0.252610210931694,0.400656204223633,0.56083927154541,0.0385040783882141,4525209,0.39258000000000004,Africa,,
0.024579,0.7190000000000001,,Algeria,2012-12-01,25.0,151.0,,204331017992.08,0.0524703578272341,278.608263112547,451.0,0.0222,0.152280267564417,0.08,72.534,69.309,0.97520894669298,0.274187088012695,0.679144821166992,0.0466679954528809,38481705,0.6887000000000001,Africa,295000000.0,559000000.0
0.039664000000000005,0.449,,Tanzania,2012-12-01,26.0,136.0,,28248631876.484,0.0699191009992585,41.3353971741786,172.0,0.037700000000000004,0.0395,0.154604641397482,62.172,59.584,0.569642384284471,0.448521728515625,0.519766426086426,0.0317118978500366,47783107,0.29492999999999997,Africa,1605000000.0,1003000000.0
0.036885,0.659,,Benin,2012-12-01,26.0,175.0,,7543183758.87361,0.0448925770811615,33.066920074428,270.0,0.058,0.045,,60.548,57.759,0.836543158875868,0.42951038360595706,0.541628227233887,0.0288612675666809,10050702,0.42667,Africa,192000000.0,
0.04298,2.832,,"Gambia, The",2012-12-01,27.0,148.0,,914109100.327103,0.0501437253054469,25.6786904696832,376.0,0.0502,0.124492287209242,0.28,59.948,57.33,0.852037572052646,0.45898532867431596,0.516577758789063,0.024438023567199697,1791225,0.57706,Africa,99000000.0,8000000.0
0.041532,0.33799999999999997,,Nigeria,2012-12-01,28.0,138.0,,462979245902.413,0.0606504725462644,94.3364142177218,956.0,0.07659999999999999,0.32799999999999996,0.167925,52.423,51.81,0.667981180495543,0.442218627929688,0.530523834228516,0.0272575259208679,168833776,0.45234,Africa,641000000.0,9280000000.0
0.027636,0.16,,Lesotho,2012-12-01,29.0,139.0,,2328196274.79655,0.11552362022891799,137.823854263354,324.0,0.0742,0.045896176299670896,0.101191666666667,49.046,48.636,0.7530007872115889,0.367508392333984,0.59050422668457,0.041988353729248,2051545,0.2576,Africa,46000000.0,256000000.0
0.035505,0.442,,Kenya,2012-12-01,32.0,122.0,,40264403584.5578,0.047437767676999795,44.5819080831921,340.0,0.048799999999999996,0.321,0.197234066533954,62.945,59.31,0.7117433332759739,0.423678855895996,0.5499032592773441,0.0264178800582886,43178141,0.2437,Africa,2004000000.0,174000000.0
0.036668,0.39399999999999996,,Cote d'Ivoire,2012-12-01,32.0,173.0,,24680372724.4372,0.07063933630796031,87.8743506896031,270.0,0.0732,0.023789580299442902,,51.232,49.611,0.9122862939301151,0.414846572875977,0.553746032714844,0.0314073514938354,19839750,0.5204099999999999,Africa,,
0.043654000000000005,0.366,,Uganda,2012-12-01,33.0,126.0,,20032237910.2417,0.0797319031048532,43.6138490149031,213.0,0.045399999999999996,0.146896,0.263113691206892,59.783,57.567,0.450020635087462,0.48542633056640594,0.490289077758789,0.024284636974334698,36345860,0.15115,Africa,1105000000.0,604000000.0
0.037343,0.912,,Guinea,2012-12-01,35.0,179.0,,5651088170.28606,0.06296276436703739,32.0117921009567,416.0,0.067,0.0149014436571885,,56.636,55.091,0.487692503706793,0.424555320739746,0.5442235946655269,0.0312210702896118,11451273,0.35747999999999996,Africa,1700000.0,41000000.0
0.021138,0.316,,Libya,2012-12-01,35.0,188.0,,81873662518.8238,0.0390624929284883,578.446482768363,889.0,0.013,,0.06,77.148,73.298,1.5576908609999298,0.294548015594482,0.658332748413086,0.0471187257766724,6154623,0.77988,Africa,,2654000000.0
0.033930999999999996,0.361,,Sudan,2012-12-01,36.0,143.0,,63029562337.4655,0.0724738582556327,114.508984200269,180.0,0.0525,0.21,,63.693,60.122,0.743603588717503,0.41477783203125,0.553204765319824,0.0320173907279968,37195349,0.33315,Africa,880000000.0,908000000.0
0.027818000000000002,0.37799999999999995,,Djibouti,2012-12-01,37.0,172.0,,1353632941.5207,0.08805852497254399,129.182580000477,82.0,0.059,0.0826723289204519,,62.922,59.763,0.247155825845807,0.33717597961425805,0.6240513610839841,0.0387726664543152,859652,0.77117,Africa,20500000.0,29600000.0
0.036832000000000004,0.489,,Togo,2012-12-01,38.0,159.0,,3915754216.20669,0.08637282096526439,40.8026356613926,270.0,0.0574,0.04,,57.018,55.324,0.49861130513532603,0.41891918182372995,0.553680229187012,0.027400267124176,6642928,0.38493,Africa,,
0.018600000000000002,0.257,,Seychelles,2012-12-01,39.0,77.0,,1032199340.94769,0.046607805505832406,520.982814029083,76.0,0.0123,0.47076,0.12191185764222899,78.0,67.7,1.47803203413509,0.22146656036377,0.701837768554688,0.0766848230361938,88303,0.52915,Africa,26000000.0,4000000.0
0.040130000000000006,0.324,,Malawi,2012-12-01,40.0,161.0,,4240492848.82334,0.0915805659079474,24.5485335248585,175.0,0.045700000000000005,0.043506,0.323298611111111,54.838,54.615,0.29213836899080703,0.454447212219238,0.5140565109252929,0.0314960885047913,15906483,0.15798,Africa,38000000.0,101000000.0
0.030211,0.365,,Swaziland,2012-12-01,56.0,120.0,,4049589165.57952,0.0852961461128098,259.457067222996,104.0,0.057,0.207817825772944,0.0875,48.278,49.396,0.653947854766711,0.38045467376708997,0.585254096984863,0.0342928624153137,1230985,0.21373999999999999,Africa,,
0.032221,0.435,,Gabon,2012-12-01,57.0,169.0,,17843815459.3005,0.034704356210846,396.688412753638,488.0,0.04,0.0861671448924674,,64.127,62.071,1.79471410755544,0.38488040924072303,0.563048973083496,0.052070598602294904,1632572,0.86367,Africa,,
0.04315,3.391,,"Congo, Dem. Rep.",2012-12-01,58.0,183.0,,27452795397.9825,0.0558637378245604,15.1931799055962,336.0,0.0881,0.016799610146449998,0.28446666666666703,51.418,47.914,0.305800921703284,0.45111728668212897,0.520437660217285,0.028445041179657002,65705093,0.40950000000000003,Africa,6900000.0,108000000.0
0.023807,0.254,,Botswana,2012-12-01,60.0,65.0,,14537490552.851,0.0530693512189921,384.116991638859,152.0,0.0371,0.115,0.11,46.268,47.679,1.53785649056095,0.33750118255615197,0.626796112060547,0.0357017040252686,2003910,0.56699,Africa,30000000.0,100000000.0
0.046423,0.757,,Chad,2012-12-01,62.0,189.0,,12887072081.6363,0.028069543436881797,24.8446872336346,732.0,0.0902,0.021000000000545298,,51.579,49.864,0.353648787874528,0.485174980163574,0.490463638305664,0.0243613219261169,12448175,0.22129000000000001,Africa,,
0.026359,0.218,,Namibia,2012-12-01,66.0,94.0,,13399386549.6815,0.083478844823008,473.191011611946,314.0,0.0356,0.129414,0.08651875,66.689,61.207,0.95018130975886,0.365869941711426,0.599049377441406,0.035081102848053,2259393,0.43666,Africa,,
0.044819000000000005,0.521,,Angola,2012-12-01,66.0,178.0,,115332111283.362,0.0347405126927444,190.462322550529,282.0,0.1043,0.16937210113739798,0.166564013212232,52.976,50.024,0.614062757783485,0.475817985534668,0.500142097473145,0.0240399312973022,20820525,0.41698999999999997,Africa,711000000.0,292000000.0
0.037351999999999996,0.845,,Eritrea,2012-12-01,84.0,185.0,,3091967479.6748,0.026045396937782003,14.6994755156841,216.0,0.0371,0.008,,64.638,59.946,0.049793978784920104,0.430965690612793,0.546998634338379,0.0220356750488281,6130922,0.21352000000000002,Africa,,
0.031594000000000004,0.345,,Zimbabwe,2012-12-01,90.0,168.0,,12472416688.2233,,,242.0,0.055,0.1709,,58.824,57.305,0.9190938244868581,0.40244041442871104,0.55819019317627,0.039369535446167,13724317,0.32834,Africa,749000000.0,
0.035819000000000004,0.441,,Equatorial Guinea,2012-12-01,135.0,164.0,,16486743747.3457,0.0473557367100365,1138.23784462292,492.0,0.0713,0.139431821913076,,54.108,51.189,0.6805374468963571,0.389521331787109,0.5824396896362299,0.0280362796783447,736296,0.39463000000000004,Africa,,
0.038009,0.649,,"Congo, Rep.",2012-12-01,161.0,186.0,,13677929161.7142,0.0316423238710924,99.7916684431519,606.0,0.0373,0.0610669502435836,,59.743,56.919,0.987568280843366,0.42367660522460904,0.54246997833252,0.0338536477088928,4337051,0.6409999999999999,Africa,,
0.019627,,5126.466,Brunei Darussalam,2005-12-01,,,2216.889,9531402829.84859,0.025909625025427,671.402980330903,,0.0074,0.36466391947578203,0.055,79.02,75.14,0.6331987548088029,0.288770160675049,0.6793686676025391,0.0318611264228821,367815,0.73503,Asia,191000000.0,374000000.0
0.015532,,83013.546,"Korea, Dem. Rep.",2005-12-01,,,21331.101,,,,,0.026199999999999998,,,71.768,64.717,,0.247195930480957,0.678426132202148,0.0743779134750366,23813333,0.59805,Asia,,
0.007888,,1837.167,"Macao SAR, China",2005-12-01,,,,11792570015.7933,,,,,0.348629271733959,0.0704771505376344,81.105,76.31,1.13800947988781,0.172959899902344,0.753947982788086,0.0730921125411987,468149,1.0,Asia,8190000000.0,615000000.0
0.018952,,11613.389,Myanmar,2005-12-01,,,14816.755,,0.021119622618321402,4.72247972072047,,0.0508,0.000652388555011476,0.15,65.553,61.499,0.0025647147068752303,0.280937042236328,0.669860153198242,0.0492028474807739,50181020,0.2893,Asia,83000000.0,34000000.0
0.022625,,45375.458,Turkmenistan,2005-12-01,,,19166.375,8104355716.8784,0.0295279347519875,106.815368539248,,0.0584,0.00997256558542959,,68.575,60.487,0.0221153244665626,0.326780471801758,0.6274840164184571,0.0457355451583862,4747839,0.47048,Asia,,
0.010199999999999999,0.27699999999999997,30359.093,Singapore,2005-12-01,6.0,,21946.906,127417879442.861,0.0379257232055669,1058.15657658791,80.0,0.0023,0.61,0.053,82.5,77.6,0.9753228590933629,0.19149524688720698,0.7262945556640631,0.08221019744873051,4265800,1.0,Asia,6209000000.0,10071000000.0
0.045078,0.363,1015.759,Afghanistan,2005-12-01,9.0,,,6275076015.72254,0.0921144138442569,20.9893019951029,275.0,0.084,0.0122414808372471,,58.279,55.896,0.048268653672611,0.493094902038574,0.486548919677734,0.020356178283691403,24860855,0.22895,Asia,,
0.021262,0.09300000000000001,700.397,Maldives,2005-12-01,9.0,,225.0,992473987.301945,0.0704206114182966,234.863314066806,,0.0193,0.06869605066962149,0.13,75.363,72.867,0.684262171680512,0.343283729553223,0.610828819274902,0.0458874368667603,297576,0.3375,Asia,826000000.0,94000000.0
0.008400000000000001,0.24100000000000002,40546.019,"Hong Kong SAR, China",2005-12-01,11.0,,12663.873,181570082162.19,,,80.0,,0.569,0.0775,84.5,78.8,1.23889285375614,0.14227398872375502,0.736498260498047,0.121227788925171,6813200,1.0,Asia,13588000000.0,13305000000.0
0.020353000000000003,0.39799999999999996,8646.786,Mongolia,2005-12-01,13.0,,2624.67,2523359940.71209,0.0598623096087759,59.7905554371084,204.0,0.037,,0.305708333333333,69.181,61.58,0.220544848173483,0.289297218322754,0.673445739746094,0.0372570466995239,2526502,0.62494,Asia,203000000.0,173000000.0
0.0089,0.354,462918.413,"Korea, Rep.",2005-12-01,17.0,,210176.459,898134300667.891,0.0562726875786847,987.631437474373,290.0,0.0048,0.735,0.0559333333333333,81.89,75.14,0.8152202953657169,0.19098726272583,0.716158676147461,0.0928540706634521,48138077,0.81345,Asia,8290000000.0,16924000000.0
0.014061,0.366,4360.063,Armenia,2005-12-01,18.0,,2512.308,4900436758.50466,0.052521164430926096,85.3682351481481,580.0,0.0208,0.0525298335195804,0.179842728930413,76.772,69.971,0.105490134554285,0.21902692794799802,0.664963912963867,0.116009159088135,3014917,0.64184,Asia,240000000.0,284000000.0
0.012821999999999998,0.57,5067.794,Georgia,2005-12-01,21.0,,2840.532,6411147323.20169,0.0859882616814388,123.178131531969,448.0,0.0218,0.060794576286979395,0.17550891666666701,76.619,69.379,0.262397252835896,0.183501415252686,0.6704931640625,0.146005439758301,4361400,0.5246999999999999,Asia,287000000.0,237000000.0
0.0214,0.6809999999999999,5232.809,Kyrgyz Republic,2005-12-01,21.0,,2496.988,2459876151.9333,0.0582230709068474,28.4077977747256,202.0,0.0344,0.105338013405507,0.266,71.9,64.2,0.10741988754915599,0.312697505950928,0.63118595123291,0.0561165428161621,5162600,0.3529,Asia,94000000.0,94000000.0
0.027993999999999998,0.431,136636.087,Pakistan,2005-12-01,24.0,,76227.354,109502102510.883,0.0318261827646474,21.9095241985803,560.0,0.08009999999999999,0.0633232909830782,0.09071666666666671,65.983,64.405,0.0808450250319021,0.38164798736572303,0.5770969009399409,0.041255111694335905,157971415,0.34729999999999994,Asia,828000000.0,1753000000.0
0.018420000000000002,0.441,176947.418,Kazakhstan,2005-12-01,25.0,,50804.971,57123671733.8952,0.0406951280306838,154.317671224812,271.0,0.0285,0.0296170749150089,,71.8,60.3,0.35833566559090696,0.246812744140625,0.676941833496094,0.07624543666839599,15147029,0.5471900000000001,Asia,801000000.0,940000000.0
0.0203894065963455,0.9670000000000001,111887.504,Uzbekistan,2005-12-01,29.0,,46965.32,14307509838.8053,0.051142768159395,28.0714027214602,196.0,0.0465,0.033435098882595195,,70.726,64.129,0.0276450973090147,0.332373657226563,0.6204091262817379,0.0472172117233276,26167000,0.36676000000000003,Asia,28000000.0,
0.0084132922190743,0.525,1238180.885,Japan,2005-12-01,30.0,,520540.566,4571866957195.37,0.08181918629379069,2928.00401277458,315.0,0.0027,0.6692106610429011,0.0167691666666667,85.49,78.53,0.759843650694509,0.13803515434265098,0.6634970855712891,0.198467712402344,127773000,0.85978,Asia,15555000000.0,48102000000.0
0.028307,0.325,3241.628,Nepal,2005-12-01,31.0,,9131.62,8130258976.02985,0.0572269632395167,18.6868021307168,408.0,0.0465,0.0082655126590551,0.08125,65.777,63.768,0.00898764347290363,0.39454216003417997,0.56145263671875,0.0440051984786987,25292058,0.15183,Asia,160000000.0,221000000.0
0.01263,0.375,256169.286,Thailand,2005-12-01,33.0,,99165.875,176351948403.908,0.035485405461495,95.454002046242,264.0,0.0152,0.150260043588909,0.0579166666666667,75.881,68.945,0.464619834502366,0.223391132354736,0.699514083862305,0.0770947599411011,65559487,0.37520000000000003,Asia,12102000000.0,4917000000.0
0.018536,0.36,177372.79,Malaysia,2005-12-01,37.0,,63506.554,143533152129.483,0.032265856969928904,179.204302361981,190.0,0.007,0.48629170245984,0.059524999999999995,75.934,71.547,0.756284006177809,0.302405986785889,0.65388053894043,0.043713488578796394,25843466,0.66594,Asia,10389000000.0,4339000000.0
0.016967,0.39899999999999997,97941.903,Vietnam,2005-12-01,45.0,,41455.345,57633255739.4104,0.058558276762339906,36.4782123480766,1050.0,0.023600000000000003,0.127399292907031,0.11025,79.569,69.922,0.112930459972078,0.271206874847412,0.663118743896484,0.06567433834075931,82393500,0.27281,Asia,2300000000.0,900000000.0
0.027280000000000002,0.47200000000000003,74832.469,Philippines,2005-12-01,47.0,,38755.946,103065972407.859,0.0391385420291135,47.0055384871123,195.0,0.0275,0.053976363293955,0.101849166666667,70.874,64.267,0.405249394397987,0.370740737915039,0.59498607635498,0.0342731690406799,85821214,0.46603,Asia,2755000000.0,1547000000.0
0.0124,0.8,5790016.984,China,2005-12-01,48.0,,1775677.25,2256902590825.33,0.0468261230643981,79.7272434819545,832.0,0.020300000000000002,0.0852325700269541,0.0558,75.339,72.83,0.29844705926728,0.20507740020752,0.7182017517089839,0.07672084808349611,1303720000,0.42522,Asia,31842000000.0,24721000000.0
0.018631,0.5670000000000001,11642.725,Sri Lanka,2005-12-01,48.0,,9000.817,24405791044.7761,0.040237982829293396,49.2228241657177,256.0,0.011800000000000001,0.017920467939258798,0.107641666666667,77.14,70.23,0.16849912118468902,0.25424604415893604,0.675304260253906,0.0704496765136719,19644000,0.18382,Asia,729000000.0,552000000.0
0.023442,0.353,37553.747,Bangladesh,2005-12-01,50.0,,23867.599,60277560975.6098,0.0320838020323328,12.9173587588816,400.0,0.0509,0.0024163732563671,0.14,68.033,66.972,0.062877623795911,0.342978897094727,0.614041213989258,0.0429799175262451,143135180,0.26809,Asia,79000000.0,375000000.0
0.022934999999999997,0.408,396.036,Bhutan,2005-12-01,62.0,,204.0,818869145.811526,0.0434556273959822,54.7100222299171,274.0,0.0453,0.0384710674490143,0.14,64.219,63.843,0.055349106803788996,0.33992961883544903,0.619339599609375,0.0407307910919189,650417,0.30965,Asia,19000000.0,
0.023259000000000002,0.6659999999999999,1411127.606,India,2005-12-01,71.0,,539388.096,834215013605.008,0.0424945920177829,31.5746660423202,264.0,0.0559,0.023880749999577403,0.1075,65.669,62.601,0.0799720675861953,0.322200813293457,0.6306468582153321,0.0471523380279541,1127143548,0.29235,Asia,7659000000.0,8277000000.0
0.029693,0.799,2438.555,Tajikistan,2005-12-01,80.0,,2341.585,2312319579.02843,0.048371201441754004,16.4346307357445,224.0,0.054299999999999994,0.00298690023682825,0.232662301184245,69.334,62.197,0.0389382065355943,0.383515167236328,0.5790502166748049,0.0374346041679382,6805655,0.26433,Asia,9100000.0,3800000.0
0.026183,0.215,2775.919,Cambodia,2005-12-01,86.0,,3435.909,6293046162.11399,0.0694502856482297,32.7223802148068,137.0,0.0521,0.00317321781089656,,69.705,64.508,0.0795123005978247,0.360663299560547,0.595497436523438,0.0438392782211304,13356424,0.19174,Asia,929000000.0,137000000.0
0.0169,0.46399999999999997,34337.788,Azerbaijan,2005-12-01,113.0,,13426.63,13245421880.834,0.07863295944023001,121.632931301509,756.0,0.0439,0.0803037535616454,0.170283333333333,71.803,66.208,0.261811958290389,0.260112857818604,0.6756801605224609,0.0642069911956787,8391850,0.5238900000000001,Asia,100000000.0,188000000.0
0.021376000000000003,0.375,341991.754,Indonesia,2005-12-01,151.0,,179460.748,285868610016.591,0.027895806592922397,35.5243395421449,560.0,0.0334,0.0360202476259646,0.14050833333333299,70.894,66.912,0.20897088256074,0.300029182434082,0.6512853240966799,0.0486855125427246,224480901,0.45937,Asia,5094000000.0,4740000000.0
0.028383,0.35200000000000004,1433.797,Lao PDR,2005-12-01,153.0,,,2735550176.99656,0.0430880294893989,20.3551994046212,672.0,0.07,0.008503574902889171,0.268333333333333,65.783,63.279,0.113550025333961,0.403778266906738,0.558763580322266,0.0374581694602966,5790646,0.27386,Asia,143000000.0,10000000.0
0.037868,0.484,176.016,Timor-Leste,2005-12-01,167.0,,58.0,479100000.0,0.0725704826067812,33.1065197565336,640.0,0.06509999999999999,0.000990317678179026,0.166533175939109,64.67,61.606,0.0332175259813242,0.479845199584961,0.492763786315918,0.027390999794006297,982889,0.26314,Asia,,
0.015165,,84557.353,"Korea, Dem. Rep.",2006-12-01,,,21543.968,,,,,0.0258,,,71.873,64.881,,0.243442726135254,0.67919319152832,0.0773640966415405,23969917,0.59884,Asia,,
0.008141,,1631.815,"Macao SAR, China",2006-12-01,,,,14568709574.0036,,,,,0.46399999999999997,0.0875943635818504,81.306,76.514,1.32625341803388,0.16141874313354498,0.7662481689453131,0.0723331022262573,479808,1.0,Asia,10055000000.0,648000000.0
0.018716,,12610.813,Myanmar,2006-12-01,,,15014.773,,0.0204999994659628,5.34469447888884,,0.0493,0.0018204833106115002,0.160833333333333,65.807,61.755,0.004241855506338901,0.276558666229248,0.673900146484375,0.0495411968231201,50500070,0.29386,Asia,59000000.0,40000000.0
0.022421,,46255.538,Turkmenistan,2006-12-01,,,19628.229,10277598152.4249,0.021908142963462298,97.6195243258363,,0.0569,0.013195731180963,,68.719,60.543,0.0451658251060325,0.319009838104248,0.635784568786621,0.0452045631408691,4801595,0.47296,Asia,,
0.0103,0.23800000000000002,30799.133,Singapore,2006-12-01,6.0,,23509.002,147794117647.059,0.0369706111382878,1166.86618384023,80.0,0.0023,0.59,0.053125,82.6,77.8,1.03777162782735,0.18756109237670898,0.729006271362305,0.0834326267242432,4401400,1.0,Asia,7536000000.0,11268000000.0
0.043762999999999996,0.363,1338.455,Afghanistan,2006-12-01,9.0,,,7057597615.29559,0.0913936123761027,22.6922943891918,275.0,0.082,0.0210712364546412,0.1797,58.803,56.397,0.0983316402199469,0.492795448303223,0.486722869873047,0.020481653213500997,25631282,0.23237,Asia,,
0.021322,0.09300000000000001,887.414,Maldives,2006-12-01,9.0,,288.0,1303375806.06689,0.0666838083794755,287.006117293531,,0.0172,0.110363527828647,0.13,75.984,73.574,0.8950813175926691,0.331960716247559,0.620876731872559,0.047165856361389195,302825,0.35034,Asia,1235000000.0,106000000.0
0.0096,0.24100000000000002,38554.838,"Hong Kong SAR, China",2006-12-01,11.0,,13329.581,193536265094.364,,,80.0,,0.608,0.0775,85.5,79.4,1.36660246161335,0.13686428070068402,0.7404285430908201,0.122707624435425,6857100,1.0,Asia,15541000000.0,14044000000.0
0.02102,0.39799999999999996,9497.53,Mongolia,2006-12-01,13.0,,2924.946,3414053250.94549,0.053674938951891,71.5959934448644,204.0,0.035,,0.26934549610701297,69.662,61.893,0.302754917374358,0.281823844909668,0.68072624206543,0.0374491691589355,2559496,0.63535,Asia,261000000.0,212000000.0
0.013173,0.386,6149.559,Georgia,2006-12-01,16.0,,3031.512,7761900179.11307,0.0839422247280638,146.236157466618,387.0,0.0201,0.0752687684487832,0.170602583333333,76.803,69.552,0.38323790741947,0.178831825256348,0.674248199462891,0.146919546127319,4398000,0.52525,Asia,361000000.0,257000000.0
0.014152,0.366,4382.065,Armenia,2006-12-01,17.0,,2558.59,6384457744.44765,0.045777507181338696,97.3270265360463,580.0,0.0198,0.0563178777731609,0.16525103710924602,77.022,70.243,0.419513598638122,0.21416519165039102,0.6702772521972661,0.115557870864868,3002911,0.6415000000000001,Asia,307000000.0,321000000.0
0.0092,0.311,470806.13,"Korea, Rep.",2006-12-01,17.0,,213599.831,1011797986991.9,0.061018783471205,1200.61438566349,290.0,0.0045,0.7809999999999999,0.059875,82.36,75.74,0.849986205763739,0.185770359039307,0.7176369476318359,0.0965926361083984,48371946,0.81528,Asia,8508000000.0,20989000000.0
0.019710000000000002,0.442,192532.168,Kazakhstan,2006-12-01,21.0,,61503.566,81003864915.5437,0.0394174411154298,209.688169183111,271.0,0.026699999999999998,0.0326836905115978,,72.0,60.6,0.510647484953088,0.244713821411133,0.679940948486328,0.0753453159332275,15308084,0.54516,Asia,973000000.0,1060000000.0
0.0233,0.672,5144.801,Kyrgyz Republic,2006-12-01,21.0,,2450.21,2834168889.42019,0.0673429073374341,37.5590865083751,202.0,0.033100000000000004,0.123069069959465,0.23199999999999998,72.1,63.5,0.248298180501494,0.307803421020508,0.637775955200195,0.0544214248657227,5218400,0.35289000000000004,Asia,189000000.0,142000000.0
0.00865,0.525,1231301.593,Japan,2006-12-01,22.0,,519807.147,4356749775546.81,0.08198613593796569,2794.09285568669,350.0,0.0027,0.6868527032137951,0.0166483333333333,85.81,79.0,0.7851905384485061,0.136836700439453,0.658918838500977,0.204244480133057,127756000,0.8705700000000001,Asia,11490000000.0,37659000000.0
0.027794,0.41600000000000004,146074.945,Pakistan,2006-12-01,24.0,,79345.372,137264061106.043,0.0366627706700983,28.7107142602842,560.0,0.0788,0.065,0.109875,66.207,64.618,0.214451923340933,0.375675849914551,0.582641906738281,0.041682233810424796,160905794,0.3508,Asia,919000000.0,2029000000.0
0.020988396159195902,1.121,116529.926,Uzbekistan,2006-12-01,29.0,,48872.107,17030896203.1963,0.054935908864607204,35.4999434282974,196.0,0.0451,0.0638832196706805,,70.81,64.221,0.0960629514117622,0.32440292358398404,0.628547554016113,0.0470494031906128,26488250,0.36526000000000003,Asia,43000000.0,
0.027241,0.325,2662.242,Nepal,2006-12-01,31.0,,9131.174,9043715355.8881,0.0562963319695941,19.7437710195034,408.0,0.0441,0.0114138916388191,0.08,66.288,64.241,0.0451392704615499,0.391267738342285,0.56351806640625,0.0452140951156616,25634043,0.155,Asia,157000000.0,261000000.0
0.012282999999999999,0.374,261211.411,Thailand,2006-12-01,33.0,,101043.244,207088828467.346,0.0349340700356778,109.806071793808,264.0,0.0146,0.171607147169285,0.0735416666666667,76.192,69.339,0.609032447214277,0.218064422607422,0.702637557983398,0.0792980575561523,65883961,0.38804,Asia,16614000000.0,6173000000.0
0.01209,0.807,6414463.08,China,2006-12-01,35.0,,1938943.565,2712950885444.1,0.0455047783082206,92.5745918794185,832.0,0.018600000000000002,0.105231526193851,0.061200000000000004,75.545,73.029,0.347667488692781,0.197633152008057,0.72427131652832,0.0780955505371094,1311020000,0.43868,Asia,37132000000.0,28242000000.0
0.022779,0.74,1504364.748,India,2006-12-01,35.0,,567182.481,949116769619.216,0.0402657371544126,33.3847048945388,264.0,0.053899999999999997,0.0280549986534254,0.111875,66.089,62.899,0.145238823400218,0.318056240081787,0.634079437255859,0.0478643369674683,1143289350,0.29569,Asia,8915000000.0,8738000000.0
0.018134,0.36,170647.512,Malaysia,2006-12-01,37.0,,63715.139,162692467585.806,0.0358789947451674,221.719625197267,190.0,0.006900000000000001,0.516379889864403,0.0648583333333333,76.13,71.665,0.739303739439873,0.29688455581665,0.658511505126953,0.0446039295196533,26327098,0.67483,Asia,12280000000.0,5085000000.0
0.026705,0.47600000000000003,67692.82,Philippines,2006-12-01,47.0,,38455.549,122210719245.942,0.0395164593747048,55.2767209510327,195.0,0.027,0.0574058632534702,0.0977866666666667,71.043,64.376,0.490678637469276,0.367418060302734,0.597798042297363,0.0347838878631592,87366573,0.46332999999999996,Asia,4019000000.0,1558000000.0
0.018640999999999998,0.598,11738.067,Sri Lanka,2006-12-01,48.0,,9083.326,28267410542.5164,0.040345325111954995,56.6581961287764,256.0,0.0112,0.0253756612897332,0.1285,77.058,70.377,0.268776157588109,0.252930736541748,0.675217590332031,0.0718516540527344,19858000,0.1837,Asia,733000000.0,666000000.0
0.0228,0.353,48136.709,Bangladesh,2006-12-01,50.0,,25331.879,61901116736.1525,0.0339835021897736,14.1473172384759,400.0,0.0484,0.01,0.153333333333333,68.485,67.318,0.132057392217126,0.337754554748535,0.6186644363403321,0.0435809850692749,144868702,0.27516999999999997,Asia,80000000.0,444000000.0
0.016954999999999998,0.39899999999999997,102455.98,Vietnam,2006-12-01,50.0,,42474.796,66371664817.0436,0.0649878308388058,46.1661419711006,1050.0,0.023,0.172545617186662,0.1117625,79.719,70.054,0.22032656881167298,0.262637195587158,0.6717063140869141,0.065656476020813,83313000,0.27888,Asia,2850000000.0,1050000000.0
0.0176,0.42200000000000004,39167.227,Azerbaijan,2006-12-01,51.0,,13232.239,20982270733.2484,0.061680675866318105,149.362894137944,1000.0,0.0415,0.11992177334367399,0.178633333333333,72.305,66.584,0.383554264128611,0.251318702697754,0.68462043762207,0.0640610074996948,8484550,0.52589,Asia,201000000.0,256000000.0
0.022288,0.408,392.369,Bhutan,2006-12-01,62.0,,211.0,897672085.755359,0.044044437858537205,59.4078355387823,274.0,0.0429,0.045183172581645996,0.14,64.936,64.511,0.12332023174191101,0.329434394836426,0.62911678314209,0.0414458036422729,665568,0.31712,Asia,36000000.0,22000000.0
0.030169,0.799,2654.908,Tajikistan,2006-12-01,80.0,,2414.262,2830236053.84429,0.0477921224156401,19.4491290391222,224.0,0.0516,0.037724062066644796,0.144048953690598,69.59,62.639,0.309151369425534,0.376233749389648,0.586839027404785,0.0369271969795227,6954522,0.2645,Asia,11200000.0,6000000.0
0.026181999999999997,0.215,2999.606,Cambodia,2006-12-01,86.0,,3429.351,7274424518.56764,0.0536421604781874,28.7878393935568,137.0,0.048100000000000004,0.00468356720063827,,70.657,65.436,0.127011666644781,0.351013946533203,0.60387638092041,0.0451093721389771,13555054,0.19293,Asia,1109000000.0,176000000.0
0.021241,0.375,345119.705,Indonesia,2006-12-01,97.0,,183725.702,364570525997.054,0.029051478114681298,46.5123214979998,576.0,0.0322,0.0476481313366657,0.159791666666667,71.185,67.204,0.280194392669607,0.300046272277832,0.651037902832031,0.048915843963623,227709821,0.46732,Asia,4890000000.0,5458000000.0
0.018998,0.374,4822.105,Brunei Darussalam,2006-12-01,116.0,,3151.521,11470703002.0769,0.0222224399302088,680.281989340188,144.0,0.0074,0.42186349160930703,0.055,79.215,75.329,0.804383275019549,0.28472339630126997,0.6826769256591799,0.0326023435592651,374697,0.73931,Asia,224000000.0,408000000.0
0.028525,0.35200000000000004,1580.477,Lao PDR,2006-12-01,123.0,,,3452895836.27301,0.04270232447755799,25.0081174597897,672.0,0.0677,0.011698934277225601,0.3,66.292,63.777,0.171230832116392,0.39626522064208997,0.56621940612793,0.0375153708457947,5895930,0.28537,Asia,160000000.0,15000000.0
0.03754,0.484,179.683,Timor-Leste,2006-12-01,167.0,,59.0,462600000.0,0.106028701908826,46.3792899480359,640.0,0.061700000000000005,0.00116628276525644,0.165495559994717,65.261,62.193,0.0482312111927844,0.477637329101563,0.49426872253417997,0.028093943595886198,999053,0.26934,Asia,20000000.0,2000000.0
0.014869,,70369.73,"Korea, Dem. Rep.",2007-12-01,,,18299.646,,,,,0.0258,,,71.937,64.981,,0.239279842376709,0.68052375793457,0.08019640922546391,24111989,0.59962,Asia,,
0.008472,,1404.461,"Macao SAR, China",2007-12-01,,,,18054684854.2242,,,,,0.47326999999999997,0.07808483929959191,81.503,76.728,1.6105298800095698,0.150444240570068,0.778090667724609,0.0714650678634644,493206,1.0,Asia,13733000000.0,777000000.0
0.018506,,12636.482,Myanmar,2007-12-01,,,15594.542,,0.0194407020569364,6.91893944168897,,0.047799999999999995,0.00217128445069958,0.17,66.047,61.991,0.00487204548100228,0.272441997528076,0.677672653198242,0.049885339736938504,50828959,0.29864999999999997,Asia,97000000.0,39000000.0
0.022231,,53516.198,Turkmenistan,2007-12-01,,,22367.475,12664165103.1895,0.021097216251851802,112.739632285323,,0.055299999999999995,0.0140636068812023,,68.866,60.611,0.0785614367025398,0.31118289947509803,0.644553527832031,0.0442640066146851,4858236,0.47555,Asia,,
0.01,0.23199999999999998,17865.624,Singapore,2007-12-01,5.0,,21818.726,179981089530.567,0.0354664416565633,1333.09004114955,80.0,0.0023,0.6990000000000001,0.0533,82.9,78.1,1.25190588041373,0.18405834197998,0.7314045715332029,0.0845377254486084,4588600,1.0,Asia,9066000000.0,13409000000.0
0.042360999999999996,0.363,1991.181,Afghanistan,2007-12-01,9.0,,,9843851008.65578,0.100211507987294,29.983379217224,275.0,0.08009999999999999,0.019,0.18135,59.336,56.906,0.177162433091531,0.492496757507324,0.486846580505371,0.020656647682189902,26349243,0.23587,Asia,,
0.021523,0.09300000000000001,916.75,Maldives,2007-12-01,9.0,,299.0,1541978558.62324,0.06291632556063301,314.740543083312,,0.015300000000000001,0.163,0.13,76.516,74.215,1.01719444976139,0.32201637268066396,0.629693183898926,0.048287205696106,308239,0.36302999999999996,Asia,1515000000.0,152000000.0
0.013478,0.386,6189.896,Georgia,2007-12-01,11.0,,3341.325,10172260738.4907,0.0816731799458633,187.719478795993,387.0,0.018600000000000002,0.08259999999999999,0.170861166666667,76.968,69.706,0.587363030512122,0.175545978546143,0.678162155151367,0.14629184722900399,4388400,0.52575,Asia,440000000.0,277000000.0
0.010199999999999999,0.24100000000000002,39962.966,"Hong Kong SAR, China",2007-12-01,11.0,,14337.964,211597405593.868,,,80.0,,0.648,0.0675,85.4,79.4,1.5503983706401399,0.132035512924194,0.744062194824219,0.12390154838562,6916300,1.0,Asia,18237000000.0,15042000000.0
0.021675,0.39799999999999996,10091.584,Mongolia,2007-12-01,13.0,,3114.445,4234894168.15659,0.0568590851955412,92.7906410638068,204.0,0.0332,0.09,0.21828333333333302,70.072,62.195,0.460328207199195,0.276375026702881,0.685944290161133,0.037682249546051,2595068,0.6456399999999999,Asia,354000000.0,227000000.0
0.0226632700376803,0.903,116944.297,Uzbekistan,2007-12-01,15.0,,48718.199,22311393927.8817,0.0544956693963817,45.5702308265332,196.0,0.0439,0.0749060468138629,,70.902,64.318,0.213411401648734,0.316780109405518,0.636771659851074,0.046448249816894494,26868000,0.36402,Asia,51000000.0,
0.014201,0.38799999999999996,5067.794,Armenia,2007-12-01,17.0,,2852.846,9206301700.39619,0.043088308227618805,132.675530429012,581.0,0.0189,0.0602125339712607,0.175156853679268,77.224,70.47,0.627586975004365,0.21063774108886701,0.675745391845703,0.113616857528687,2989882,0.64117,Asia,343000000.0,345000000.0
0.01,0.302,495837.072,"Korea, Rep.",2007-12-01,17.0,,222146.519,1122675892645.76,0.0638583118235347,1378.72065667856,290.0,0.0040999999999999995,0.7879999999999999,0.06551666666666671,82.73,76.13,0.932662477769497,0.180000228881836,0.719797439575195,0.100202379226685,48597652,0.81631,Asia,9288000000.0,24449000000.0
0.02079,0.414,220313.36,Kazakhstan,2007-12-01,21.0,,66230.504,104849886825.584,0.0342030468594485,232.929090357217,271.0,0.0249,0.04019999999999999,,72.6,60.7,0.80037931819503,0.24427434921264599,0.682428359985352,0.0732971334457397,15484192,0.54314,Asia,1213000000.0,1396000000.0
0.023399999999999997,0.614,5870.867,Kyrgyz Republic,2007-12-01,21.0,,2726.063,3802566170.81543,0.0687338792653878,50.905805399257,202.0,0.0317,0.14029999999999998,0.253221532280505,72.2,63.7,0.422322471800911,0.304269313812256,0.643766250610352,0.051964855194091795,5268400,0.35287,Asia,392000000.0,215000000.0
0.00863,0.525,1251136.396,Japan,2007-12-01,22.0,,515197.86,4356346715298.37,0.0822948547239711,2801.24618377232,350.0,0.0026,0.743,0.018832500000000002,85.99,79.19,0.843536077397317,0.135740537643433,0.654051208496094,0.21020820617675798,127770750,0.8801300000000001,Asia,12422000000.0,37261000000.0
0.027605,0.402,158894.777,Pakistan,2007-12-01,24.0,,83538.149,152385716311.916,0.0354739461225111,30.8029934744392,560.0,0.0775,0.068,0.117683333333333,66.419,64.812,0.38344020452987104,0.37016002655029295,0.58771541595459,0.0421245718002319,163928329,0.35442,Asia,912000000.0,2083000000.0
0.017870999999999998,0.36,205307.996,Malaysia,2007-12-01,31.0,,69969.609,193552802791.702,0.0354014639131872,255.537530342322,166.0,0.006900000000000001,0.557,0.0640916666666667,76.324,71.788,0.8707077496122431,0.291722869873047,0.66287483215332,0.0454023742675781,26813819,0.6836,Asia,17948000000.0,6600000000.0
0.026158999999999998,0.32799999999999996,2698.912,Nepal,2007-12-01,31.0,,9308.433,10325618017.379,0.0551278545588444,23.2806552612617,408.0,0.0419,0.0141,0.08,66.787,64.704,0.125968872010976,0.38741485595703096,0.566241035461426,0.0463440465927124,25950022,0.15822,Asia,234000000.0,402000000.0
0.022335,0.727,1611404.478,India,2007-12-01,33.0,,604659.492,1238700195643.9,0.038823646010692,40.398408022637,271.0,0.052,0.0395,0.130208333333333,66.48,63.188,0.20155375496534902,0.313879776000977,0.637535362243652,0.0485848808288574,1159095250,0.29906,Asia,11234000000.0,10690000000.0
0.011949,0.374,262205.168,Thailand,2007-12-01,33.0,,104886.244,246976870172.836,0.0356417633289014,133.218902637807,264.0,0.014,0.2003,0.0705,76.497,69.705,0.801701840644012,0.21188451766967797,0.70659797668457,0.0815175151824951,66076927,0.40104,Asia,20623000000.0,6887000000.0
0.0121,0.812,6791804.714,China,2007-12-01,35.0,,2044606.194,3494055942162.34,0.0435422169071202,113.386143929261,832.0,0.0171,0.16,0.0747,75.723,73.187,0.410168743137341,0.191666526794434,0.728938369750977,0.0793950843811035,1317885000,0.45199,Asia,41126000000.0,33269000000.0
0.0177,0.409,41426.099,Azerbaijan,2007-12-01,36.0,,12113.341,33050343782.7759,0.0509525292732722,192.012072802624,952.0,0.039299999999999995,0.1454,0.191308333333333,72.759,66.896,0.515272193476898,0.243443241119385,0.6932936859130859,0.06326274394989011,8581300,0.5279,Asia,317000000.0,381000000.0
0.016902,0.39899999999999997,113651.331,Vietnam,2007-12-01,39.0,,45777.061,77414425532.2452,0.0708118901999187,58.1000860079457,1050.0,0.0224,0.20755444767975298,0.1118,79.85,70.19,0.520189287973301,0.254343814849854,0.6800625610351559,0.0655936574935913,84221100,0.28504,Asia,3750000000.0,1220000000.0
0.018636,0.617,12456.799,Sri Lanka,2007-12-01,40.0,,9261.356,32351184234.3157,0.036879716812418396,58.7662757218171,256.0,0.0106,0.0388,0.170766666666667,76.937,70.461,0.39323828218741197,0.252050151824951,0.674810256958008,0.0731396150588989,20039000,0.18356999999999998,Asia,750000000.0,709000000.0
0.026172,0.491,69669.333,Philippines,2007-12-01,47.0,,38514.137,149359920006.4,0.0389202547242094,65.4074966988857,195.0,0.0265,0.059699999999999996,0.08691416666666671,71.212,64.493,0.645226007495335,0.363925704956055,0.600723876953125,0.0353504323959351,88875548,0.46063000000000004,Asia,5520000000.0,2055000000.0
0.021741,0.408,392.369,Bhutan,2007-12-01,48.0,,244.0,1196091805.60403,0.0500941500626699,88.1951721461128,274.0,0.0405,0.0592,0.14,65.608,65.135,0.219968647192599,0.320204887390137,0.6375247573852539,0.0422762441635132,679365,0.32469000000000003,Asia,47000000.0,26000000.0
0.030767,0.8,3223.293,Tajikistan,2007-12-01,62.0,,2582.768,3719497371.09659,0.0534672487718778,27.9660445894561,224.0,0.0495,0.0719761951797855,0.226732409743737,69.82,63.026,0.29992441314719,0.37012245178222697,0.593833236694336,0.0360441708564758,7111025,0.26466,Asia,16500000.0,6600000.0
0.022225,0.37,48466.739,Bangladesh,2007-12-01,74.0,,26626.118,68415421372.7194,0.0345781772611529,16.1961395971274,400.0,0.045899999999999996,0.018000000000000002,0.16,68.928,67.669,0.23467628229916698,0.33254772186279297,0.623227348327637,0.044224967956543,146457067,0.28237,Asia,76000000.0,530000000.0
0.026215,0.215,3483.65,Cambodia,2007-12-01,86.0,,3481.516,8639164917.03737,0.0446749113170589,28.0751405011224,137.0,0.044700000000000004,0.0049,,71.511,66.259,0.187914736346543,0.341287689208984,0.612283325195313,0.0464290142059326,13747288,0.19413,Asia,1169000000.0,194000000.0
0.028652999999999998,0.35200000000000004,1668.485,Lao PDR,2007-12-01,93.0,,,4222945529.64181,0.041572038225489896,29.1949117001273,672.0,0.0654,0.016399999999999998,0.285,66.79,64.255,0.24585741753499502,0.388693656921387,0.5738246154785159,0.0374817204475403,6013278,0.29688,Asia,190000000.0,14000000.0
0.021037,0.375,375544.804,Indonesia,2007-12-01,105.0,,182884.559,432216737774.861,0.030984420868575602,57.9807870444104,266.0,0.030899999999999997,0.0578627472934199,0.138616666666667,71.464,67.479,0.40431980633841497,0.300233345031738,0.6506334686279299,0.0491331911087036,230972808,0.47528,Asia,5831000000.0,6578000000.0
0.01839,0.374,10175.925,Brunei Darussalam,2007-12-01,116.0,,3227.236,12247694247.2298,0.022988437429368597,738.137166706716,144.0,0.0075,0.4468,0.055,79.407,75.52,0.959883598993289,0.280169887542725,0.6864958953857421,0.0333289647102356,381440,0.7434499999999999,Asia,233000000.0,430000000.0
0.037289,0.484,183.35,Timor-Leste,2007-12-01,158.0,,61.0,558700000.0,0.08025454420110449,40.6886687972502,640.0,0.0587,0.00140958763923202,0.15046588137031802,65.828,62.774,0.0755185351827642,0.476919136047363,0.494285049438477,0.0287977480888367,1015482,0.27564,Asia,26000000.0,5000000.0
0.014646000000000001,,78081.431,"Korea, Dem. Rep.",2008-12-01,,,20163.851,,,,,0.0258,,,72.043,65.105,,0.23491548538208,0.682213287353516,0.0828711795806885,24243894,0.6004,Asia,,
0.008826,,1191.775,"Macao SAR, China",2008-12-01,,,,20731022857.2408,,,,,0.4924,0.054266666666666706,81.696,76.952,1.83752620545073,0.140711450576782,0.788433380126953,0.0708532333374023,507528,1.0,Asia,17297000000.0,902000000.0
0.018306,,9028.154,Myanmar,2008-12-01,,,15032.859,,0.020327593666507902,9.7993157415977,,0.046299999999999994,0.0022,0.17,66.272,62.206,0.00717919003350489,0.268497200012207,0.681269989013672,0.050232834815979004,51174018,0.30363,Asia,80000000.0,50000000.0
0.02207,,55093.008,Turkmenistan,2008-12-01,,,22669.298,19271523178.8079,0.0185431685092723,80.5203245046887,,0.0538,0.0175,,69.015,60.696,0.230836822372473,0.303768577575684,0.653115615844727,0.0431168556213379,4917543,0.47826,Asia,,
0.013699,0.386,6237.567,Georgia,2008-12-01,3.0,,3004.559,12799337249.9695,0.0899319465792922,260.780094266553,387.0,0.0171,0.1001,0.18044133333333298,77.122,69.849,0.624382039940152,0.173597202301025,0.681676712036133,0.144726057052612,4383800,0.52625,Asia,505000000.0,337000000.0
0.010199999999999999,0.27899999999999997,19636.785,Singapore,2008-12-01,3.5,,25162.253,192231202951.056,0.0401151047417452,1576.82738738281,84.0,0.0022,0.69,0.0538,83.3,78.4,1.32300034071157,0.18073490142822302,0.7334564971923829,0.0858089923858643,4839400,1.0,Asia,10714000000.0,16340000000.0
0.040899,0.363,3927.357,Afghanistan,2008-12-01,9.0,,,10190534636.4958,0.0974654988187366,34.6794147586141,275.0,0.0785,0.0184,0.149175,59.863,57.411,0.292203737639231,0.491667556762695,0.48743396759033203,0.020898449420929,27032197,0.23946,Asia,43000000.0,58000000.0
0.021785,0.09300000000000001,1008.425,Maldives,2008-12-01,9.0,,,1891633531.16451,0.0788810623416901,475.446286324242,,0.013699999999999999,0.23199999999999998,0.13,76.997,74.791,1.38804115433513,0.313430595397949,0.637379188537598,0.049183826446533206,313843,0.37553,Asia,1559000000.0,211000000.0
0.0174,0.409,45701.821,Azerbaijan,2008-12-01,10.0,,13322.431,48852482960.0779,0.043740664704138295,240.697100640433,376.0,0.037200000000000004,0.17079999999999998,0.197625,73.132,67.14,0.737581002400517,0.23666618347168,0.701318206787109,0.0620158290863037,8763400,0.5299,Asia,382000000.0,456000000.0
0.011300000000000001,0.24100000000000002,38573.173,"Hong Kong SAR, China",2008-12-01,11.0,,14138.514,219279678430.164,,,80.0,,0.667,0.05,85.5,79.4,1.66193623700571,0.12785004615783702,0.747049407958984,0.125100564956665,6957800,1.0,Asia,20236000000.0,16095000000.0
0.022246,0.33799999999999997,10029.245,Mongolia,2008-12-01,13.0,,3155.928,5623236707.52471,0.0635559365454792,135.743210922933,204.0,0.0317,0.098,0.205833333333333,70.426,62.482,0.669688252278723,0.272747917175293,0.6893438720703131,0.037907440662384,2632834,0.65581,Asia,272000000.0,249000000.0
0.023899999999999998,0.614,5680.183,Kyrgyz Republic,2008-12-01,15.0,,2846.228,5139957784.91084,0.0607102722456275,60.0408295976976,202.0,0.030199999999999998,0.157,0.19855900621118,72.6,64.5,0.653037727085391,0.302008323669434,0.6488518524169921,0.049139604568481404,5318700,0.35284999999999994,Asia,569000000.0,451000000.0
0.0236641797331399,0.898,120039.245,Uzbekistan,2008-12-01,15.0,,50511.698,27934030937.2157,0.0515165864537587,53.166642315873,205.0,0.0426,0.09080114523450099,,71.006,64.419,0.457949983717694,0.309686832427979,0.6447343444824221,0.0455789852142334,27302800,0.36305,Asia,64000000.0,
0.014218999999999999,0.386,5555.505,Armenia,2008-12-01,17.0,,3004.093,11662040713.8753,0.037993229832847,148.809447834116,581.0,0.0179,0.0621,0.170494827336028,77.393,70.659,0.484300860322527,0.20820268630981398,0.681039886474609,0.11075712203979499,2977488,0.63997,Asia,377000000.0,383000000.0
0.0094,0.325,508051.849,"Korea, Rep.",2008-12-01,17.0,,226946.325,1002216051903.27,0.0658597349714813,1253.18756927034,250.0,0.0039,0.81,0.07168333333333331,83.29,76.54,0.95276620253585,0.173951377868652,0.722324829101563,0.103723745346069,48948698,0.81733,Asia,13479000000.0,21456000000.0
0.01771,0.345,213221.382,Malaysia,2008-12-01,20.0,,73006.305,230987618903.551,0.0340892838356826,288.187714847837,145.0,0.007,0.5579999999999999,0.0608,76.515,71.92,1.01504090417425,0.286781120300293,0.667004013061523,0.0462148523330688,27302348,0.6922499999999999,Asia,18553000000.0,7724000000.0
0.02275,0.415,230437.947,Kazakhstan,2008-12-01,21.0,,69982.664,133441612246.798,0.0386995374526695,331.708145631328,271.0,0.023,0.11,,72.4,61.9,0.957752532165695,0.245168800354004,0.684169540405273,0.0706615018844604,15674000,0.54111,Asia,1255000000.0,1361000000.0
0.0087,0.55,1206916.043,Japan,2008-12-01,22.0,,495351.968,4849184924937.25,0.086050470105004,3258.80259153286,355.0,0.0025,0.754,0.019095,86.05,79.29,0.867071055311163,0.134725847244263,0.648872451782227,0.21640169143676802,127704040,0.88909,Asia,13781000000.0,38976000000.0
0.027364,0.28800000000000003,156676.242,Pakistan,2008-12-01,24.0,,82045.781,170077814106.305,0.033420060920842,29.03612379441,560.0,0.0761,0.07,0.129358333333333,66.619,64.99,0.52703881404351,0.364929809570313,0.592519187927246,0.0425510025024414,167008083,0.35816000000000003,Asia,986000000.0,2163000000.0
0.021937,0.703,1811288.981,India,2008-12-01,30.0,,632956.028,1224097069460.46,0.0392944263985541,43.2902576758846,271.0,0.0501,0.0438,0.133125,66.84,63.469,0.295310396834432,0.309723987579346,0.640973739624023,0.04930226325988771,1174662334,0.30246,Asia,12462000000.0,12083000000.0
0.025088000000000003,0.341,3047.277,Nepal,2008-12-01,31.0,,9634.227,12545438605.3959,0.0608539044550535,27.1056594693347,408.0,0.039799999999999995,0.0173,0.08,67.274,65.158,0.160003584080283,0.38284896850585903,0.569762687683105,0.0473883390426636,26249412,0.16149999999999998,Asia,353000000.0,545000000.0
0.011627,0.375,261838.468,Thailand,2008-12-01,33.0,,107655.685,272577799257.354,0.0392354603811809,161.58737324745,264.0,0.0134,0.182,0.0704166666666667,76.778,70.031,0.9343030344786319,0.20528823852539102,0.71091682434082,0.0837949752807617,66185340,0.41418999999999995,Asia,22497000000.0,6700000000.0
0.016803000000000002,0.39899999999999997,127164.226,Vietnam,2008-12-01,39.0,,48984.249,99130304099.1274,0.0599619947439394,62.518382145272,1050.0,0.0218,0.23920000000000002,0.157835714285714,79.967,70.338,0.856964553058816,0.246689300537109,0.687800674438477,0.0655100631713867,85122300,0.29128,Asia,3930000000.0,1300000000.0
0.018614000000000002,0.617,11892.081,Sri Lanka,2008-12-01,40.0,,8941.904,40715240468.9375,0.0341471001536724,67.9753860060562,256.0,0.0101,0.057999999999999996,0.188916666666667,76.856,70.538,0.541866042335303,0.251529655456543,0.674034423828125,0.0744360065460205,20217000,0.18345,Asia,803000000.0,777000000.0
0.01214,0.799,7035443.861,China,2008-12-01,41.0,,2120813.901,4521827271025.62,0.0462859788752791,154.931776321952,464.0,0.0158,0.226,0.053099999999999994,75.889,73.333,0.477567162731978,0.18710517883300798,0.732217483520508,0.0806772994995117,1324655000,0.46539,Asia,44130000000.0,40987000000.0
0.025707999999999998,0.47100000000000003,75943.57,Philippines,2008-12-01,41.0,,40009.414,173602533345.577,0.0382972572263606,73.819879737871,195.0,0.026,0.0622,0.0875108333333333,71.382,64.62,0.7537478911858361,0.3602978515625,0.603750686645508,0.035951464176178,90371287,0.45793,Asia,3024000000.0,2553000000.0
0.021275,0.408,421.705,Bhutan,2008-12-01,46.0,,,1258193518.73133,0.0524342611253796,95.2704058026578,274.0,0.038299999999999994,0.0655,0.1375,66.228,65.71,0.3661427504374,0.312007789611816,0.644808502197266,0.0431866073608398,692159,0.33236,Asia,46000000.0,66000000.0
0.031411,0.8340000000000001,3032.609,Tajikistan,2008-12-01,62.0,,2472.991,5161336170.46084,0.0558486005376466,39.6206606408212,224.0,0.047700000000000006,0.08779999999999999,0.23672181759663702,70.026,63.346,0.5049337122617881,0.36524509429931595,0.59979434967041,0.0349601626396179,7275252,0.26483,Asia,23700000.0,10800000.0
0.021725,0.361,46435.221,Bangladesh,2008-12-01,73.0,,27873.15,79554350677.7438,0.0353824711266142,19.0262306287028,302.0,0.0434,0.025,0.16375,69.365,68.029,0.301682840815934,0.327315368652344,0.627801704406738,0.0448828983306885,147969967,0.28968,Asia,75000000.0,735000000.0
0.020767,0.375,412387.153,Indonesia,2008-12-01,77.0,,186604.824,510244548959.967,0.0280594493002667,61.1190283882082,266.0,0.0297,0.0791747938492903,0.135983333333333,71.731,67.737,0.600137248638744,0.300248203277588,0.650376739501953,0.049375057220459005,234243489,0.48327,Asia,8150000000.0,8801000000.0
0.028671,0.33399999999999996,1741.825,Lao PDR,2008-12-01,93.0,,,5443930124.55076,0.040945198293598,36.3084320421696,560.0,0.0632,0.0355,0.24,67.28,64.72,0.32938445482558004,0.3812841796875,0.581312294006348,0.0374041771888733,6139127,0.30839,Asia,280000000.0,51000000.0
0.026253,0.215,3975.028,Cambodia,2008-12-01,102.0,,3513.526,10351829065.6013,0.0545994986051858,40.5443501201074,137.0,0.0418,0.0051,,72.251,66.966,0.303934186663652,0.332105369567871,0.620132637023926,0.047762212753295896,13940518,0.19533,Asia,1280000000.0,180000000.0
0.017816,0.374,10582.962,Brunei Darussalam,2008-12-01,116.0,,3541.649,14393099068.5859,0.022121222521436,820.577381258566,144.0,0.0075,0.46,0.055,79.593,75.714,1.02793692028957,0.275333290100098,0.6905110168457029,0.0341557192802429,388017,0.7474599999999999,Asia,242000000.0,459000000.0
0.037031,0.326,190.684,Timor-Leste,2008-12-01,157.0,,,693800000.0,0.0862301144661654,54.599925845521,640.0,0.056,0.0016387681561855299,0.13109899177723,66.385,63.345,0.11902186539508901,0.476756820678711,0.49373954772949197,0.0295036196708679,1032182,0.28203,Asia,14000000.0,51000000.0
0.014495,,74685.789,"Korea, Dem. Rep.",2009-12-01,,,19357.504,,,,,0.0254,,,72.211,65.28,0.00284184242773378,0.23063720703125,0.6839618682861329,0.08540084838867189,24371865,0.60118,Asia,,
0.009170999999999999,,1301.785,"Macao SAR, China",2009-12-01,,,,21313263933.1019,,,,,0.54,0.0525,81.884,77.186,1.98877720626437,0.132865686416626,0.796191482543945,0.0709447717666626,521617,1.0,Asia,18445000000.0,983000000.0
0.018105,,10392.278,Myanmar,2009-12-01,,,14245.54,,0.0211005185897143,13.1527162578061,,0.044899999999999995,0.0022,0.17,66.484,62.403,0.00974001217295373,0.264611682891846,0.6848097229003911,0.0505786609649658,51540490,0.30881000000000003,Asia,75000000.0,52000000.0
0.021928999999999997,,48525.411,Turkmenistan,2009-12-01,,,19872.529,20214385964.9123,0.0212832644447607,86.409534449384,,0.052399999999999995,0.0195,,69.164,60.802,0.42838045359655297,0.297351932525635,0.660610809326172,0.042037677764892596,4978962,0.48109,Asia,,
0.0099,0.278,24766.918,Singapore,2009-12-01,2.5,,28262.439,192406441416.028,0.0447900326456835,1703.69697260522,84.0,0.0022,0.69,0.0538,83.7,78.9,1.38685884368267,0.17725397109985402,0.735152206420898,0.0875940132141113,4987600,1.0,Asia,9403000000.0,15685000000.0
0.013814,0.153,6057.884,Georgia,2009-12-01,3.0,,3095.523,10766836276.5639,0.10194219331702399,249.391606424369,387.0,0.0158,0.2007,0.178663166666667,77.266,69.987,0.644612599642861,0.17280229568481398,0.684069595336914,0.143127851486206,4410900,0.52723,Asia,537000000.0,311000000.0
0.011800000000000001,0.23,36996.363,"Hong Kong SAR, China",2009-12-01,6.0,,14933.405,214046415026.187,,,80.0,,0.6940000000000001,0.05,85.9,79.8,1.79781601928377,0.124317922592163,0.7489870452880859,0.126695003509521,6972800,1.0,Asia,20291000000.0,15669000000.0
0.039414000000000005,0.363,6523.593,Afghanistan,2009-12-01,7.0,,,12486950468.7364,0.0872704931049844,34.8827771399601,275.0,0.07690000000000001,0.0355,0.15,60.379,57.906,0.378949369729604,0.489645004272461,0.48912776947021497,0.021227154731750502,27708187,0.24312999999999999,Asia,96000000.0,61000000.0
0.022047,0.09300000000000001,1067.097,Maldives,2009-12-01,9.0,,,1984639640.86858,0.0764477348690378,474.633063489333,,0.0124,0.248,0.13,77.442,75.303,1.4320528061064899,0.306050186157227,0.644150009155273,0.0498091745376587,319660,0.38781,Asia,1473000000.0,212000000.0
0.017,0.409,42628.875,Azerbaijan,2009-12-01,10.0,,11937.174,44291490420.5026,0.0585024048219201,288.350460635115,376.0,0.0354,0.27399999999999997,0.200291666666667,73.415,67.319,0.863219495171854,0.231140727996826,0.708259506225586,0.0605999183654785,8947243,0.5318999999999999,Asia,545000000.0,488000000.0
0.0252,0.594,6479.589,Kyrgyz Republic,2009-12-01,11.0,,2484.284,4690062255.12247,0.0679492613455221,60.5267062487106,202.0,0.0285,0.17,0.2303,73.2,65.2,0.852219794128182,0.300801982879639,0.652732162475586,0.0464656925201416,5383300,0.35284,Asia,506000000.0,393000000.0
0.022678,0.243,11052.338,Mongolia,2009-12-01,13.0,,3252.271,4583834427.36474,0.0644438851151974,110.544798349521,192.0,0.0304,0.1,0.216669633454756,70.727,62.75,0.841629983725161,0.270572109222412,0.6913577270507809,0.038070924282074,2672223,0.6658,Asia,253000000.0,242000000.0
0.014201,0.386,4352.729,Armenia,2009-12-01,14.0,,2610.018,8647936747.98704,0.0454532196287875,132.431057740188,581.0,0.017,0.153,0.18764470594602098,77.535,70.815,0.738337700806629,0.20647546768188502,0.6856996154785161,0.107825269699097,2968154,0.6378900000000001,Asia,374000000.0,379000000.0
0.009,0.31,509375.636,"Korea, Rep.",2009-12-01,14.0,,229178.008,901934953364.711,0.0710180464637466,1204.37036338977,250.0,0.0037,0.816,0.0564916666666667,83.77,76.99,0.995416855765027,0.16799707412719703,0.724774627685547,0.107228288650513,49182038,0.8183499999999999,Asia,13304000000.0,16360000000.0
0.0233991666396563,0.948,116606.933,Uzbekistan,2009-12-01,15.0,,44830.678,32816828372.9753,0.053662950230337694,64.2408112094432,205.0,0.041299999999999996,0.17058216210434898,,71.122,64.523,0.599351785492121,0.303298416137695,0.652028961181641,0.0446726417541504,27767400,0.36235,Asia,99000000.0,
0.017631,0.342,203881.533,Malaysia,2009-12-01,18.0,,69857.86,202251384991.501,0.0391930078543102,285.246019041158,145.0,0.0070999999999999995,0.5589999999999999,0.0508416666666667,76.702,72.063,1.0846940827318199,0.281858425140381,0.670958557128906,0.0471830034255981,27790324,0.70075,Asia,17231000000.0,7196000000.0
0.022,0.34700000000000003,214086.794,Kazakhstan,2009-12-01,20.0,,63416.916,115308661142.927,0.044768131160515603,327.890041698983,271.0,0.0211,0.182,,73.5,63.6,1.08382149085543,0.24691358566284202,0.6848684692382809,0.0682180213928223,16092701,0.53908,Asia,1185000000.0,1319000000.0
0.027045000000000003,0.309,157890.019,Pakistan,2009-12-01,21.0,,83196.879,167874973609.977,0.030117550618163,27.5069448121438,560.0,0.07479999999999999,0.075,0.145375,66.811,65.152,0.554646434057912,0.359725227355957,0.597350730895996,0.0429240465164185,170093999,0.36201,Asia,950000000.0,1098000000.0
0.0085,0.5529999999999999,1100650.05,Japan,2009-12-01,22.0,,472173.785,5035142154900.72,0.0952575078145777,3746.15365628484,355.0,0.0024,0.78,0.017233333333333302,86.44,79.59,0.9131743648466759,0.133772277832031,0.6433567810058589,0.22287094116210898,127557958,0.89743,Asia,12537000000.0,34788000000.0
0.021588999999999997,0.66,1982262.856,India,2009-12-01,30.0,,698359.686,1365372433342.03,0.0393401185137768,44.2359211743562,271.0,0.048299999999999996,0.0512,0.121875,67.169,63.741,0.44120091078273,0.305656490325928,0.6443422698974609,0.050001220703125,1190138069,0.30587,Asia,11136000000.0,9310000000.0
0.024058,0.325,3505.652,Nepal,2009-12-01,31.0,,9986.224,12899651883.5748,0.0598400167160458,28.7297129312972,338.0,0.037899999999999996,0.0197,0.08,67.753,65.604,0.21088310492887502,0.377423515319824,0.574230613708496,0.0483459329605103,26544943,0.16483,Asia,439000000.0,572000000.0
0.011319000000000001,0.369,276587.142,Thailand,2009-12-01,32.0,,107300.223,263711244888.554,0.041124802591944704,163.631834196188,264.0,0.0129,0.201,0.059625000000000004,77.028,70.31,0.995096030943308,0.198938255310059,0.714887237548828,0.0861744976043701,66277335,0.42744,Asia,19814000000.0,5749000000.0
0.01213,0.638,7692210.895,China,2009-12-01,38.0,,2286136.637,4990233518751.65,0.051457216991671,188.98104243313,464.0,0.0147,0.289,0.053099999999999994,76.049,73.477,0.552980834070778,0.18375234603881802,0.734225921630859,0.08202176094055179,1331260000,0.4788,Asia,42632000000.0,47108000000.0
0.032033,0.838,2893.263,Tajikistan,2009-12-01,38.0,,2333.384,4979481980.35098,0.059283210765897,39.6371563820407,224.0,0.0461,0.1007,0.225957772163607,70.21,63.594,0.657948093534975,0.361596450805664,0.604495468139648,0.0339076900482178,7447396,0.265,Asia,19500000.0,5800000.0
0.016646,0.39899999999999997,140057.398,Vietnam,2009-12-01,39.0,,53450.075,106014600963.957,0.0651774485660808,71.8136544074538,1050.0,0.0212,0.2655,0.10069,80.074,70.501,1.1136506047727002,0.240121078491211,0.694448165893555,0.0654307842254639,86025000,0.29758,Asia,3050000000.0,1100000000.0
0.018566,0.617,12830.833,Sri Lanka,2009-12-01,40.0,,9082.084,42067974595.4411,0.0334201050484428,68.2400167823113,256.0,0.0096,0.08779999999999999,0.156714583333333,76.845,70.629,0.791461203884366,0.251281852722168,0.672809753417969,0.0759084367752075,20450000,0.18333,Asia,754000000.0,735000000.0
0.025326,0.47100000000000003,74784.798,Philippines,2009-12-01,42.0,,38102.413,168333540385.114,0.0426311855190006,78.0997544857234,195.0,0.0255,0.09,0.08566166666666669,71.553,64.756,0.8226097224398821,0.35658660888671906,0.6068557739257809,0.036557629108428996,91886400,0.45524000000000003,Asia,2853000000.0,3251000000.0
0.021297999999999997,0.35,52328.09,Bangladesh,2009-12-01,42.5,,29131.033,89356650349.4064,0.0370506799068177,22.0689432272921,302.0,0.041100000000000005,0.031,0.146,69.799,68.399,0.34353344512588696,0.322016296386719,0.632468452453613,0.0455152750015259,149503100,0.29709,Asia,77000000.0,651000000.0
0.020876000000000002,0.408,388.702,Bhutan,2009-12-01,46.0,,,1264758197.96593,0.045883170302469495,82.3707578809241,274.0,0.0362,0.0717,0.1375,66.794,66.235,0.48107564914511797,0.304545364379883,0.651332321166992,0.0441251182556152,704542,0.34009999999999996,Asia,51000000.0,34000000.0
0.020435,0.37799999999999995,453105.521,Indonesia,2009-12-01,63.0,,199781.517,539579955780.062,0.0282545943450218,64.1956131925861,266.0,0.0286,0.0692,0.144983333333333,71.987,67.977,0.689204184042257,0.299688606262207,0.6506271362304691,0.049684286117553704,237486894,0.49124,Asia,6053000000.0,6908000000.0
0.028532,0.32299999999999995,1811.498,Lao PDR,2009-12-01,93.0,,,5832882921.50595,0.0361090519814121,33.6027524917238,362.0,0.0611,0.06,0.24775,67.764,65.172,0.516059111980151,0.374242820739746,0.588413963317871,0.0373435211181641,6267968,0.31984999999999997,Asia,271000000.0,91000000.0
0.026265999999999998,0.217,4052.035,Cambodia,2009-12-01,102.0,,4907.023,10401935531.8245,0.062600390011901,46.0371782577851,173.0,0.039299999999999995,0.0053,,72.87,67.556,0.44314905906827695,0.32428676605224604,0.626651153564453,0.0490620040893555,14144225,0.19666,Asia,1208000000.0,163000000.0
0.017280999999999998,0.303,9094.16,Brunei Darussalam,2009-12-01,116.0,,3042.806,10732366286.2643,0.028160190274993103,766.307965764324,144.0,0.0076,0.49,0.055,79.777,75.913,1.04686105476673,0.270519771575928,0.6942646789550779,0.0352129817008972,394400,0.75134,Asia,254000000.0,477000000.0
0.036747999999999996,0.11,183.35,Timor-Leste,2009-12-01,157.0,,,826700000.0,0.0676075492450197,50.0676660746671,276.0,0.0536,0.00185251509799805,0.111653013816104,66.942,63.908,0.329725584974878,0.475818710327148,0.493980865478516,0.030202286243438698,1049156,0.28850000000000003,Asia,16000000.0,69000000.0
0.014407999999999999,,71623.844,"Korea, Dem. Rep.",2010-12-01,,,18793.604,,,,,0.0248,,,72.45,65.515,0.0176289727728228,0.226659564971924,0.685563125610352,0.08777731895446779,24500520,0.6021,Asia,,
0.009481,,1030.427,"Macao SAR, China",2010-12-01,,,,28359706123.0951,,,,,0.55198,0.0525,82.068,77.431,2.0991515564151397,0.127225389480591,0.800761642456055,0.0720129585266113,534626,1.0,Asia,28214000000.0,1237000000.0
0.017896000000000002,,8995.151,Myanmar,2010-12-01,,,13997.323,,0.0192028226984151,15.1899737521826,,0.0437,0.0025,0.17,66.683,62.583,0.011438203727541101,0.260713348388672,0.688354949951172,0.050931682586669906,51931231,0.31405,Asia,91000000.0,53000000.0
0.021796,,53054.156,Turkmenistan,2010-12-01,,,22674.65,22148070175.4386,0.0213122282752481,95.4580840184555,,0.051,0.03,,69.314,60.927,0.63419816957375,0.292298183441162,0.666476898193359,0.0412249517440796,5041995,0.48402,Asia,,
0.009300000000000001,0.254,13520.229,Singapore,2010-12-01,2.5,,34279.586,236420337242.775,0.041495541334579604,1892.98320963036,84.0,0.0022,0.71,0.0538,84.0,79.2,1.4539565018018399,0.173422985076904,0.736465225219727,0.09011178970336911,5076700,1.0,Asia,14178000000.0,18700000000.0
0.013815,0.153,6241.234,Georgia,2010-12-01,3.0,,3122.293,11638536861.8315,0.100515836667792,266.558371402634,387.0,0.0146,0.26899999999999996,0.15845075,77.403,70.124,0.906479269136874,0.172981185913086,0.684844665527344,0.14217414855957,4452800,0.52869,Asia,737000000.0,329000000.0
0.0126,0.23,36288.632,"Hong Kong SAR, China",2010-12-01,6.0,,13838.015,228637697575.04,,,80.0,,0.72,0.05,86.0,80.1,1.95669219183053,0.12143971443176299,0.7495922088623049,0.12896803855896,7024200,1.0,Asia,27208000000.0,17503000000.0
0.037952,0.363,8236.082,Afghanistan,2010-12-01,7.0,,,15936784436.1811,0.08652738189079401,43.2831778292956,275.0,0.07529999999999999,0.04,0.15689999999999998,60.877,58.384,0.457781747410681,0.48602897644042997,0.492320709228516,0.0216502952575684,28397812,0.24689,Asia,138000000.0,86000000.0
0.0183,0.409,45731.157,Azerbaijan,2010-12-01,8.0,,11585.817,52902703376.1056,0.0533360009669139,310.286649636373,306.0,0.0338,0.46,0.207,73.609,67.442,1.00059320146045,0.22693458557128898,0.713826293945313,0.0592391109466553,9054332,0.53401,Asia,792000000.0,856000000.0
0.022236000000000002,0.09300000000000001,1074.431,Maldives,2010-12-01,9.0,,,2134104883.7014,0.057872135533016504,379.21092778265,,0.0112,0.26530000000000004,0.10376049999999999,77.865,75.759,1.51783883031312,0.299747619628906,0.65015625,0.0500961017608643,325694,0.39984000000000003,Asia,1713000000.0,252000000.0
0.0268,0.306,6398.915,Kyrgyz Republic,2010-12-01,10.0,,2805.197,4794357795.07139,0.0665733620794667,59.8355678840547,202.0,0.026699999999999998,0.184,0.3154,73.5,65.3,0.988986962112383,0.300459880828857,0.655234527587891,0.0443056106567383,5447900,0.35302999999999995,Asia,336000000.0,398000000.0
0.022931,0.243,11510.713,Mongolia,2010-12-01,13.0,,3454.212,6200357070.1148,0.06265469205295089,143.210083055326,192.0,0.0293,0.102,0.200687801614724,70.985,62.999,0.925437694314748,0.269532470703125,0.692326736450195,0.0381407999992371,2712738,0.6756699999999999,Asia,288000000.0,319000000.0
0.01414,0.386,4220.717,Armenia,2010-12-01,14.0,,2483.124,9260287416.06014,0.045622590639913294,142.560562022951,581.0,0.0162,0.25,0.192004283143122,77.657,70.946,1.3043223274133,0.205149593353271,0.6893729400634769,0.105477447509766,2963496,0.6358,Asia,456000000.0,466000000.0
0.0094,0.28800000000000003,567567.259,"Korea, Rep.",2010-12-01,14.0,,249963.506,1094499350178.46,0.0729105849017992,1497.58546958354,250.0,0.0035,0.8370000000000001,0.0551166666666666,84.07,77.2,1.04774246283547,0.16242015838623,0.726801681518555,0.110778150558472,49410366,0.8193600000000001,Asia,14398000000.0,20802000000.0
0.022699999999999998,0.956,104443.494,Uzbekistan,2010-12-01,15.0,,43746.864,39332770928.9426,0.0535125171050441,75.09109050723,205.0,0.0402,0.2,,71.25,64.629,0.7545030892061619,0.297718372344971,0.658378524780273,0.0439031362533569,28562400,0.36191,Asia,121000000.0,
0.017609000000000003,0.337,216804.041,Malaysia,2010-12-01,17.0,,72645.419,247533525517.698,0.0395365372932329,345.118318878687,145.0,0.0072,0.563,0.05,76.886,72.219,1.1974429756009,0.276833915710449,0.674766006469727,0.0484000539779663,28275835,0.7091200000000001,Asia,18152000000.0,8324000000.0
0.020934,0.35,56152.771,Bangladesh,2010-12-01,18.5,,30755.83,100360101353.939,0.036938930062165504,24.3664510724132,302.0,0.0389,0.037000000000000005,0.13,70.229,68.778,0.449453588152494,0.316638355255127,0.637265548706055,0.0460961008071899,151125475,0.30462,Asia,103000000.0,835000000.0
0.02253,0.28600000000000003,248728.943,Kazakhstan,2010-12-01,19.0,,74443.039,148047348240.643,0.0427664230014118,397.67626538422,271.0,0.0193,0.316,,73.32,63.51,1.2186700099810799,0.249126148223877,0.684362258911133,0.0665116214752197,16321581,0.53732,Asia,1236000000.0,1489000000.0
0.026643999999999998,0.309,161395.671,Pakistan,2010-12-01,21.0,,84311.28,177165635077.065,0.0299456552944713,29.9751516961908,560.0,0.0734,0.08,0.140425,66.994,65.3,0.572834198942732,0.35438385009765594,0.602393379211426,0.043222770690918004,173149306,0.36597999999999997,Asia,998000000.0,1370000000.0
0.0085,0.47600000000000003,1170715.419,Japan,2010-12-01,22.0,,499091.637,5495387182996.1,0.0958899099678597,4115.43022373997,355.0,0.0024,0.7820999999999999,0.0159833333333333,86.3,79.55,0.9680752449378179,0.132864475250244,0.637514038085938,0.229621505737305,127450459,0.90522,Asia,15356000000.0,39306000000.0
0.032553,0.84,2860.26,Tajikistan,2010-12-01,27.0,,2370.094,5642178579.58438,0.0598213454541039,44.2517303860486,224.0,0.044700000000000004,0.1155,0.241903157681596,70.376,63.776,0.7788892201539571,0.359130706787109,0.6078207397460941,0.0330485415458679,7627326,0.26516,Asia,32400000.0,17800000.0
0.021280999999999998,0.649,2008822.937,India,2010-12-01,29.0,,723743.182,1708458876830.18,0.0369013122439818,52.1797347916664,258.0,0.0464,0.075,0.08333349999999999,67.469,64.004,0.623900648719982,0.301722812652588,0.647598342895508,0.050678815841674794,1205624648,0.3093,Asia,14490000000.0,10490000000.0
0.023108,0.317,3755.008,Nepal,2010-12-01,31.0,,10218.359,15994094606.9709,0.058707464698283196,35.6553184008302,338.0,0.0362,0.0793,0.08,68.221,66.042,0.34252985619914705,0.371077690124512,0.5797000122070309,0.049222273826599106,26846016,0.16821999999999998,Asia,378000000.0,528000000.0
0.011026,0.369,295281.508,Thailand,2010-12-01,32.0,,117428.736,318907930075.712,0.038090927093117205,182.937837067398,264.0,0.0125,0.22399999999999998,0.05934999999999999,77.246,70.545,1.08017768536869,0.193324527740479,0.7179833984375,0.088692102432251,66402316,0.44079999999999997,Asia,23809000000.0,7151000000.0
0.025025,0.43799999999999994,81590.75,Philippines,2010-12-01,37.0,,40511.893,199589447424.074,0.0422977561042342,90.3452303594389,195.0,0.025,0.25,0.07672666666666669,71.726,64.901,0.8898361743156531,0.35283523559570296,0.610009613037109,0.037155172824859604,93444322,0.45255,Asia,3228000000.0,4194000000.0
0.018477,0.966,12709.822,Sri Lanka,2010-12-01,37.0,,9844.499,49567521669.9098,0.0343256993518375,81.9591721112993,256.0,0.0092,0.12,0.10217416666666701,76.915,70.746,0.8362395495419069,0.251221332550049,0.671108627319336,0.07767003059387209,20653000,0.18321,Asia,1044000000.0,828000000.0
0.0119,0.635,8286891.952,China,2010-12-01,38.0,,2516731.199,5930502270317.42,0.0497627721955564,215.824467034441,358.0,0.0136,0.34299999999999997,0.0581,76.207,73.626,0.631702780188133,0.181426124572754,0.735073776245117,0.0835000991821289,1337705000,0.49226,Asia,50154000000.0,59840000000.0
0.016428,0.32899999999999996,150229.656,Vietnam,2010-12-01,38.0,,58911.929,115931749904.86,0.06928932149502699,82.8125682461231,941.0,0.0206,0.3065,0.13135249999999998,80.174,70.681,1.25293051519518,0.234913311004639,0.6996945190429691,0.0653921985626221,86932500,0.30391999999999997,Asia,4450000000.0,1470000000.0
0.020524,0.408,476.71,Bhutan,2010-12-01,46.0,,,1585396256.12316,0.040793226876878294,90.2114612569787,274.0,0.0342,0.136,0.14,67.312,66.712,0.5499993723315371,0.297609691619873,0.657327880859375,0.0450624132156372,716939,0.34793,Asia,64000000.0,43000000.0
0.020051,0.322,433989.45,Indonesia,2010-12-01,50.0,,211296.133,709190823319.754,0.0291806931637952,85.9854645198276,266.0,0.027399999999999997,0.1092,0.132516666666667,72.232,68.202,0.877901449325222,0.29829074859619104,0.6516134643554691,0.0500958299636841,240676485,0.49924,Asia,7618000000.0,8432000000.0
0.028225999999999998,0.32299999999999995,1873.837,Lao PDR,2010-12-01,93.0,,,7181441151.89789,0.026168046260634303,29.3828651206153,362.0,0.059,0.07,0.22612500000000002,68.245,65.616,0.62594975728273,0.367702407836914,0.594951477050781,0.0373461103439331,6395713,0.33122999999999997,Asia,385000000.0,215000000.0
0.026225000000000002,0.214,4180.38,Cambodia,2010-12-01,102.0,,5023.944,11242266333.9246,0.058200018275953704,45.5484730693029,173.0,0.0373,0.0126,,73.379,68.038,0.567407111109688,0.318362331390381,0.631336631774902,0.050301041603088396,14364931,0.1981,Asia,1332000000.0,268000000.0
0.016788,0.17300000000000001,9160.166,Brunei Darussalam,2010-12-01,105.0,,3240.334,12369708858.9029,0.0273318412458163,844.070614417184,144.0,0.0078,0.53,0.055,79.956,76.115,1.08621485936256,0.265934200286865,0.6974678802490231,0.0365979385375977,400569,0.7551000000000001,Asia,,
0.036445,0.11,183.35,Timor-Leste,2010-12-01,110.0,,,934300000.0,0.0562560124328648,45.6062221316411,276.0,0.0515,0.0021,0.1102887752561,67.5,64.463,0.43820464125249003,0.47325675964355496,0.49585807800292997,0.030885171890258797,1066409,0.29507,Asia,31000000.0,68000000.0
0.014372,,,"Korea, Dem. Rep.",2011-12-01,,,19037.346,,,,,0.0238,,,72.746,65.801,0.0405987652047958,0.22306085586547902,0.686853866577148,0.09008528709411619,24631291,0.60316,Asia,,
0.009747,,,"Macao SAR, China",2011-12-01,,,,36634742798.942,,,,,0.602036967182195,0.0525,82.248,77.683,2.47711604714083,0.123803262710571,0.802069625854492,0.07412709236145021,546278,1.0,Asia,38976000000.0,1476000000.0
0.017674,,,Myanmar,2011-12-01,,,14056.104,,0.018300352030172398,18.9922064496827,,0.0424,0.0098,0.163333333333333,66.872,62.751,0.0237555085873342,0.256757907867432,0.6919683837890631,0.051273713111877395,52350763,0.31934999999999997,Asia,293000000.0,132000000.0
0.02166,,,Turkmenistan,2011-12-01,,,24710.126,29233333333.3333,0.020719141377111398,113.854269690424,,0.0495,0.05,,69.464,61.068,1.0378587368515,0.28875070571899397,0.670516662597656,0.0407322359085083,5106668,0.48707,Asia,,
0.013713,0.165,,Georgia,2011-12-01,2.0,,3542.648,14434619972.4072,0.093821886296418,309.605123681218,387.0,0.0135,0.3152,0.149951666666667,77.536,70.261,1.0128292411046,0.174120178222656,0.683800735473633,0.14207953453064,4483350,0.53016,Asia,1069000000.0,384000000.0
0.0135,0.23,,"Hong Kong SAR, China",2011-12-01,2.5,,14893.6,248514003083.248,,,80.0,,0.722,0.05,86.7,80.3,2.15503809770616,0.119234523773193,0.748751983642578,0.13201361656189,7071600,1.0,Asia,33169000000.0,19172000000.0
0.0095,0.271,,Singapore,2011-12-01,2.5,,33446.924,274065043105.538,0.0419159488814931,2144.33821936401,84.0,0.0022,0.71,0.0538,84.1,79.5,1.50116049453573,0.169197807312012,0.7373805999755859,0.0934215927124023,5183700,1.0,Asia,18082000000.0,21437000000.0
0.0094,0.287,,"Korea, Rep.",2011-12-01,5.5,,260439.595,1202463655509.6,0.07380982528861631,1652.47348482387,225.0,0.0034,0.837591201534472,0.057575,84.45,77.65,1.07744610183237,0.157268705368042,0.728327255249023,0.11440408706665,49779440,0.82037,Asia,17467000000.0,22209000000.0
0.01762,0.34,,Malaysia,2011-12-01,6.0,,75907.337,289258937258.632,0.0383699664048667,384.159502796933,133.0,0.0073,0.61,0.04915,77.067,72.384,1.27477801011497,0.271688842773438,0.678419876098633,0.049891357421875,28758968,0.71735,Asia,19649000000.0,10180000000.0
0.036556,0.363,,Afghanistan,2011-12-01,7.0,,,17870159081.5143,0.0844979325054471,48.1989261186494,275.0,0.0736,0.05,0.151458333333333,61.352,58.84,0.60326319991974,0.48077774047851596,0.49705062866210903,0.0221716666221619,29105480,0.25074,Asia,137000000.0,127000000.0
0.014033,0.38799999999999996,,Armenia,2011-12-01,8.0,,2715.897,10142342769.9464,0.0371354490508864,127.063647425709,500.0,0.0154,0.32,0.177544737854169,77.768,71.06,1.08336200963524,0.20413646697998,0.6919297790527339,0.10393404960632299,2964120,0.63371,Asia,486000000.0,546000000.0
0.0192,0.4,,Azerbaijan,2011-12-01,8.0,,12560.911,65951627200.2026,0.050093250295687605,359.006411213954,225.0,0.0324,0.5,0.18988333333333302,73.731,67.523,1.099720704266,0.22407924652099598,0.717940216064453,0.057980542182922395,9173082,0.53623,Asia,1500000000.0,1778000000.0
0.022292000000000003,0.09300000000000001,,Maldives,2011-12-01,9.0,,,2162990126.20789,0.0809605237150649,525.242729406796,,0.0101,0.34,0.10197221946706099,78.269,76.168,1.59791121928884,0.294492778778076,0.6554325103759769,0.050065670013427696,331964,0.41159,Asia,1868000000.0,256000000.0
0.027100000000000003,0.33399999999999996,,Kyrgyz Republic,2011-12-01,10.0,,3097.267,6197766118.59856,0.061797386436541306,70.8820735665819,210.0,0.0249,0.2,0.4021,73.7,65.7,1.16169188434212,0.300895042419434,0.656347579956055,0.0427571868896484,5514600,0.35342,Asia,689000000.0,566000000.0
0.022989000000000002,0.24600000000000002,,Mongolia,2011-12-01,13.0,,3607.402,8761426370.55877,0.0597074897808311,189.935689552274,192.0,0.0282,0.12499991108474501,0.166094364473738,71.211,63.233,1.0682969230004,0.269532566070557,0.692355575561523,0.0381114864349365,2754209,0.68538,Asia,258000000.0,404000000.0
0.0215,0.975,,Uzbekistan,2011-12-01,14.0,,47754.951,45324319955.3884,0.056258894193440406,90.5539515321848,205.0,0.039,0.302,,71.387,64.736,0.903737515960822,0.292960376739502,0.663734283447266,0.043305306434631305,29339400,0.36173,Asia,,
0.020614,0.35,,Bangladesh,2011-12-01,18.5,,31294.046,111905616039.486,0.0381425303220481,26.8089945722994,302.0,0.0368,0.05,0.1325,70.656,69.164,0.55192567230597,0.311198787689209,0.642174453735352,0.0466267871856689,152862431,0.31225,Asia,97000000.0,819000000.0
0.0225,0.28600000000000003,,Kazakhstan,2011-12-01,19.0,,78101.192,188048960311.225,0.039198680167293595,457.899804387612,188.0,0.0176,0.506,,73.81,64.16,1.5679465235366499,0.251685638427734,0.682637100219727,0.0656773614883423,16556600,0.53581,Asia,1524000000.0,1831000000.0
0.026181999999999997,0.34600000000000003,,Pakistan,2011-12-01,21.0,,84844.564,213685918598.93,0.030116923187490402,35.5875718703799,560.0,0.0721,0.09,0.144191666666667,67.171,65.439,0.618134599176268,0.348837814331055,0.6077156829833981,0.0434464931488037,176166353,0.37006999999999995,Asia,1123000000.0,1851000000.0
0.0083,0.484,,Japan,2011-12-01,22.0,,461467.843,5905630870455.11,0.09954744969175479,4640.67781543182,330.0,0.0023,0.790541135244739,0.0150091666666667,85.9,79.44,1.02002221094593,0.131986637115479,0.631328544616699,0.236684818267822,127817277,0.9124800000000001,Asia,12534000000.0,39760000000.0
0.032902,0.845,,Tajikistan,2011-12-01,24.0,,2395.212,6522732202.50748,0.0578462377498662,48.2820376722848,224.0,0.0434,0.1303,0.248368083176032,70.528,63.904,0.80922858404192,0.357802505493164,0.609777145385742,0.032420711517334,7814850,0.26533,Asia,39800000.0,8400000.0
0.020999,0.629,,India,2011-12-01,29.0,,749446.652,1880100141185.47,0.0392317067919439,61.7811059407308,254.0,0.044700000000000004,0.1007,0.101666666666667,67.744,64.258,0.7319803894819791,0.297953548431396,0.65072509765625,0.051321377754211396,1221156319,0.31276,Asia,17708000000.0,13699000000.0
0.022269999999999998,0.315,,Nepal,2011-12-01,29.0,,10391.019,18850351852.8989,0.0606289927219549,41.4714562394085,326.0,0.0347,0.09,,68.681,66.472,0.49176228175145803,0.363808631896973,0.58619327545166,0.0499980354309082,27156367,0.17166,Asia,415000000.0,420000000.0
0.010747999999999999,0.369,,Thailand,2011-12-01,29.0,,119147.452,345672232115.625,0.0411986223325054,213.907918548956,264.0,0.012,0.23669925618731,0.0691416666666666,77.436,70.745,1.1633113100913999,0.18861881256103502,0.7200373840332029,0.09134379386901861,66576332,0.45394,Asia,30926000000.0,7320000000.0
0.020199,0.408,,Bhutan,2011-12-01,36.0,,,1840841618.28656,0.0372817280200401,93.7228408333117,274.0,0.0325,0.21,0.14,67.787,67.15,0.6637918152417851,0.291189403533936,0.6628033447265631,0.0460044765472412,729429,0.35585,Asia,76000000.0,58000000.0
0.02479,0.445,,Philippines,2011-12-01,36.0,,40452.031,224095219329.238,0.044275699377601604,104.697702086844,195.0,0.0245,0.29,0.0666325,71.899,65.051,0.9909141423260689,0.34908187866210905,0.613192138671875,0.037725958824157704,95053437,0.45017,Asia,4026000000.0,5807000000.0
0.018332,1.129,,Sri Lanka,2011-12-01,37.0,,10420.692,59178013927.8285,0.032811281910601,92.8051619511812,256.0,0.0089,0.15,0.09411875,77.058,70.891,0.875459080323502,0.2513205909729,0.668922271728516,0.0797569227218628,20869000,0.18309,Asia,1421000000.0,926000000.0
0.01193,0.635,,China,2011-12-01,38.0,,2727727.645,7321891954612.71,0.051459959712875,273.810880330511,358.0,0.0126,0.38299999999999995,0.06559999999999999,76.365,73.782,0.7207132090453641,0.18013614654541002,0.734779281616211,0.0850845432281494,1344130000,0.50573,Asia,53313000000.0,79010000000.0
0.016157,0.4,,Vietnam,2011-12-01,38.0,,61209.931,135539487317.008,0.0679633683417099,93.48559543473,941.0,0.02,0.3507,0.169538333333333,80.271,70.874,1.41599870213696,0.23117780685424802,0.703423309326172,0.06539888858795169,87840000,0.31029,Asia,5710000000.0,1710000000.0
0.019632999999999998,0.322,,Indonesia,2011-12-01,48.0,,209008.516,845931645338.696,0.0286264121211869,99.3747169418035,266.0,0.0264,0.11109999999999999,0.12403333333333301,72.468,68.414,1.02462649564058,0.295938549041748,0.653435134887695,0.0506262874603271,243801639,0.50712,Asia,9038000000.0,8653000000.0
0.027781,0.319,,Lao PDR,2011-12-01,93.0,,,8254088066.90641,0.0280308360544008,35.4868904331265,362.0,0.0571,0.09,,68.722,66.053,0.8404519395937691,0.36163768768310495,0.600942230224609,0.037420220375061,6521314,0.34252000000000005,Asia,413000000.0,248000000.0
0.036153,0.11,,Timor-Leste,2011-12-01,94.0,,,1128300000.0,0.0464770494683776,46.2523588160175,276.0,0.0496,0.009000000000000001,0.110429658030163,68.054,65.004,0.560206988460202,0.468893814086914,0.499568099975586,0.0315399265289307,1120392,0.30171,Asia,24000000.0,63000000.0
0.016336,0.168,,Brunei Darussalam,2011-12-01,101.0,,3832.224,16691360399.1059,0.022339838394045502,917.277050838475,96.0,0.0079,0.56,0.055,80.133,76.322,1.09015478017869,0.261645412445068,0.700008850097656,0.0383383512496948,406512,0.75872,Asia,,
0.026109,0.214,,Cambodia,2011-12-01,102.0,,5333.219,12829541141.0175,0.0555971630690175,48.8355771289414,173.0,0.0355,0.031,,73.798,68.435,0.94188210185746,0.31448175430297903,0.634067802429199,0.051450710296630904,14605862,0.19967,Asia,1790000000.0,333000000.0
0.014364,,,"Korea, Dem. Rep.",2012-12-01,,,,,,,,0.022699999999999998,,,73.065,66.106,0.0686502884846652,0.219808616638184,0.687907333374023,0.0922840023040771,24763188,0.60436,Asia,,
0.009977999999999999,,,"Macao SAR, China",2012-12-01,,,,42981497743.9852,,,,,0.6131,0.0525,82.426,77.939,2.89782015614701,0.12232593536377,0.80048957824707,0.0771844673156738,556783,1.0,Asia,44455000000.0,1711000000.0
0.021504000000000002,,,Turkmenistan,2012-12-01,,,,35164210526.3158,0.0197831474136584,128.800424619377,,0.048100000000000004,0.07195800000000001,,69.615,61.217,1.14055261900845,0.28648458480835,0.6729890441894529,0.0405263471603394,5172931,0.49023000000000005,Asia,,
0.013542,0.165,,Georgia,2012-12-01,2.0,9.0,,15846484587.9004,0.0917794429534412,333.347546488837,280.0,0.0125,0.36939999999999995,0.1480845,77.667,70.4,1.07809112022692,0.176172180175781,0.6811305999755859,0.142696294784546,4490700,0.53162,Asia,1565000000.0,471000000.0
0.0101,0.276,,Singapore,2012-12-01,2.5,1.0,,286908399901.813,0.04652855860351521,2426.06512759092,82.0,0.0022,0.72,0.0538,84.5,79.9,1.52125181774847,0.164751739501953,0.737831802368164,0.0974166107177734,5312400,1.0,Asia,19261000000.0,22412000000.0
0.0128,0.23,,"Hong Kong SAR, China",2012-12-01,2.5,2.0,,262630086122.428,,,78.0,,0.7290000000000001,0.05,86.4,80.7,2.2924462540566197,0.117724809646606,0.746515502929688,0.135759944915771,7154600,1.0,Asia,38021000000.0,20246000000.0
0.0096,0.29,,"Korea, Rep.",2012-12-01,5.5,6.0,263002.232,1222807167488.95,0.0753688358336749,1702.58155777769,207.0,0.0033,0.840732264956751,0.0539583333333334,84.8,78.1,1.09431614183248,0.152527160644531,0.729354858398438,0.118117942810059,50004441,0.8214100000000001,Asia,19653000000.0,22386000000.0
0.017641999999999998,0.245,,Malaysia,2012-12-01,6.0,8.0,,305032745224.598,0.039452027949158,409.533273349464,133.0,0.0073,0.6579999999999999,0.0478583333333333,77.245,72.554,1.4132969620615001,0.26652648925781297,0.6818589019775391,0.0516146659851074,29239927,0.72526,Asia,20251000000.0,11545000000.0
0.035254,0.363,,Afghanistan,2012-12-01,7.0,170.0,,20506795254.3514,0.0864598901289595,51.4560220565222,275.0,0.072,0.054545454545454494,0.15,61.806,59.274,0.6545219345575071,0.474154357910156,0.503073348999023,0.0227722239494324,29824536,0.25468,Asia,116000000.0,80000000.0
0.013884,0.38799999999999996,,Armenia,2012-12-01,8.0,40.0,,9958217880.33776,0.0448562388574633,150.325494486997,380.0,0.0146,0.39159999999999995,0.172300682381835,77.872,71.166,1.11914663156714,0.203449821472168,0.693447570800781,0.10310260772705099,2969081,0.63161,Asia,487000000.0,556000000.0
0.0188,0.4,,Azerbaijan,2012-12-01,8.0,71.0,,68730906313.6456,0.053938318788591504,398.243148039549,214.0,0.031100000000000003,0.542,0.183458333333333,73.819,67.583,1.08768338113854,0.22246417999267598,0.7206813049316411,0.056854801177978496,9295784,0.53856,Asia,2634000000.0,2616000000.0
0.018126999999999997,0.5529999999999999,,Sri Lanka,2012-12-01,8.0,83.0,,59393056426.3323,0.031469426732482,88.6316253827617,254.0,0.0085,0.182854,0.132816666666667,77.237,71.05,0.9163310874595859,0.251517028808594,0.6663626861572269,0.0821201515197754,20328000,0.18297,Asia,1756000000.0,1219000000.0
0.022201000000000002,0.268,,Maldives,2012-12-01,9.0,81.0,,2113179303.61211,0.0849732155326912,557.998435641552,252.0,0.0092,0.389301,0.104838045042368,78.652,76.547,1.6562572021203,0.290259475708008,0.659932861328125,0.049807648658752396,338442,0.42302999999999996,Asia,1873000000.0,270000000.0
0.027600000000000003,0.33399999999999996,,Kyrgyz Republic,2012-12-01,10.0,70.0,,6605133551.04299,0.0712812634676852,84.3116918291198,210.0,0.0232,0.21719999999999998,0.1275,74.1,66.1,1.24179530464014,0.30208141326904303,0.656183471679688,0.041735315322876006,5607200,0.35403,Asia,750000000.0,738000000.0
0.022887,0.24600000000000002,,Mongolia,2012-12-01,12.0,80.0,,10321968594.7799,0.0631485949505307,231.943033351374,192.0,0.0272,0.16399999999999998,0.181138144349254,71.416,63.457,1.2069459363972799,0.270511474609375,0.691460418701172,0.0380273938179016,2796484,0.6947199999999999,Asia,480000000.0,420000000.0
0.021,0.985,,Uzbekistan,2012-12-01,12.0,156.0,,51183443224.9939,0.0589448904949492,105.474331960876,205.0,0.0378,0.36521299999999995,,71.527,64.844,0.7103391446179821,0.288974514007568,0.668155899047852,0.042869553565979004,29774500,0.36182000000000003,Asia,,
0.020311,0.35,,Bangladesh,2012-12-01,18.5,132.0,,116033894877.855,0.0359843880647501,25.9937906959068,302.0,0.0349,0.0575,0.13,71.078,69.549,0.628202390649473,0.305736503601074,0.647138214111328,0.0471253204345703,154695368,0.31989999999999996,Asia,110000000.0,829000000.0
0.022600000000000002,0.28600000000000003,,Kazakhstan,2012-12-01,19.0,53.0,,203517198088.691,0.041835335828391,521.054510688399,188.0,0.016,0.533156691222464,,74.33,64.84,1.85821562895081,0.254572486877441,0.679884033203125,0.06554359436035159,16791425,0.5345799999999999,Asia,1572000000.0,2119000000.0
0.025704,0.34600000000000003,,Pakistan,2012-12-01,21.0,106.0,,224880171658.255,0.0314686183761203,39.3899185379337,560.0,0.0706,0.09960000000000001,0.13519166666666702,67.344,65.571,0.670636093767546,0.34320610046386696,0.6131783294677731,0.043615584373474105,179160111,0.37427999999999995,Asia,1014000000.0,1801000000.0
0.008199999999999999,0.494,,Japan,2012-12-01,22.0,23.0,451500.779,5937766585287.84,0.10073294830583199,4751.60843367895,330.0,0.0022,0.8625,0.014074999999999999,86.41,79.94,1.08733316189089,0.13113460540771502,0.62488842010498,0.24397699356079103,127561489,0.9190200000000001,Asia,16197000000.0,40967000000.0
0.033054,0.845,,Tajikistan,2012-12-01,24.0,141.0,,7633049792.09321,0.0575793451318951,54.8767368840065,224.0,0.0421,0.1451,0.251866287739858,70.673,64.004,0.8150840492996,0.357514991760254,0.610497093200684,0.0319879293441772,8008990,0.26568,Asia,60400000.0,6800000.0
0.020723,0.628,,India,2012-12-01,27.0,131.0,,1858744737180.09,0.040465679440863295,61.3589281515207,243.0,0.0429,0.125800609138955,0.10604166666666699,68.002,64.505,0.699223897713815,0.294331684112549,0.65371467590332,0.051953601837158206,1236686732,0.31631,Asia,18340000000.0,14107000000.0
0.010486,0.37200000000000005,,Thailand,2012-12-01,29.0,18.0,,365965815820.015,0.0392967226451132,215.100424935815,264.0,0.0116,0.2646,0.070975,77.612,70.927,1.2729205469353801,0.184662570953369,0.721187362670898,0.09415007591247561,66785001,0.46682,Asia,37740000000.0,7864000000.0
0.021558,0.315,,Nepal,2012-12-01,29.0,103.0,,19206800719.3069,0.05463671875,35.8527794802465,326.0,0.0334,0.11149300000000001,,69.129,66.891,0.604513143282557,0.35575412750244095,0.593558769226074,0.050687084197998,27474377,0.17518,Asia,379000000.0,561000000.0
0.0121,0.637,,China,2012-12-01,33.0,99.0,,8229490030098.38,0.0541455871028789,321.686085562175,338.0,0.011699999999999999,0.423001174855995,0.06,76.522,73.94,0.807627145493731,0.179843711853027,0.7333599853515631,0.08679630279541019,1350695000,0.5188900000000001,Asia,54937000000.0,109898000000.0
0.015854,0.34299999999999997,,Vietnam,2012-12-01,34.0,98.0,,155820001920.492,0.0656913485144461,102.498543435986,872.0,0.0195,0.39490000000000003,0.13471666666666698,80.366,71.074,1.47656660080714,0.22871944427490198,0.705775146484375,0.0655054426193237,88772900,0.31668,Asia,6830000000.0,1856000000.0
0.02459,0.445,,Philippines,2012-12-01,36.0,133.0,,250182019476.324,0.045902195985788194,118.789319223834,193.0,0.024,0.36235100000000003,0.056795,72.072,65.203,1.0545109853949801,0.345333366394043,0.616371612548828,0.038294985294342,96706764,0.4481,Asia,4900000000.0,6839000000.0
0.019882999999999998,0.408,,Bhutan,2012-12-01,36.0,146.0,,1861157558.41271,0.037732563751751,90.4879193134332,274.0,0.031,0.25429999999999997,0.14,68.235,67.56,0.756097824006298,0.285343379974365,0.6676884460449221,0.0469708347320557,741822,0.36368,Asia,94000000.0,71000000.0
0.019204000000000002,0.322,,Indonesia,2012-12-01,48.0,116.0,,876719347689.156,0.0302931395204403,107.746206318815,259.0,0.0254,0.147,0.11795,72.697,68.617,1.14218130972264,0.29272970199585,0.655983123779297,0.0512871599197388,246864191,0.51488,Asia,9463000000.0,9498000000.0
0.017443,0.527,,Myanmar,2012-12-01,72.0,182.0,,,0.0178585808450423,19.792173144616,155.0,0.041,0.010690999999999999,0.13,67.055,62.911,0.07064027247292609,0.252782497406006,0.6955769348144529,0.0516405963897705,52797319,0.32469000000000003,Asia,,
0.027271999999999998,0.319,,Lao PDR,2012-12-01,92.0,163.0,,9386913252.55541,0.0288386360862299,40.2234142450528,362.0,0.0554,0.10747676189122,,69.195,66.483,0.64702256017197,0.35605094909667995,0.606386528015137,0.0375623679161072,6645827,0.35368,Asia,461000000.0,241000000.0
0.035914,0.11,,Timor-Leste,2012-12-01,94.0,167.0,,1355000000.0,0.0428925195791754,49.7685666098196,276.0,0.0479,0.009146999999999999,0.122102699177394,68.592,65.524,0.557397590534473,0.46330509185791,0.5045238113403321,0.032169291973114,1148958,0.30832,Asia,21000000.0,80000000.0
0.015922000000000002,0.168,,Brunei Darussalam,2012-12-01,101.0,79.0,,16953952625.403,0.0228398072230011,939.319349280421,96.0,0.008199999999999999,0.6027306504231931,0.055,80.307,76.532,1.13948738350176,0.257547817230225,0.702028961181641,0.040420823097229004,412238,0.76223,Asia,,
0.025917000000000003,0.214,,Cambodia,2012-12-01,102.0,135.0,,14054443213.4731,0.054249771539937604,51.3196909270754,173.0,0.0339,0.049400000000000006,,74.167,68.782,1.2852721147883401,0.312326984405518,0.635136566162109,0.0525365352630615,14864646,0.20137,Asia,2000000000.0,382000000.0
0.0107,,575.719,Andorra,2005-12-01,,,,2539759285.92747,0.0577073446488778,2355.66023956314,,0.0031,0.376057662174867,,,,0.794848749738375,,,,81223,0.90295,Europe,,
0.011944000000000001,,7502.682,Cyprus,2005-12-01,,,2219.333,16997801392.3755,0.0636908670347709,1434.11458333333,,0.004,0.3281,0.070925,80.777,76.529,0.757809034792259,0.199625988006592,0.693232345581055,0.10714168548584001,1032586,0.68268,Europe,2644000000.0,1001000000.0
,,766.403,Faeroe Islands,2005-12-01,,,,1730894295.38595,,,,,0.679026317413939,,82.1,77.1,0.855056248347133,,,,49157,0.39781,Europe,,
0.0114,,,Isle of Man,2005-12-01,,,,2915710378.28299,,,,,,,,,,,,,80345,0.51905,Europe,,
0.0209,,,Kosovo,2005-12-01,,,1945.785,3743116980.19185,,,,,,0.14003666271678,71.0,66.5,,,,,1705780,,Europe,,
0.011,,,Liechtenstein,2005-12-01,,,,3658356377.80983,,,,,0.633713561470216,,84.1,77.4,0.79168105929764,,,,34740,0.14739000000000002,Europe,,
0.0115,,11543.716,Luxembourg,2005-12-01,,,4381.946,37643013480.575,0.0794570111828738,6484.83694270347,,0.0028,0.7,,82.3,76.7,1.11390923168657,0.186225967407227,0.669562072753906,0.14421193122863799,465158,0.86598,Europe,3612000000.0,2977000000.0
0.0096,,2698.912,Malta,2005-12-01,,,881.417,5980795755.74103,0.09109859365709429,1393.8604231532,,0.006,0.41240000000000004,0.055083333333333304,81.4,77.3,0.781150918511767,0.17251480102539102,0.694360656738281,0.133124532699585,403834,0.93645,Europe,924000000.0,311000000.0
,,,Monaco,2005-12-01,,,,4280072625.97622,0.0400135653995018,4959.76755145,,0.0037,0.554648260561427,,,,0.508489115002366,,,,33808,1.0,Europe,,
0.012757999999999999,,2057.187,Montenegro,2005-12-01,,,986.5,2257181942.54446,0.08701355780716251,319.052215391524,,0.0095,0.271,,76.103,71.167,0.882108408301127,0.20130395889282202,0.669635620117188,0.129060440063477,615820,0.622,Europe,,
0.0095,,,San Marino,2005-12-01,,,,1375416604.48689,0.052567868066947805,3399.23361184405,,0.0037,0.502595641966736,0.07175,85.1,79.0,0.5759865659109991,,,,29775,0.9401900000000001,Europe,,
0.0144,0.264,2203.867,Iceland,2005-12-01,5.0,,3480.473,16286331747.0428,0.09606851656311059,5329.44636912507,140.0,0.0024,0.87,0.147775286625066,83.5,79.6,0.954044718529377,0.22052604675293,0.6619993591308589,0.117474603652954,296734,0.93037,Europe,635000000.0,991000000.0
0.0119,0.33299999999999996,47098.948,Denmark,2005-12-01,6.0,,18887.53,257675536234.494,0.0976996059555142,4652.17413120731,135.0,0.004,0.8273999999999999,,80.2,75.6,1.00581686814237,0.187337532043457,0.661180038452148,0.151482400894165,5419432,0.85856,Europe,5293000000.0,6850000000.0
0.019403,0.528,237368.577,Turkey,2005-12-01,6.0,,84379.093,482979839097.436,0.054488014686291296,366.027989266609,254.0,0.0257,0.15460000000000002,,75.962,69.063,0.6437407780210429,0.28499979019165,0.649427185058594,0.0655730581283569,67743052,0.67783,Europe,20760000000.0,3563000000.0
0.0128,0.6509999999999999,392071.973,France,2005-12-01,7.0,,270659.948,2136555737949.56,0.110173339358779,3749.89195772096,132.0,0.0038,0.42869999999999997,,83.8,76.7,0.782618958635053,0.184995613098145,0.6506452941894529,0.164359111785889,63176246,0.7713,Europe,51691000000.0,38813000000.0
0.0123,0.41100000000000003,42438.191,Norway,2005-12-01,8.0,,26770.97,304060069848.661,0.09534041177044139,6293.29739369662,87.0,0.0032,0.8199,0.0404,82.5,77.7,1.02812588390075,0.19636955261230502,0.6563523864746089,0.147278079986572,4623291,0.7748999999999999,Europe,4243000000.0,10400000000.0
0.0115,0.47700000000000004,172227.989,Netherlands,2005-12-01,9.0,,78823.911,638470626274.685,0.108819897079705,4261.02830657692,250.0,0.0045,0.81,0.0277083333333333,81.6,77.2,0.9712774476050591,0.184444141387939,0.675185012817383,0.140370874404907,16319868,0.8262999999999999,Europe,16528000000.0,16621000000.0
0.0104,0.5579999999999999,95675.697,Romania,2005-12-01,11.0,,38692.866,99172613715.9198,0.054750469450910305,251.100507376527,190.0,0.0182,0.215,0.19600833333333298,75.5667,68.3667,0.603897190392156,0.154953289031982,0.697376708984375,0.147670011520386,21319685,0.53174,Europe,1325000000.0,1073000000.0
0.0095,0.768,473380.364,Italy,2005-12-01,13.0,,183872.871,1786275014006.62,0.0874371988739745,2671.57958480518,340.0,0.0037,0.35,0.05313935,83.6,78.0,1.21864222632811,0.14090966224670398,0.6628367614746089,0.19625358581543,57969484,0.67738,Europe,38374000000.0,26774000000.0
0.012,0.34700000000000003,541986.267,United Kingdom,2005-12-01,13.0,,222637.851,2321357943508.92,0.0826677588678319,3161.16692847911,105.0,0.0050999999999999995,0.7,0.0464583333333333,81.2,77.0,1.08592021079486,0.17932300567627,0.660956573486328,0.159720401763916,60401206,0.79915,Europe,39411000000.0,72993000000.0
0.011,0.495,54645.634,Finland,2005-12-01,14.0,,34263.241,195777993334.328,0.0842946509220029,3151.472890831,269.0,0.0031,0.7448,,82.3,75.5,1.00450444955443,0.17359323501586899,0.666990356445313,0.15941637992858898,5246096,0.8290500000000001,Europe,3069000000.0,3622000000.0
0.009800000000000001,0.364,7176.319,Latvia,2005-12-01,16.0,,4528.115,16041840426.2666,0.0637419158650267,441.619387977434,320.0,0.0108,0.46,0.0610666666666667,77.4,65.6,0.84020311022065,0.147688570022583,0.680777893066406,0.171533508300781,2238799,0.68,Europe,446000000.0,655000000.0
0.0112,0.541,51561.687,Sweden,2005-12-01,16.0,,51569.035,370579722395.003,0.0906150304671632,3726.40379491007,122.0,0.003,0.8482999999999999,0.03314,82.8,78.4,1.0081767073307502,0.17410339355468799,0.653131713867188,0.17276487350463898,9029572,0.84319,Europe,7739000000.0,11380000000.0
0.0148,0.253,43534.624,Ireland,2005-12-01,18.0,,14330.198,202577741641.795,0.0757189621257984,3733.80615984436,76.0,0.0044,0.41609999999999997,0.026475,81.3,76.7,1.02693553297954,0.20586233139038101,0.6835121917724609,0.11062548637390099,4159914,0.6047699999999999,Europe,6780000000.0,6186000000.0
0.009800000000000001,0.28800000000000003,41374.761,Switzerland,2005-12-01,18.0,,25940.792,384754997463.545,0.108629420404899,5636.5504534205,63.0,0.0043,0.701,0.0311916666666667,83.9,78.7,0.922471940747844,0.16281600952148398,0.679005813598633,0.158178157806396,7437115,0.7347400000000001,Europe,11937000000.0,10579000000.0
0.009699999999999999,0.358,,Serbia,2005-12-01,23.0,,16050.951,25234408772.9975,0.0905257224657743,307.00631283136,279.0,0.0077,0.263,0.168317346156222,75.4,70.0,0.670197471884115,0.181381664276123,0.6791172027587891,0.139501094818115,7440769,0.5452600000000001,Europe,308000000.0,260000000.0
0.0095,0.5820000000000001,74238.415,Austria,2005-12-01,25.0,,33791.722,304983601949.958,0.10418699341144301,3863.12021604415,170.0,0.004,0.58,,82.2,76.6,1.0517558557250701,0.160278739929199,0.679113464355469,0.16060779571533199,8227829,0.6582399999999999,Europe,18471000000.0,11077000000.0
0.0092,0.512,13993.272,Lithuania,2005-12-01,26.0,,8847.55,26085307221.8514,0.0583432617099827,445.993592611169,166.0,0.0081,0.36219999999999997,0.0527166666666667,77.4,65.4,1.32453171521567,0.167321109771729,0.6812627410888671,0.151416187286377,3322528,0.66635,Europe,975000000.0,757000000.0
0.0101,0.48700000000000004,39174.561,Slovak Republic,2005-12-01,27.0,,18830.459,61328471583.1364,0.0704485117876798,626.608013679234,325.0,0.0083,0.5519,0.06675,77.9,70.1,0.842137301958698,0.167655162811279,0.715572814941406,0.116772012710571,5372807,0.5556300000000001,Europe,1282000000.0,1122000000.0
0.009563,0.214,23105.767,Croatia,2005-12-01,29.0,,8905.269,44821408830.902,0.0698561380678526,704.869607035162,232.0,0.0058,0.33140000000000003,0.11191116666666699,78.83,71.83,0.831583257326452,0.159934120178223,0.669525833129883,0.170540065765381,4442000,0.56406,Europe,7625000000.0,786000000.0
0.010199999999999999,0.6,1615687.534,Russian Federation,2005-12-01,29.0,,651711.627,764000901160.58,0.0521199559550972,276.660289271221,448.0,0.0144,0.152266731976522,0.106833333333333,72.4,58.87,0.833721442244162,0.151740617752075,0.7102227783203131,0.138036623001099,143113885,0.7346299999999999,Europe,7806000000.0,18305000000.0
0.011807,0.48,4895.445,Moldova,2005-12-01,30.0,,3500.388,2988172424.46608,0.09153353375889729,75.9725014155173,234.0,0.0189,0.146302704551796,0.192608333333333,71.861,64.049,0.289295918294211,0.18970703125,0.697963180541992,0.11232979774475099,3595187,0.45308,Europe,138000000.0,170000000.0
0.0095,0.43200000000000005,303598.264,Poland,2005-12-01,31.0,,92376.744,303912247950.845,0.0620760427620405,494.2042029496,418.0,0.0066,0.3881,0.06831298668499809,79.4,70.8,0.7633914499576341,0.164101676940918,0.7033969116210941,0.132501420974731,38165445,0.61452,Europe,7128000000.0,5894000000.0
0.0092,0.452,47909.355,Bulgaria,2005-12-01,32.0,,19898.194,28895083539.8005,0.0730680374111222,273.525932564471,616.0,0.0136,0.1997,0.0866098333333333,76.3,69.0,0.8127954473515421,0.136613550186157,0.689221115112305,0.17416530609130898,7739900,0.70584,Europe,3063000000.0,1858000000.0
0.0114,0.595,108524.865,Belgium,2005-12-01,34.0,,58687.882,377350395463.364,0.0998326142336909,3606.39576946186,156.0,0.0040999999999999995,0.5582,0.0672083333333333,81.9,76.2,0.914029489687935,0.17083995819091802,0.656547470092773,0.172612590789795,10478617,0.97397,Europe,10881000000.0,16771000000.0
0.009,0.573,333869.349,Ukraine,2005-12-01,34.0,,142883.029,86142018069.3504,0.06410436468744049,117.15223060688,2085.0,0.0125,0.03749764414659,0.161741666666667,73.97,62.23,0.636743535695868,0.146668853759766,0.695184707641602,0.158146467208862,47105150,0.6779000000000001,Europe,3542000000.0,3078000000.0
0.0106,0.503,16780.192,Estonia,2005-12-01,35.0,,5164.321,13905561150.0771,0.0500823667242011,512.507585236909,81.0,0.0058,0.6145,0.049284857922617,78.1,67.3,1.09070025778953,0.152825574874878,0.678687515258789,0.168486881256104,1354775,0.68735,Europe,1229000000.0,530000000.0
0.009699999999999999,0.54,98675.303,Greece,2005-12-01,38.0,,30247.521,240075690352.186,0.09661760676136771,2092.94090914684,264.0,0.0048,0.24,,81.8,76.8,0.929245487220107,0.143831777572632,0.670565567016602,0.185602645874023,11092913,0.74452,Europe,13453000000.0,3045000000.0
0.009699999999999999,0.5660000000000001,57916.598,Hungary,2005-12-01,38.0,,27582.994,110321711572.908,0.0844559677064738,922.733848781198,340.0,0.0072,0.3897,0.0854094532697993,76.9,68.6,0.923141168094498,0.15505651473999,0.687873306274414,0.157070188522339,10087065,0.66354,Europe,4761000000.0,2721000000.0
0.01,0.488,120735.975,Czech Republic,2005-12-01,40.0,,44940.856,130066444281.346,0.0693394326032652,882.410036276691,930.0,0.0044,0.3527,0.0577666666666667,79.1,72.9,1.15103537075677,0.147815933227539,0.711153793334961,0.1410302734375,10211216,0.73602,Europe,5772000000.0,2603000000.0
0.014474,0.5820000000000001,4253.72,Albania,2005-12-01,41.0,,2172.426,8376483740.48289,0.0627948851699994,160.292549571309,364.0,0.0182,0.0604389086404814,0.13075,79.349,72.985,0.478780274894951,0.26527957916259803,0.649339981079102,0.0853804397583008,2992724,0.46731,Europe,880000000.0,808000000.0
0.0083,0.47700000000000004,806703.33,Germany,2005-12-01,45.0,,335184.844,2766253792966.22,0.108089372415033,3624.23708418352,196.0,0.0039,0.6870999999999999,,81.8,76.2,0.9455486998672571,0.143279285430908,0.667322311401367,0.189398403167725,82469422,0.73355,Europe,40531000000.0,84838000000.0
0.0106,0.619,353462.13,Spain,2005-12-01,47.0,,141914.407,1130798885738.45,0.0828827102885963,2177.69413592714,298.0,0.0048,0.4788,,83.5,77.0,0.9840193058471689,0.144973239898682,0.6875208282470701,0.167505931854248,43653155,0.77263,Europe,53066000000.0,18441000000.0
0.011418,0.203,11279.692,"Macedonia, FYR",2005-12-01,48.0,,2842.333,5985809059.97008,0.08074328374320461,231.348158799501,192.0,0.0121,0.2645,0.12133333333333302,76.592,71.705,0.541139803755328,0.19761116027831999,0.6903643798828131,0.11202443122863799,2090044,0.5752700000000001,Europe,116000000.0,97000000.0
0.0104,0.43799999999999994,65309.27,Portugal,2005-12-01,54.0,,26467.183,191847858528.578,0.10353298498010301,1886.41850306638,328.0,0.0037,0.34990000000000004,,81.4,74.9,1.0890827646971,0.15603702545165998,0.672657241821289,0.171305732727051,10503330,0.57522,Europe,9008000000.0,3743000000.0
0.0091,0.392,15867.109,Slovenia,2005-12-01,60.0,,7292.559,35717733757.4551,0.08355565884347699,1494.0153243552,260.0,0.0035,0.4681,0.078,81.3,74.1,0.879462533787854,0.141824254989624,0.7029893493652339,0.155186424255371,2000474,0.50501,Europe,1894000000.0,1019000000.0
0.008338,0.428,25617.662,Bosnia and Herzegovina,2005-12-01,63.0,,5042.078,10948051122.2738,0.08711800206772381,245.810665213039,368.0,0.0072,0.21326701000773798,0.096125,77.826,72.528,0.41093754671598803,0.188997287750244,0.6796254730224609,0.131377220153809,3879828,0.39202,Europe,557000000.0,158000000.0
0.009300000000000001,1.3730000000000002,59064.369,Belarus,2005-12-01,79.0,,26874.405,30210091836.8294,0.0688635261056406,215.254673073054,987.0,0.0073,,0.11358333333333301,75.1,62.9,0.424171889618255,0.155368175506592,0.697935180664063,0.146696634292603,9663000,0.72354,Europe,346000000.0,516000000.0
0.0106,,546.383,Andorra,2006-12-01,,,,2823503852.62328,0.0604345104372198,2631.37706875326,,0.0029,0.48936846998947897,,,,0.842776359661443,,,,81877,0.89838,Europe,,
0.011862,,7788.708,Cyprus,2006-12-01,,,2308.429,18435765910.0111,0.0627810150701542,1494.40394511149,,0.0038,0.3583,0.0669416666666667,80.907,76.655,0.827791100757979,0.194803276062012,0.696655807495117,0.10854000091552701,1048314,0.68125,Europe,2691000000.0,1031000000.0
,,766.403,Faeroe Islands,2006-12-01,,,,1970135198.76236,,,,,0.69359445124439,,82.4,77.3,1.01115068604039,,,,49414,0.40147,Europe,,
,,,Isle of Man,2006-12-01,,,,3437450711.55028,,,,,,,,,,,,,81068,0.51922,Europe,,
0.019100000000000002,,,Kosovo,2006-12-01,,,1966.29,3918176307.9609,,,,,,0.145675700569283,71.2,66.8,,,,,1719536,,Europe,,
0.0103,,,Liechtenstein,2006-12-01,,,,3988775843.87205,,,,,0.642141613630526,,83.1,78.9,0.820914696813977,,,,35028,0.14684,Europe,,
0.009300000000000001,,2574.234,Malta,2006-12-01,,,833.783,6390123590.13841,0.0902030937484395,1445.28695291728,,0.005900000000000001,0.40409999999999996,0.056541666666666705,82.0,77.0,0.832415551245367,0.16787010192871102,0.6960205078125,0.13611180305481,405308,0.93875,Europe,966000000.0,362000000.0
,,,Monaco,2006-12-01,,,,4663488363.0977,0.0381939854210175,5114.97500273379,,0.0036,0.614760397135217,,,,0.532660246152056,,,,34369,1.0,Europe,,
0.01,,,San Marino,2006-12-01,,,,1469075398.31891,0.050555406576246,3443.79549696219,,0.0036,0.502086593635889,0.06709244,85.1,79.4,0.57716561566545,,,,30130,0.9403100000000001,Europe,,
0.0145,0.265,2277.207,Iceland,2006-12-01,5.0,,4158.841,16651492783.5423,0.0937449146492843,5205.20061778046,140.0,0.0023,0.8951,0.179089798240679,82.9,79.5,1.00408722517651,0.217953186035156,0.664165802001953,0.11788434982299799,303782,0.93159,Europe,702000000.0,1084000000.0
0.012,0.315,55005.0,Denmark,2006-12-01,6.0,,20251.507,274376966576.02,0.0992431629402957,5017.08633255016,135.0,0.0039,0.8665,,80.4,75.9,1.07117064512767,0.18637628555297903,0.6600064086914059,0.153617687225342,5437272,0.86098,Europe,5562000000.0,7486000000.0
0.019047,0.524,261570.777,Turkey,2006-12-01,6.0,,93034.988,530900094651.427,0.0581085635532498,422.000595618281,254.0,0.024399999999999998,0.18239999999999998,,76.355,69.445,0.767383227812378,0.28122049331665,0.652233123779297,0.0665463924407959,68626337,0.6838200000000001,Europe,19137000000.0,3517000000.0
0.013099999999999999,0.65,382581.777,France,2006-12-01,7.0,,266793.215,2255706212515.77,0.10951585195723,3906.95805624963,132.0,0.0037,0.46869999999999995,,84.5,77.3,0.835343202408839,0.184574394226074,0.650773468017578,0.164652099609375,63617975,0.77377,Europe,54450000000.0,39331000000.0
0.0126,0.41100000000000003,44257.023,Norway,2006-12-01,7.0,,27128.905,340041735966.736,0.0924989487807462,6778.45581566004,87.0,0.0031,0.8255,0.047,82.7,78.1,1.04282019083789,0.19473701477050798,0.658171844482422,0.147090940475464,4660677,0.77889,Europe,4289000000.0,11273000000.0
0.01,0.43799999999999994,59108.373,Portugal,2006-12-01,7.0,,24698.319,201790440626.865,0.10032624953840501,1915.38839606919,328.0,0.0035,0.3801,,81.8,75.2,1.1603668928253699,0.15522647857666,0.6718376922607421,0.17293552398681603,10522288,0.58137,Europe,10438000000.0,4142000000.0
0.011300000000000001,0.446,167200.532,Netherlands,2006-12-01,8.0,,76829.67,677692043124.96,0.10746846076384299,4458.77122426483,250.0,0.0043,0.8370000000000001,0.0354166666666667,81.9,77.6,1.05619183609388,0.183014793395996,0.67476432800293,0.142220849990845,16346101,0.83636,Europe,17529000000.0,17453000000.0
0.0104,0.48200000000000004,102595.326,Romania,2006-12-01,11.0,,39936.089,122695850811.978,0.0508535310833638,289.075316917355,193.0,0.016800000000000002,0.2466,0.139816666666667,75.8,68.7,0.7247089777488379,0.151833581924438,0.699532928466797,0.148633451461792,21193760,0.53305,Europe,1676000000.0,1459000000.0
0.015300000000000001,0.253,43457.617,Ireland,2006-12-01,13.0,,14607.056,222762958291.143,0.0751480342003452,3981.52486370249,76.0,0.0040999999999999995,0.5482,,81.7,76.9,1.1098011312547,0.206390800476074,0.6830239105224609,0.110585775375366,4274137,0.6075200000000001,Europe,7664000000.0,6978000000.0
0.0095,0.754,469346.664,Italy,2006-12-01,13.0,,181830.17,1872983094034.62,0.0884006919345897,2818.18118264898,340.0,0.0037,0.3799,0.0562177916666667,84.2,78.5,1.3612111295538802,0.140717267990112,0.6614731597900391,0.197809562683105,58143979,0.6785599999999999,Europe,41644000000.0,27437000000.0
0.0123,0.34600000000000003,542041.272,United Kingdom,2006-12-01,13.0,,218960.651,2483010316107.11,0.08428851815652622,3422.56976519792,105.0,0.005,0.6881999999999999,0.0464583333333333,81.4,77.2,1.15600259824552,0.177936115264893,0.6616413879394529,0.160422554016113,60846820,0.80199,Europe,43803000000.0,77674000000.0
0.0112,0.47700000000000004,66196.684,Finland,2006-12-01,14.0,,37333.935,207949452679.315,0.08344824661418271,3301.82655050246,269.0,0.0029,0.7966,,82.8,75.8,1.0763471851812598,0.171715145111084,0.667128753662109,0.16115594863891602,5266268,0.83037,Europe,3515000000.0,4099000000.0
0.0103,0.364,7583.356,Latvia,2006-12-01,16.0,,4688.325,19935046397.2163,0.0679914294342282,590.132851314077,320.0,0.0101,0.5363,0.072925,76.5,65.5,0.9937820811255691,0.144154872894287,0.6808864593505859,0.17495775222778298,2218357,0.67967,Europe,622000000.0,788000000.0
0.011699999999999999,0.541,49570.506,Sweden,2006-12-01,16.0,,50206.82,399075706646.303,0.08947997609085469,3946.75723383909,122.0,0.0028,0.8776,,82.9,78.7,1.05691324345189,0.17166406631469702,0.654553375244141,0.173782634735107,9080505,0.8443,Europe,10016000000.0,11685000000.0
0.011295,0.203,10938.661,"Macedonia, FYR",2006-12-01,18.0,,2924.258,6560546900.04109,0.07832274301925579,245.672205917004,192.0,0.0116,0.2862,0.112916666666667,76.654,71.876,0.6036108493596101,0.19241083145141602,0.694376907348633,0.113211812973022,2093801,0.57369,Europe,156000000.0,110000000.0
0.009800000000000001,0.276,41877.14,Switzerland,2006-12-01,18.0,,27084.487,405182837674.298,0.103877220660434,5642.66747371437,63.0,0.004200000000000001,0.757,0.0303166666666667,84.0,79.1,0.993850711966199,0.160075149536133,0.680015716552734,0.159909286499023,7483934,0.73512,Europe,12852000000.0,11199000000.0
0.00958,0.358,53765.554,Serbia,2006-12-01,23.0,,17064.334,29221081586.6368,0.0941842017724295,371.333552391823,279.0,0.0073,0.272,0.1656,75.88,70.56,0.814644347616569,0.17824520111084,0.682209320068359,0.139545850753784,7411569,0.54793,Europe,416000000.0,322000000.0
0.0103,0.48200000000000004,122763.826,Czech Republic,2006-12-01,24.0,,45904.299,148374084905.974,0.0669370303457109,968.845650117831,930.0,0.004200000000000001,0.4793,0.0559366602166667,79.7,73.5,1.2074270071181201,0.145452718734741,0.711938858032227,0.142608308792114,10238905,0.73533,Europe,6702000000.0,2874000000.0
0.008199999999999999,0.474,808859.526,Germany,2006-12-01,24.0,,340492.109,2902749305068.43,0.106374087039198,3745.56953587961,196.0,0.0038,0.7216,,82.0,76.4,1.02282888829324,0.14104198455810502,0.664801864624023,0.194156150817871,82376451,0.73494,Europe,45538000000.0,85974000000.0
0.012634000000000001,0.304,2383.55,Montenegro,2006-12-01,24.0,,1117.651,2696020574.58286,0.0824965331689158,360.878736229219,372.0,0.0088,0.289,0.11154166666666701,76.17,71.408,1.04349003167686,0.19986740112304702,0.671037216186523,0.12909050941467298,616854,0.6238,Europe,,
0.0094,0.524,71565.172,Austria,2006-12-01,25.0,,33799.276,324954469985.96,0.10217660967940599,4015.86159114153,170.0,0.004,0.636,,82.7,77.1,1.12124675003349,0.157650728225708,0.678747024536133,0.163602600097656,8268641,0.6582899999999999,Europe,18886000000.0,11721000000.0
0.00933,0.214,23175.44,Croatia,2006-12-01,25.0,,8944.471,49855078905.4812,0.070341807424307,789.842490938192,196.0,0.0056,0.37979999999999997,0.0993333333333333,79.33,72.51,1.00379093687687,0.158245067596436,0.669840469360352,0.171914958953857,4440000,0.5660799999999999,Europe,8296000000.0,770000000.0
0.0096,0.47600000000000003,14293.966,Lithuania,2006-12-01,26.0,,8718.187,30246361656.8291,0.0619588569468358,552.026072246837,166.0,0.0077,0.439,0.051133333333333295,77.1,65.3,1.4567701992609,0.162526531219482,0.6846628570556641,0.15281064033508301,3269909,0.66706,Europe,1077000000.0,931000000.0
0.011699999999999999,0.204,11356.699,Luxembourg,2006-12-01,26.0,,4328.983,42544677906.1417,0.07749478830339,7028.54086124028,59.0,0.0026,0.7251000000000001,,81.9,76.8,1.52935700512002,0.184372253417969,0.6720118713378911,0.143607263565063,472637,0.87009,Europe,3636000000.0,3138000000.0
0.0116,0.593,106834.378,Belgium,2006-12-01,27.0,,58111.269,399965710785.108,0.0948110683156174,3607.62917764491,156.0,0.004,0.5972,0.0749166666666667,82.3,76.6,0.9300741584764479,0.16991212844848602,0.657870254516602,0.17221773147583,10547958,0.9744799999999999,Europe,11625000000.0,17891000000.0
0.01,0.473,38928.872,Slovak Republic,2006-12-01,27.0,,18640.418,69002095094.7184,0.0734768079474052,760.72452755006,325.0,0.0081,0.5608,0.0767333333333333,78.2,70.4,0.906591252522513,0.16305122375488298,0.7193063354492191,0.117643213272095,5373054,0.55412,Europe,1655000000.0,1230000000.0
0.0104,0.512,1669618.103,Russian Federation,2006-12-01,29.0,,670672.799,989930542278.684,0.053047863334675795,365.401607889184,448.0,0.0134,0.180232774617216,0.10425000000000001,73.23,60.37,1.04842205675325,0.148834896087646,0.7131256866455079,0.138039426803589,142487260,0.73508,Europe,9720000000.0,19478000000.0
0.011965,0.45899999999999996,4994.454,Moldova,2006-12-01,30.0,,3440.866,3408454197.89191,0.106251725875452,100.874184263481,232.0,0.018,0.196206477051634,0.181283333333333,71.972,64.201,0.365532771674434,0.18239578247070298,0.704528121948242,0.11307613372802701,3585209,0.45209000000000005,Europe,150000000.0,224000000.0
0.009800000000000001,0.43200000000000005,320004.422,Poland,2006-12-01,31.0,,97240.981,341669943593.876,0.0619324170708215,554.443861240639,418.0,0.0063,0.4458,0.0548424395546748,79.6,70.9,0.962069884866963,0.159919700622559,0.7069329071044921,0.133147411346436,38141267,0.61341,Europe,8122000000.0,7654000000.0
0.0096,0.41600000000000004,48943.449,Bulgaria,2006-12-01,32.0,,20458.799,33209188738.5365,0.0689356566138373,297.356370508739,616.0,0.0129,0.2709,0.08892525,76.3,69.1,1.08272022072579,0.13451526641845699,0.689779357910156,0.1757053565979,7699020,0.7093200000000001,Europe,3317000000.0,2099000000.0
0.009800000000000001,0.57,326480.344,Ukraine,2006-12-01,33.0,,137332.81,107753069306.931,0.0639231980711307,146.953847087712,2085.0,0.012,0.0450612456357379,0.151691666666667,74.06,62.38,1.04704178639871,0.143221864700317,0.696709747314453,0.160068321228027,46787750,0.6796899999999999,Europe,4018000000.0,3202000000.0
0.0111,0.491,16189.805,Estonia,2006-12-01,35.0,,5037.823,16798498859.9882,0.0498667742031843,620.18856145386,81.0,0.0053,0.6351,0.0503219123450398,78.3,67.35,1.25764561643742,0.150934915542603,0.678649444580078,0.17041488647460898,1346810,0.68607,Europe,1361000000.0,706000000.0
0.01,0.495,97285.51,Greece,2006-12-01,38.0,,30222.724,261712613837.162,0.0974871813799388,2293.32755114831,264.0,0.0045,0.3225,,82.0,77.0,0.9934233967041349,0.143521461486816,0.669318771362305,0.18715959548950198,11127947,0.74827,Europe,14495000000.0,3004000000.0
0.0099,0.557,57234.536,Hungary,2006-12-01,38.0,,27329.857,112533152716.384,0.08258628758388581,922.274862509241,340.0,0.0068,0.4706,0.08079414987993241,77.4,69.0,0.9889553624847509,0.152755222320557,0.68844612121582,0.158798675537109,10071370,0.66863,Europe,4998000000.0,2319000000.0
0.013788,0.565,3865.018,Albania,2006-12-01,39.0,,2068.171,9132562332.43024,0.059516594243813004,168.328287667085,364.0,0.0174,0.09609991315771181,0.129399428618515,79.544,73.192,0.600673423758473,0.257543067932129,0.6536235809326171,0.0888320541381836,2968028,0.47814999999999996,Europe,1057000000.0,989000000.0
0.0108,0.619,350037.152,Spain,2006-12-01,47.0,,141748.273,1236352422041.69,0.08389970564569729,2370.51487652732,298.0,0.0046,0.5036999999999999,,84.1,77.7,1.03761723617195,0.145476102828979,0.6869937133789059,0.167530193328857,44397319,0.7750199999999999,Europe,57543000000.0,20348000000.0
0.0094,0.392,16244.81,Slovenia,2006-12-01,60.0,,7321.259,38945146499.5315,0.08280688355612821,1609.7625556573,260.0,0.0033,0.5401,0.07408333333333329,81.8,74.55,0.905694074172887,0.140353384017944,0.70199089050293,0.15765471458435099,2006868,0.50409,Europe,2074000000.0,1058000000.0
0.008307,0.42700000000000005,27168.803,Bosnia and Herzegovina,2006-12-01,63.0,,5301.412,12400102623.3083,0.08522567006206079,275.031486854578,368.0,0.0072,0.251223856852117,0.0801416666666667,77.942,72.649,0.487159617016807,0.186490249633789,0.677631912231445,0.13587862014770502,3875157,0.39181,Europe,658000000.0,210000000.0
0.0099,1.3730000000000002,61829.287,Belarus,2006-12-01,69.0,,28620.519,36961918858.7385,0.0633680486188744,243.462623392342,987.0,0.0068,0.162,0.0884166666666667,75.5,63.6,0.619519500259814,0.151885185241699,0.701593017578125,0.146521453857422,9604000,0.72816,Europe,401000000.0,675000000.0
0.0101,,539.049,Andorra,2007-12-01,,,,3245411583.7197,0.0621864183225986,3011.77321915567,,0.0027,0.7087,,,,0.7811715789991641,,,,81292,0.89363,Europe,,
0.011807,,8195.745,Cyprus,2007-12-01,,,2437.112,21841815680.8803,0.0605253416047051,1690.6647091313,,0.0035,0.4077,0.0674083333333333,81.038,76.793,0.929655392979931,0.190086498260498,0.6998255157470701,0.11008517265319799,1063095,0.67982,Europe,3108000000.0,1554000000.0
0.013900000000000001,,773.737,Faeroe Islands,2007-12-01,,,,2278229880.41222,,,,,0.7598,,82.8,77.7,1.0527707147757999,,,,49554,0.40341,Europe,,
0.0114,,,Isle of Man,2007-12-01,,,,4075664785.25458,,,,,,,,,,,,,81812,0.5194,Europe,,
0.0193,,,Kosovo,2007-12-01,,,2044.998,4743437688.75329,,,,,,0.14056037133551802,71.4,67.1,,,,,1733404,,Europe,,
0.01,,,Liechtenstein,2007-12-01,,,,4602346923.40322,,,,,0.6508021844316799,,83.6,79.1,0.906678373173219,,,,35308,0.14629,Europe,,
0.009300000000000001,,2724.581,Malta,2007-12-01,,,877.744,7513834699.60697,0.0845930336836819,1579.66306058881,,0.0058,0.469,0.0623833333333333,82.2,77.5,0.88030288553411,0.164356002807617,0.69767578125,0.137972955703735,406724,0.94092,Europe,1185000000.0,284000000.0
,,,Monaco,2007-12-01,,,,5974371695.95045,0.0338020063632244,5671.13397218121,,0.0035,0.643776824034335,,,,0.582640733441864,,,,35013,1.0,Europe,,
0.0094,,,San Marino,2007-12-01,,,,1687653983.02765,0.0499382468361673,3871.84274353289,,0.0034,0.503648221088655,0.07582499999999999,85.4,79.75,0.576093755143694,,,,30377,0.9404399999999999,Europe,,
0.011699999999999999,0.573,103215.049,Belgium,2007-12-01,4.0,,57019.017,459619168192.161,0.0952544293733157,4136.29278667762,156.0,0.0039,0.6444,0.08570833333333329,82.6,77.1,1.0056248992092,0.169018936157227,0.659473342895508,0.171507682800293,10625700,0.97497,Europe,12371000000.0,19215000000.0
0.0146,0.262,2310.21,Iceland,2007-12-01,5.0,,4836.174,20428232684.2713,0.0931037467681301,6181.72904243465,140.0,0.0022,0.9059999999999999,0.192908142790322,83.4,79.6,1.0693245277203,0.215391025543213,0.666238174438477,0.118370790481567,311566,0.93278,Europe,848000000.0,1336000000.0
0.011699999999999999,0.32,50252.568,Denmark,2007-12-01,6.0,,19763.331,311417554326.17,0.099872940143836,5709.87918015349,135.0,0.0037,0.8503000000000001,,80.5,76.0,1.15371580438847,0.184935817718506,0.6587750244140631,0.156288805007935,5461438,0.8629300000000001,Europe,5978000000.0,8830000000.0
0.009699999999999999,0.429,60864.866,Portugal,2007-12-01,6.0,,25301.558,231741732391.234,0.0999415423649533,2185.14979966834,328.0,0.0033,0.42090000000000005,,81.6,75.2,1.2767657373098,0.154383115768433,0.671058502197266,0.17455837249755898,10542964,0.5874900000000001,Europe,12917000000.0,4864000000.0
0.018706,0.44299999999999995,284658.209,Turkey,2007-12-01,6.0,,100005.025,647155131952.005,0.060371565495510794,557.589756262796,223.0,0.023,0.2863,,76.734,69.799,0.8917829733414111,0.277579574584961,0.654898681640625,0.0675217485427856,69496513,0.68975,Europe,21662000000.0,4254000000.0
0.011800000000000001,0.484,18844.713,Estonia,2007-12-01,7.0,,5623.844,21993674014.8158,0.0510106164511432,835.425708493551,81.0,0.004900000000000001,0.6618999999999999,0.0645854577279283,78.5,67.4,1.2807861778426899,0.15053939819335901,0.6777292633056641,0.17173137664794902,1340680,0.68479,Europe,1416000000.0,804000000.0
0.0128,0.65,375882.168,France,2007-12-01,7.0,,263541.852,2582391514259.81,0.108754495050091,4412.6987055346,132.0,0.0036,0.6609,,84.8,77.6,0.889845999116843,0.18429208755493198,0.6508885955810549,0.1648193359375,64012572,0.77621,Europe,63701000000.0,46029000000.0
0.0124,0.41100000000000003,45089.432,Norway,2007-12-01,7.0,,27547.293,393479385840.205,0.0949105658274964,7977.83825767697,87.0,0.003,0.8693000000000001,0.066473445892334,82.7,78.2,1.06705457225889,0.192908401489258,0.6599267578125,0.147165269851685,4709153,0.7823399999999999,Europe,5322000000.0,13256000000.0
0.0111,0.418,171765.947,Netherlands,2007-12-01,8.0,,79349.595,782567278575.217,0.10764218194983,5149.60465453289,180.0,0.004200000000000001,0.8582,0.046041666666666696,82.3,78.0,1.17285034806622,0.181141128540039,0.674413223266602,0.14444553375244099,16381696,0.84539,Europe,19922000000.0,19477000000.0
0.0103,0.456,100959.844,Romania,2007-12-01,9.0,,39756.997,170616958884.446,0.052304914246593996,414.350039162469,202.0,0.015300000000000001,0.28300000000000003,0.133483333333333,76.1,69.2,0.9266014887306411,0.15025502204895,0.700903854370117,0.148841180801392,20882982,0.53436,Europe,2073000000.0,1725000000.0
0.0162,0.253,44583.386,Ireland,2007-12-01,13.0,,15119.917,259574331428.376,0.07902327779697049,4733.25776999177,76.0,0.0039,0.61158324551,,82.1,77.3,1.15853073869308,0.20783575057983397,0.681492309570313,0.110672397613525,4398942,0.61025,Europe,9263000000.0,8785000000.0
0.0095,0.754,462676.391,Italy,2007-12-01,13.0,,179598.604,2127181952204.75,0.08501421536201059,3058.28926781573,340.0,0.0036,0.4079,0.063347,84.2,78.7,1.5096282699457602,0.140576124191284,0.660482177734375,0.198941631317139,58438310,0.67974,Europe,46144000000.0,32754000000.0
0.0126,0.345,528906.078,United Kingdom,2007-12-01,13.0,,210992.738,2857082734448.73,0.08504025482271681,3953.24395203,105.0,0.004900000000000001,0.7509,0.055208333333333304,81.6,77.4,1.21101810781501,0.176950874328613,0.661794815063477,0.161254253387451,61322463,0.80479,Europe,48193000000.0,86747000000.0
0.0111,0.478,63981.816,Finland,2007-12-01,14.0,,36803.277,246127525619.75,0.08043013623978201,3751.41665427209,269.0,0.0029,0.8078,,82.9,75.8,1.14884734520841,0.1697389793396,0.667514114379883,0.162747077941895,5288720,0.8316800000000001,Europe,4287000000.0,4812000000.0
0.011194,0.203,11378.701,"Macedonia, FYR",2007-12-01,15.0,,3044.742,8159825620.389,0.0697615974527999,272.079652625542,192.0,0.011,0.363,0.102333333333333,76.719,72.041,0.8558694470147189,0.187300510406494,0.6987332153320309,0.113967247009277,2096620,0.57236,Europe,219000000.0,147000000.0
0.009699999999999999,0.5529999999999999,55859.411,Hungary,2007-12-01,16.0,,26728.593,136102020866.708,0.0767442544126897,1037.5589192097,340.0,0.0065,0.5329999999999999,0.0908594749573091,77.3,69.2,1.09632885541945,0.15062689781189,0.688530960083008,0.16084220886230502,10055780,0.67368,Europe,5628000000.0,3088000000.0
0.0109,0.364,7928.054,Latvia,2007-12-01,16.0,,4796.299,28765687041.6504,0.0701215198377789,882.905879386499,279.0,0.0096,0.5917,0.10909166666666699,76.5,65.8,1.02300294810205,0.141879434585571,0.6802433013916019,0.177878665924072,2200325,0.679,Europe,881000000.0,1021000000.0
0.011699999999999999,0.537,48059.702,Sweden,2007-12-01,16.0,,50059.598,462512853670.12,0.0891722312539467,4525.63810560756,122.0,0.0027,0.8201,,83.0,78.9,1.1045617199403202,0.16920272827148397,0.655630340576172,0.175166931152344,9148092,0.84588,Europe,12259000000.0,14336000000.0
0.0111,0.47700000000000004,123948.267,Czech Republic,2007-12-01,17.0,,45845.189,180478622230.252,0.0652233899501798,1144.27840494474,808.0,0.0039,0.5193,0.057883795837007895,79.9,73.7,1.27963919146293,0.143478555679321,0.7118428039550779,0.144678516387939,10298828,0.7346299999999999,Europe,7775000000.0,3704000000.0
0.0083,0.49,784015.601,Germany,2007-12-01,18.0,,330718.602,3323809686746.16,0.104770846201359,4230.55959246951,196.0,0.0037,0.7515999999999999,,82.3,76.9,1.15140360843206,0.139025087356567,0.662481155395508,0.19849378585815403,82266372,0.7369499999999999,Europe,49332000000.0,96549000000.0
0.0099,0.27899999999999997,38019.456,Switzerland,2007-12-01,18.0,,25760.038,450529673716.417,0.102098565385676,6125.96487457198,63.0,0.0040999999999999995,0.772,0.0315,84.2,79.4,1.08515486115003,0.157349147796631,0.6807309722900391,0.161919841766357,7551117,0.7354999999999999,Europe,14721000000.0,12298000000.0
0.0094,0.214,24389.217,Croatia,2007-12-01,21.5,,9325.119,59319390297.9268,0.0753692645467689,1008.13312185748,196.0,0.0053,0.4144,0.09330833333333331,79.25,72.33,1.15225307638207,0.156822881698608,0.670448837280273,0.172727127075195,4436000,0.5682200000000001,Europe,9601000000.0,1025000000.0
0.012118,0.425,4686.426,Moldova,2007-12-01,23.0,,3341.678,4402495921.29332,0.10884674518229501,133.772810195722,234.0,0.0171,0.2045,0.18825,72.076,64.335,0.512664193966299,0.176558094024658,0.710436172485352,0.113006238937378,3576910,0.4511,Europe,229000000.0,290000000.0
0.00922,0.358,52251.083,Serbia,2007-12-01,23.0,,16601.751,38952093544.4413,0.10358886957875,546.631469873052,279.0,0.007,0.33149999999999996,0.11130000000000001,76.2,70.7,1.04484261862766,0.175516090393066,0.685608215332031,0.13887578010559098,7381579,0.5506,Europe,1016000000.0,1202000000.0
0.012501,0.304,2251.538,Montenegro,2007-12-01,24.0,,1086.123,3673382211.86789,0.0696071184552239,413.805443444676,372.0,0.008199999999999999,0.308,0.09202500000000001,76.3,71.648,1.4567821301391999,0.198687286376953,0.67338134765625,0.127931365966797,617800,0.6256,Europe,660000000.0,58000000.0
0.0092,0.524,69141.285,Austria,2007-12-01,25.0,,33393.256,375042040683.649,0.10261682951378001,4636.26090371617,170.0,0.0038,0.6937000000000001,,82.8,77.3,1.19256982795929,0.154834356307983,0.677848281860352,0.167316989898682,8300788,0.65835,Europe,21088000000.0,12825000000.0
0.01,0.462,15137.376,Lithuania,2007-12-01,26.0,,9459.665,39325985930.8432,0.062238487441914805,724.946486298634,166.0,0.0072,0.499,0.06862499999999999,77.2,64.9,1.53979357309265,0.158737630844116,0.6875274658203131,0.15373400688171399,3231294,0.66777,Europe,1192000000.0,1168000000.0
0.0114,0.2,10868.988,Luxembourg,2007-12-01,26.0,,4209.378,51320661750.8682,0.0679791342194534,7326.39019111415,59.0,0.0024,0.7892,,82.2,76.7,1.4371375662930899,0.182217292785645,0.6752446746826171,0.142529611587524,479993,0.87409,Europe,4032000000.0,3476000000.0
0.0101,0.473,36600.327,Slovak Republic,2007-12-01,27.0,,17850.05,84108560087.5992,0.0775529416742474,1077.90647475319,325.0,0.0077,0.618,0.07989166666666671,78.1,70.5,1.12252673927867,0.159028272628784,0.722275009155273,0.118696537017822,5374622,0.55261,Europe,2352000000.0,1825000000.0
0.010199999999999999,0.5660000000000001,327595.112,Ukraine,2007-12-01,27.0,,137342.819,142719009900.99,0.0635521435875521,194.415450563091,2085.0,0.0116,0.0655,0.13899166666666699,74.22,62.51,1.1840649758024,0.140767803192139,0.698435440063477,0.160796680450439,46509350,0.68147,Europe,5320000000.0,4022000000.0
0.011300000000000001,0.512,1667597.586,Russian Federation,2007-12-01,29.0,,672590.682,1299705247685.76,0.053799512763556205,486.755154368495,448.0,0.0124,0.2466,0.100333333333333,73.9,61.4,1.1917658696312399,0.147292776107788,0.715944671630859,0.136762571334839,142114903,0.73553,Europe,12427000000.0,23248000000.0
0.010199999999999999,0.434,315637.025,Poland,2007-12-01,31.0,,96823.686,425321502150.576,0.0632995979560429,705.840885733218,418.0,0.006,0.486,,79.7,71.0,1.08378398505795,0.15642865180969198,0.71023323059082,0.133338212966919,38120560,0.61229,Europe,11686000000.0,8342000000.0
0.01,0.358,52812.134,Bulgaria,2007-12-01,32.0,,20116.756,42113656147.2255,0.0681355363332148,374.622797662947,616.0,0.0123,0.33640000000000003,0.0999776666666667,76.3,69.2,1.3086463679574398,0.13323631286621102,0.6894667053222661,0.177296848297119,7545338,0.7127800000000001,Europe,4181000000.0,2142000000.0
0.013255000000000001,0.45899999999999996,4055.702,Albania,2007-12-01,36.0,,2024.608,10701011855.8542,0.0643818417333699,217.594112326831,364.0,0.0167,0.150361154084109,0.140996227871662,79.705,73.379,0.7335038414867939,0.250120811462402,0.657706604003906,0.09217326164245611,2940880,0.48902,Europe,1479000000.0,1331000000.0
0.01,0.489,98246.264,Greece,2007-12-01,38.0,,30216.691,305431981540.778,0.0981044550526729,2682.14468371955,264.0,0.0043,0.3588,,82.0,77.0,1.11096420636559,0.143643951416016,0.6684283447265631,0.18792751312255898,11163002,0.7519899999999999,Europe,15687000000.0,3430000000.0
0.0109,0.621,358236.564,Spain,2007-12-01,47.0,,143835.707,1441427520487.25,0.0849081744386661,2751.88108014559,298.0,0.0044,0.5511,,84.1,77.8,1.08414824829991,0.146168842315674,0.685953903198242,0.167877216339111,45226803,0.7774,Europe,65020000000.0,24355000000.0
0.0107,1.208,60281.813,Belarus,2007-12-01,48.0,,28039.199,45275711995.825,0.0643773261676384,304.081224569378,987.0,0.0060999999999999995,0.19699999999999998,0.08574999999999999,76.15,64.54,0.726106707640228,0.14961616516113302,0.705170822143555,0.145212678909302,9560000,0.73273,Europe,479000000.0,724000000.0
0.009800000000000001,0.384,16211.807,Slovenia,2007-12-01,60.0,,7320.629,47349639894.6072,0.07856544852227,1850.32318548265,260.0,0.0032,0.5674,0.059125,82.3,75.0,0.954585685461915,0.13960506439209,0.7003558349609381,0.16003911972045898,2018122,0.50317,Europe,2465000000.0,1260000000.0
0.008345,0.428,27883.868,Bosnia and Herzegovina,2007-12-01,63.0,,5304.575,15280615815.2554,0.0858483986784041,341.338202978954,368.0,0.0072,0.2792,0.071725,78.059,72.81,0.633403254094113,0.18400274276733397,0.675781707763672,0.140215549468994,3868665,0.39159999999999995,Europe,804000000.0,264000000.0
0.0104,,539.049,Andorra,2008-12-01,,,,3712034266.50674,0.0621165477005089,3104.63440872037,,0.0026,0.7004,,,,0.8028360989883581,,,,79969,0.8886700000000001,Europe,,
,,718.732,Faeroe Islands,2008-12-01,,,,2412859692.82674,,,,,0.7556999999999999,,83.2,78.0,1.10602608818371,,,,49601,0.40536,Europe,,
,,,Isle of Man,2008-12-01,,,,,,,,,,,,,,,,,82561,0.5195799999999999,Europe,,
0.019,,,Kosovo,2008-12-01,,,2216.031,5771473141.64198,,,,,,0.137853391777085,71.6,67.3,,,,,1747383,,Europe,,
0.0099,,,Liechtenstein,2008-12-01,,,,4929414914.73469,,,,,0.7,,85.5,80.0,0.955539317632511,,,,35582,0.14574,Europe,,
0.009800000000000001,,2559.566,Malta,2008-12-01,,,837.198,8554293727.08674,0.0816459622122752,1596.22028043081,,0.0057,0.5008,0.0588833333333333,82.3,77.1,0.916444072662288,0.161596126556396,0.6989871215820309,0.139423856735229,409379,0.9429500000000001,Europe,1336000000.0,361000000.0
,,,Monaco,2008-12-01,,,,6919241412.09365,0.0363658084088296,6622.70786434326,,0.0034,0.6725,,,,0.616488258700891,,,,35686,1.0,Europe,,
0.011,,,San Marino,2008-12-01,,,,1899809579.61037,0.0500308816834195,4068.93399875092,,0.0033,0.5452,0.078925,85.7,80.1,0.798782284199155,,,,30549,0.94056,Europe,,
0.0119,0.552,103882.443,Belgium,2008-12-01,4.0,,58600.011,507379274927.167,0.0991277600866113,4715.10092690738,156.0,0.0038,0.66,0.09208333333333331,82.6,76.9,1.05283158005349,0.168276062011719,0.660853805541992,0.170870151519775,10709973,0.9754600000000001,Europe,13106000000.0,21445000000.0
0.0099,0.425,58356.638,Portugal,2008-12-01,4.5,,24430.269,251925400440.928,0.10218877901375199,2424.65329271028,328.0,0.0033,0.4413,,81.7,75.5,1.3291717286126499,0.153484134674072,0.670268859863281,0.176247482299805,10558177,0.5935900000000001,Europe,14047000000.0,5283000000.0
0.0099,0.5660000000000001,54656.635,Hungary,2008-12-01,5.0,,26458.455,154233541852.268,0.07463084559364401,1145.75670453999,330.0,0.0062,0.61,0.101816677384355,77.8,69.8,1.21681190771544,0.148782434463501,0.688161926269531,0.16305570602417,10038188,0.6787000000000001,Europe,7113000000.0,3833000000.0
0.0152,0.258,2119.526,Iceland,2008-12-01,5.0,,5354.288,16832076486.7426,0.0929479079250454,4959.46108382164,140.0,0.0021000000000000003,0.91,0.20143333,83.3,80.0,1.0889739296818899,0.212977619171143,0.667970275878906,0.119055318832397,317414,0.93395,Europe,881000000.0,1103000000.0
0.011800000000000001,0.292,46959.602,Denmark,2008-12-01,6.0,,19199.674,343881327748.062,0.101830303362173,6394.97483543308,135.0,0.0035,0.8502,,80.7,76.3,1.19302473170086,0.18318885803222698,0.657393646240234,0.159417285919189,5493621,0.8648699999999999,Europe,6281000000.0,9698000000.0
0.018376999999999998,0.44299999999999995,285274.265,Turkey,2008-12-01,6.0,,98501.727,730337495747.601,0.0607447832234986,628.269024753572,223.0,0.0218,0.34369999999999995,,77.096,70.142,0.9354864341547711,0.274031200408936,0.657464294433594,0.0685045099258423,70363511,0.69562,Europe,26446000000.0,4509000000.0
0.0129,0.645,372563.533,France,2008-12-01,6.5,,264803.089,2831795243284.95,0.11023193754380699,4876.86039221544,132.0,0.0035,0.7068000000000001,,84.8,77.8,0.9267718212383581,0.18407943725585899,0.650736389160156,0.165184173583984,64371099,0.77864,Europe,67779000000.0,50021000000.0
0.012,0.479,17491.59,Estonia,2008-12-01,7.0,,5440.404,23781549758.1768,0.0596445971998941,1059.77378329576,81.0,0.0044,0.7058,0.08548630672633291,79.2,68.6,1.24211000384607,0.15127383232116698,0.676046600341797,0.172680339813232,1337090,0.68351,Europe,1643000000.0,939000000.0
0.0127,0.40700000000000003,50325.908,Norway,2008-12-01,7.0,,29805.147,453885460992.908,0.090031540122051,8626.24699260351,87.0,0.0029,0.9057,0.0727897029180862,83.0,78.3,1.09068002694884,0.191055221557617,0.6613316345214839,0.147613315582275,4768212,0.78526,Europe,5702000000.0,15118000000.0
0.011762,0.20600000000000002,8555.111,Cyprus,2008-12-01,8.0,,2574.252,25321517504.0281,0.0689217291966591,2182.16360455589,149.0,0.0034,0.42310000000000003,,81.17,76.943,0.943969347008464,0.185581684112549,0.702635498046875,0.111784629821777,1077089,0.6783899999999999,Europe,3231000000.0,1895000000.0
0.0112,0.382,173845.136,Netherlands,2008-12-01,8.0,,79550.078,870811515663.594,0.10990882534513301,5834.04465200286,180.0,0.004,0.8742,0.046041666666666696,82.3,78.3,1.2498036105128,0.179017772674561,0.673832473754883,0.147149696350098,16445593,0.85402,Europe,20523000000.0,22217000000.0
0.012885,0.462,4129.042,Albania,2008-12-01,9.0,,2060.872,12881352687.7775,0.0611138693409578,251.379314258434,368.0,0.016,0.2386,0.130196427128802,79.853,73.565,0.5891235148615219,0.242896175384521,0.661755599975586,0.0953479194641113,2912559,0.49991,Europe,1848000000.0,1644000000.0
0.011105,0.174,11848.077,"Macedonia, FYR",2008-12-01,9.0,,3011.796,9834034351.06299,0.0693235257487224,325.134647023714,150.0,0.0104,0.4604,0.0968333333333333,76.802,72.202,0.937469059243776,0.182451229095459,0.703000640869141,0.11454810142517101,2098769,0.57129,Europe,262000000.0,190000000.0
0.0108,0.45399999999999996,94645.27,Romania,2008-12-01,9.0,,39616.937,204338605783.705,0.0543532154653196,516.473851060363,202.0,0.014,0.32420000000000004,0.149883333333333,76.1,69.2,1.11404699903419,0.149831581115723,0.7015762329101559,0.148592109680176,20537875,0.53567,Europe,2625000000.0,2409000000.0
0.0096,0.725,447186.983,Italy,2008-12-01,10.0,,176004.491,2307312469009.18,0.0889150508724949,3441.0795940776,314.0,0.0035,0.44530000000000003,0.0683731,84.5,79.1,1.5088564584654902,0.140479164123535,0.659584884643555,0.199935913085938,58826731,0.68092,Europe,48757000000.0,37807000000.0
0.0167,0.254,43021.244,Ireland,2008-12-01,13.0,,14902.913,264034203718.534,0.0905906476686255,5393.25073058665,76.0,0.0037,0.6534,,82.4,77.9,1.16004708091653,0.209808120727539,0.6791665649414059,0.11102575302124,4489544,0.61298,Europe,9967000000.0,10539000000.0
0.0129,0.342,522466.826,United Kingdom,2008-12-01,13.0,,208208.85,2687795428484.76,0.0895211968512024,3875.27930470325,105.0,0.0047,0.7839,0.04625,81.7,77.6,1.22186462395108,0.176303291320801,0.661352691650391,0.16234395980835,61806995,0.80757,Europe,46285000000.0,83584000000.0
0.0112,0.478,56592.811,Finland,2008-12-01,14.0,,35284.466,271974334105.311,0.0830675197931815,4262.29450468915,269.0,0.0027,0.8367,,83.0,76.3,1.2842456899266799,0.167834548950195,0.6675450897216799,0.164620170593262,5313399,0.8329900000000001,Europe,4873000000.0,5579000000.0
0.012243,0.42,4774.434,Moldova,2008-12-01,15.0,,3363.479,6054806100.84681,0.114129858182035,193.421943731266,234.0,0.016300000000000002,0.2339,0.210641666666667,72.184,64.459,0.66641257689378,0.172148017883301,0.715423049926758,0.112428121566772,3570108,0.45011,Europe,293000000.0,359000000.0
0.0112,0.368,7590.69,Latvia,2008-12-01,15.5,,4586.232,33669367720.4659,0.0663049596280938,978.771305230702,279.0,0.0091,0.6341,0.11852499999999999,77.9,67.2,1.07499188591835,0.14079918861389198,0.678914794921875,0.18028694152832,2177322,0.67834,Europe,1134000000.0,1250000000.0
0.0119,0.537,49104.797,Sweden,2008-12-01,16.0,,49601.27,486158669286.192,0.0922835422180057,4885.63596436847,122.0,0.0026,0.9,,83.2,79.1,1.08440455371945,0.167041282653809,0.655987777709961,0.17697093963623,9219637,0.84746,Europe,12060000000.0,15447000000.0
0.0083,0.494,783359.208,Germany,2008-12-01,17.5,,334633.925,3623687767058.32,0.107041798043496,4717.78271258606,196.0,0.0036,0.78,,82.4,77.2,1.2655750743065999,0.13721656799316398,0.6604709625244141,0.202312469482422,82110097,0.73895,Europe,53398000000.0,106039000000.0
0.0107,0.465,37557.414,Slovak Republic,2008-12-01,17.5,,18320.926,97908891167.4235,0.08020828097135951,1399.93859133299,325.0,0.0074,0.6605,0.057618181819999996,78.7,70.9,1.01931682668462,0.155675058364868,0.724378356933594,0.119946804046631,5379233,0.55111,Europe,3004000000.0,2596000000.0
0.01,0.278,40392.005,Switzerland,2008-12-01,18.0,,26773.312,524289203562.031,0.102889505970213,7103.95738230908,63.0,0.004,0.792,0.033424999999999996,84.4,79.7,1.16250279953305,0.15476680755615202,0.6810711669921881,0.164161605834961,7647675,0.73588,Europe,17570000000.0,13346000000.0
0.0105,0.467,97809.891,Greece,2008-12-01,19.0,,30418.592,341594120811.164,0.10126752407935401,3084.80865302915,224.0,0.004200000000000001,0.382,,82.5,77.5,1.2450836018887599,0.144067306518555,0.667636795043945,0.18829605102539101,11186439,0.75568,Europe,17586000000.0,3946000000.0
0.0108,0.358,17179.895,Slovenia,2008-12-01,19.0,,7739.929,54554616825.8386,0.08345698950714739,2264.93384945524,260.0,0.003,0.58,0.0665833333333333,82.3,75.4,1.01103534123505,0.139443140029907,0.698231201171875,0.16232612609863298,2021316,0.50224,Europe,2954000000.0,1610000000.0
0.0115,0.47700000000000004,117013.97,Czech Republic,2008-12-01,20.0,,44869.54,225426789026.652,0.0681889577083996,1480.72394521979,808.0,0.0037,0.6297,0.06251708333333329,80.1,74.0,1.32350960964041,0.142090311050415,0.710666275024414,0.147242908477783,10384603,0.73394,Europe,8871000000.0,4797000000.0
0.012359,0.31,2750.25,Montenegro,2008-12-01,21.0,,1177.467,4538345344.90366,0.0634507793681141,465.524802159079,372.0,0.0074,0.32899999999999996,0.0923833333333333,76.452,71.864,1.87187241877058,0.197569217681885,0.6761895751953131,0.126237983703613,618649,0.62739,Europe,859000000.0,80000000.0
0.0099,0.214,23366.124,Croatia,2008-12-01,21.5,,9084.013,69595512099.1407,0.07800383980034481,1224.04183328418,196.0,0.0050999999999999995,0.4424,0.100691666666667,79.6,72.4,1.04464343461634,0.155563163757324,0.671133575439453,0.1733030128479,4434508,0.57048,Europe,11681000000.0,1156000000.0
0.0094,0.34,51880.716,Serbia,2008-12-01,23.0,,16808.459,47760580365.5549,0.103633664655856,673.395174598305,279.0,0.007,0.35600000000000004,0.161267,76.3,71.1,1.19828593247503,0.173103981018066,0.6889777374267579,0.13791806221008301,7350221,0.5511,Europe,1133000000.0,1468000000.0
0.009300000000000001,0.524,68268.539,Austria,2008-12-01,25.0,,33545.198,414171244876.612,0.104895419563849,5211.40998317223,170.0,0.0038,0.7287,,83.0,77.6,1.2965515158061,0.15203516960144,0.676614685058594,0.171350021362305,8336926,0.6584099999999999,Europe,24346000000.0,13993000000.0
0.011,0.456,15115.374,Lithuania,2008-12-01,26.0,,9519.803,47438363056.4474,0.0659873324823324,934.406832042502,166.0,0.0067,0.5522,0.08409166666666669,77.6,66.3,1.59788185066061,0.155887584686279,0.6898114013671881,0.154301357269287,3198231,0.66848,Europe,1316000000.0,1567000000.0
0.0115,0.2,10791.981,Luxembourg,2008-12-01,26.0,,4204.045,54742763112.0624,0.0733981777557765,8305.13779107966,59.0,0.0022,0.8223,,83.1,78.1,1.45082185877573,0.180010662078857,0.678684997558594,0.141306352615356,488650,0.878,Europe,4486000000.0,3801000000.0
0.011,0.5720000000000001,323458.736,Ukraine,2008-12-01,27.0,,134562.247,179992405832.321,0.0663441822002076,257.018983890765,848.0,0.0111,0.11,0.174925,74.28,62.51,1.19844722548957,0.13929197311401398,0.700232162475586,0.160475902557373,46258200,0.68325,Europe,6722000000.0,4585000000.0
0.012,0.483,1715638.953,Russian Federation,2008-12-01,29.0,,688482.709,1660844408499.61,0.051415973644573704,594.347152825567,448.0,0.0116,0.2683,0.12225,74.2,61.8,1.38868638803253,0.146990938186646,0.718305206298828,0.134703845977783,141956409,0.73598,Europe,15821000000.0,26401000000.0
0.0111,1.175,62815.71,Belarus,2008-12-01,31.0,,28098.179,60763483146.0674,0.0594918910838138,378.226958646542,987.0,0.0056,0.23,0.0855,76.5,64.7,0.850582803053349,0.148440618515015,0.708360748291016,0.143198671340942,9528000,0.73726,Europe,585000000.0,860000000.0
0.0109,0.451,316124.736,Poland,2008-12-01,31.0,,97892.213,529432301178.815,0.0688139188464518,955.820156949297,418.0,0.0058,0.5313,,80.0,71.3,1.15021392528647,0.153637018203735,0.7129209899902339,0.133441953659058,38125759,0.61116,Europe,12837000000.0,10689000000.0
0.011300000000000001,0.603,329285.599,Spain,2008-12-01,47.0,,139013.333,1593420676187.58,0.08940158725781129,3145.8486096325,234.0,0.004200000000000001,0.596,,84.3,78.2,1.09680881276313,0.147034502029419,0.684388580322266,0.16857690811157203,45954106,0.77976,Europe,70434000000.0,27157000000.0
0.0104,0.33899999999999997,50791.617,Bulgaria,2008-12-01,49.0,,19815.232,51824892678.1841,0.0697410779998557,474.102826072051,616.0,0.011800000000000001,0.3967,0.10861425000000001,76.6,69.5,1.38975555841617,0.132688388824463,0.6882749176025391,0.17903652191162098,7492561,0.71622,Europe,4852000000.0,2602000000.0
0.008417999999999998,0.428,30997.151,Bosnia and Herzegovina,2008-12-01,69.0,,5954.003,18543289394.8472,0.0879113393340563,424.545947685587,428.0,0.0070999999999999995,0.34659999999999996,0.0697833333333333,78.179,72.97,0.823328285681061,0.181286849975586,0.674467620849609,0.144245014190674,3861201,0.39161,Europe,913000000.0,345000000.0
0.0099,,517.047,Andorra,2009-12-01,,,,,0.0619310091439805,2761.57818042812,,0.0025,0.7853,,,,0.820618111087097,,,,78659,0.8835200000000001,Europe,,
,,667.394,Faeroe Islands,2009-12-01,,,,2198138372.28824,,,,,0.7518,,83.5,78.4,1.14905241935484,,,,49600,0.40731,Europe,,
,,,Isle of Man,2009-12-01,,,,,,,,,,,,,,,,,83293,0.51976,Europe,,
0.0114,,,Liechtenstein,2009-12-01,,,,4826167676.3641,,,,,0.75,,83.6,79.5,0.976262865749909,,,,35851,0.14519,Europe,,
0.009800000000000001,,2497.227,Malta,2009-12-01,,,776.852,8099400960.97627,0.0832613253227292,1668.67421508819,,0.0056,0.5886,0.044708333333333405,82.7,77.9,0.9981341871772069,0.15901974678039602,0.6994882965087891,0.14149435043335,412477,0.94486,Europe,1117000000.0,362000000.0
,,,Monaco,2009-12-01,,,,5557579883.30092,0.0429841038264648,6458.36589901378,,0.0033,0.701,,,,0.63336454260065,,,,36314,1.0,Europe,,
0.0107,,,San Marino,2009-12-01,,,,,0.0508606559717059,3548.38563847355,,0.0032,0.5421,0.057425,85.9127272727273,80.2172727272727,0.975601016352857,,,,30698,0.9407,Europe,,
0.011800000000000001,0.545,104194.138,Belgium,2009-12-01,4.0,,57096.448,473254348142.433,0.105937521311591,4663.90203963576,156.0,0.0037,0.7,0.095,82.8,77.3,1.08403258530932,0.167828845977783,0.6613670349121089,0.17080415725708,10796493,0.9759399999999999,Europe,11500000000.0,22292000000.0
0.0096,0.5660000000000001,48675.758,Hungary,2009-12-01,4.0,,24859.491,126631684032.783,0.0773558017332072,976.680825774026,330.0,0.005900000000000001,0.62,0.110368622157409,77.9,70.1,1.17559187949153,0.14735836982727102,0.687416915893555,0.16522481918335,10022650,0.68366,Europe,6740000000.0,3233000000.0
0.011023,0.146,11408.037,"Macedonia, FYR",2009-12-01,4.0,,2810.783,9313573964.98007,0.0688256919155463,306.308183259037,150.0,0.009699999999999999,0.5177,0.100733808601181,76.911,72.357,0.9250951413862409,0.17807888031005897,0.7066127014160161,0.11530888557434099,2100558,0.5704699999999999,Europe,232000000.0,150000000.0
0.0094,0.423,57410.552,Portugal,2009-12-01,4.5,,24151.701,234119267350.319,0.108136684918697,2382.26202456131,328.0,0.0032,0.4827,,81.8,75.8,1.11477596935469,0.152522525787354,0.6693879699707029,0.178089618682861,10568247,0.59964,Europe,12315000000.0,4604000000.0
0.0158,0.243,2053.52,Iceland,2009-12-01,5.0,,5384.195,12115441517.297,0.09743512156726081,3696.13298839011,140.0,0.0019,0.93,0.189876587233745,83.8,79.8,1.08257064919504,0.210876846313477,0.669073715209961,0.12005264282226599,318499,0.93511,Europe,550000000.0,534000000.0
0.012674,0.37,3879.686,Albania,2009-12-01,6.0,,2068.44,12044212903.5541,0.059956275931344595,229.990236569444,368.0,0.0154,0.41200000000000003,0.126609351537225,79.999,73.757,0.781845877027214,0.235654201507568,0.66604118347168,0.0983049201965332,2884303,0.51076,Europe,2014000000.0,1693000000.0
0.0114,0.282,44502.712,Denmark,2009-12-01,6.0,,18358.12,310544936763.956,0.114721976946041,6464.05219316342,135.0,0.0035,0.8684000000000001,,80.8,76.5,1.2369939905079699,0.181361427307129,0.655743637084961,0.162895088195801,5523095,0.86654,Europe,5617000000.0,8968000000.0
0.0107,0.36700000000000005,15309.725,Slovenia,2009-12-01,6.0,,7096.892,49208375313.9761,0.0919467630026915,2234.66131853617,260.0,0.0028,0.64,0.0594916666666667,82.3,75.8,1.02748541272879,0.13967042922973602,0.6958221435546881,0.164507446289063,2039669,0.50133,Europe,2735000000.0,1456000000.0
0.018058,0.433,277844.923,Turkey,2009-12-01,6.0,,97660.685,614553921823.292,0.0674603798286006,579.709074130054,223.0,0.0206,0.364,,77.442,70.48,0.881226870788596,0.270522994995117,0.659982147216797,0.069494891166687,71241080,0.7014100000000001,Europe,26331000000.0,5061000000.0
0.011800000000000001,0.48100000000000004,14745.007,Estonia,2009-12-01,6.5,,4749.141,19406617021.7372,0.0676541488333563,968.293024707899,81.0,0.004,0.725,0.0938577189459013,80.1,69.8,1.20535701265959,0.152574319839478,0.6738063049316411,0.17361862182617202,1334515,0.68223,Europe,1445000000.0,696000000.0
0.0128,0.648,356923.778,France,2009-12-01,6.5,,253469.009,2619685205628.1,0.11731434862175201,4775.84674057892,132.0,0.0035,0.7158,,85.0,78.0,0.920965957461289,0.183846664428711,0.649987487792969,0.16616582870483398,64702921,0.78106,Europe,58857000000.0,45806000000.0
0.0128,0.40700000000000003,47076.946,Norway,2009-12-01,7.0,,29775.129,378849191624.702,0.100628376421403,7943.52938126118,87.0,0.0027,0.9208,0.042800000000000005,83.1,78.6,1.10731282321286,0.189383220672607,0.662043762207031,0.1485719871521,4828726,0.78815,Europe,4949000000.0,13221000000.0
0.011717,0.20600000000000002,8140.74,Cyprus,2009-12-01,8.0,,2525.367,23542650736.3156,0.0740220132316729,2115.34678983708,149.0,0.0032,0.49810000000000004,,81.303,77.107,0.896353501388745,0.181417140960693,0.7049359130859381,0.113644180297852,1090553,0.6769499999999999,Europe,2474000000.0,1638000000.0
0.0112,0.385,169650.088,Netherlands,2009-12-01,8.0,,78174.849,796332969120.84,0.118823378893473,5739.67268950126,164.0,0.0038,0.8963,0.0198333333333333,82.7,78.5,1.21663286694834,0.176914558410645,0.67262939453125,0.150455989837646,16530388,0.8624200000000001,Europe,17868000000.0,21080000000.0
0.0109,0.451,80307.3,Romania,2009-12-01,9.0,,34881.526,164344371295.287,0.0563611641790687,431.422454237517,202.0,0.013,0.366,0.17275,77.1,69.7,1.14542252423652,0.149948949813843,0.7017290496826171,0.148321990966797,20367487,0.53698,Europe,1687000000.0,1769000000.0
0.0114,0.997,60292.814,Belarus,2009-12-01,10.0,,26736.829,49208656976.0389,0.0608504113449713,314.343455841356,900.0,0.0050999999999999995,0.2743,0.11675,76.4,64.7,1.016840081946,0.14812952041625999,0.71075813293457,0.141112146377563,9507000,0.7417199999999999,Europe,563000000.0,752000000.0
0.0095,0.677,401591.505,Italy,2009-12-01,10.0,,164858.378,2111146953536.67,0.09403662616270861,3306.27044963344,314.0,0.0035,0.48829999999999996,0.0475666666666667,84.6,79.4,1.4950583950791099,0.140422677993774,0.6584001922607421,0.201177101135254,59095365,0.6820900000000001,Europe,41938000000.0,34399000000.0
0.012323,0.31,4547.08,Moldova,2009-12-01,10.0,,3171.128,5439422031.39627,0.124897212109879,190.432677434364,228.0,0.0156,0.275,0.20544166666666702,72.298,64.574,0.592775461574361,0.168934745788574,0.7192430114746089,0.111822500228882,3565604,0.44936,Europe,240000000.0,307000000.0
0.012209,0.263,1822.499,Montenegro,2009-12-01,12.0,,994.02,4158135025.80555,0.0631870623280778,424.123925730647,372.0,0.006900000000000001,0.35100000000000003,0.0935916666666667,76.609,72.045,2.08936113191951,0.19627773284912098,0.678801345825195,0.124920892715454,619408,0.62918,Europe,792000000.0,76000000.0
0.0127,0.349,475107.521,United Kingdom,2009-12-01,12.0,,196484.569,2208001972523.51,0.0990564186371992,3512.059491063,110.0,0.0046,0.8356,0.00625,82.1,78.1,1.23954724604287,0.17588148117065402,0.660260009765625,0.16385848999023397,62276270,0.8103100000000001,Europe,38564000000.0,61133000000.0
0.0167,0.255,40623.026,Ireland,2009-12-01,13.0,,14364.052,225442852955.303,0.100158059417438,5040.3909551924,76.0,0.0036,0.6738,,82.7,77.8,1.06667729301187,0.211802864074707,0.6763738250732421,0.11182308197021501,4535375,0.6156900000000001,Europe,8458000000.0,7934000000.0
0.0096,0.34,46127.193,Serbia,2009-12-01,13.0,,15177.003,40249472481.7477,0.104859416999515,576.512428066207,279.0,0.0068,0.381,0.11779999999999999,76.4,71.1,1.244012203754,0.17086786270141602,0.691858749389648,0.137273349761963,7320807,0.55159,Europe,989000000.0,1107000000.0
0.011300000000000001,0.47700000000000004,53167.833,Finland,2009-12-01,14.0,,33259.091,239382634648.905,0.0917001270906115,4121.31710450327,243.0,0.0026,0.8249,,83.1,76.5,1.44088794626124,0.166226081848145,0.666416473388672,0.16735744476318398,5338871,0.83429,Europe,4104000000.0,5226000000.0
0.0103,0.377,6824.287,Latvia,2009-12-01,15.5,,4402.896,25875781250.0,0.06839821696352061,784.088753355907,279.0,0.0086,0.6684,0.1623,78.1,68.3,1.09054568470845,0.140742692947388,0.677035903930664,0.18222187042236299,2141669,0.6776399999999999,Europe,1013000000.0,906000000.0
0.012,0.539,43743.643,Sweden,2009-12-01,16.0,,45406.513,405783038816.242,0.0993895273022323,4357.07304664492,122.0,0.0025,0.91,,83.4,79.4,1.12133933457533,0.16558078765869103,0.655164337158203,0.17925500869751002,9298515,0.84902,Europe,10100000000.0,12791000000.0
0.0081,0.439,732248.562,Germany,2009-12-01,17.5,,313248.963,3298217546532.75,0.117515687513161,4727.19920170268,196.0,0.0036,0.79,,82.5,77.3,1.26228057746668,0.135583457946777,0.6588945007324221,0.205522003173828,81902307,0.7409300000000001,Europe,47466000000.0,93112000000.0
0.0114,0.475,33890.414,Slovak Republic,2009-12-01,17.5,,16734.763,87239747151.9867,0.0915199444536455,1475.09743258099,257.0,0.0070999999999999995,0.7,,78.7,71.3,1.01339620471281,0.15307580947875998,0.7255239105224609,0.12140030860900901,5386406,0.5496,Europe,2539000000.0,2249000000.0
0.0109,0.304,42804.891,Bulgaria,2009-12-01,18.0,,17511.782,48568714011.5163,0.07226841877239411,462.749922180538,616.0,0.0115,0.45,0.11335,77.1,69.9,1.4040485364542499,0.13271405220031698,0.6862477874755859,0.181037921905518,7444443,0.71963,Europe,4273000000.0,1955000000.0
0.0101,0.287,41598.448,Switzerland,2009-12-01,18.0,,26967.521,509466368829.225,0.11000538591803799,7276.70473260898,63.0,0.0039,0.813,0.027508333333333402,84.4,79.8,1.20403710920952,0.152467565536499,0.680966644287109,0.166565761566162,7743831,0.73625,Europe,16665000000.0,13058000000.0
0.0105,0.467,94901.96,Greece,2009-12-01,19.0,,29435.835,321015994273.839,0.100360075592476,2861.10576797428,224.0,0.0040999999999999995,0.424,,82.8,77.7,1.19795589336564,0.14461186408996599,0.6665670776367191,0.188821029663086,11187085,0.75932,Europe,14796000000.0,3401000000.0
0.011300000000000001,0.46399999999999997,108121.495,Czech Republic,2009-12-01,20.0,,42043.715,197187168861.145,0.0795137232777837,1497.87657682717,613.0,0.0036,0.6443000000000001,0.059899583333333305,80.1,74.2,1.24566816517417,0.141528854370117,0.7081850433349609,0.150285978317261,10443936,0.73324,Europe,7936000000.0,4158000000.0
0.0101,0.214,21554.626,Croatia,2009-12-01,21.5,,8722.114,62202619240.1446,0.0779839625438583,1095.20304844399,196.0,0.0048,0.5058,0.11554166666666699,79.6,72.9,1.07473384629178,0.154313516616821,0.671605758666992,0.17408050537109399,4429078,0.57287,Europe,9308000000.0,1041000000.0
0.011300000000000001,0.2,10249.265,Luxembourg,2009-12-01,24.0,,3955.629,49420751773.8235,0.08013545584500299,8126.84246226093,59.0,0.002,0.8731,,83.3,78.1,1.4454464421941902,0.178026809692383,0.6816304016113279,0.14035083770752,497783,0.88178,Europe,4148000000.0,3612000000.0
0.0091,0.534,62261.993,Austria,2009-12-01,25.0,,31963.281,383733551535.805,0.11227124695525999,5125.23938000365,170.0,0.0037,0.7345,,82.9,77.4,1.36579009953879,0.149531555175781,0.6753262329101559,0.17514221191406298,8365275,0.6584699999999999,Europe,21220000000.0,12767000000.0
0.0116,0.436,12577.81,Lithuania,2009-12-01,26.0,,8765.519,37050081723.0274,0.0754230958406772,835.718776098029,166.0,0.0060999999999999995,0.5976,0.0839333333333333,78.6,67.5,1.59946556594787,0.153795347213745,0.691518936157227,0.15468574523925802,3162916,0.66842,Europe,1063000000.0,1170000000.0
0.0111,0.5720000000000001,261812.799,Ukraine,2009-12-01,27.0,,114419.758,117227769791.56,0.07799462415626081,197.615504807269,736.0,0.0106,0.179,0.208633333333333,74.86,63.79,1.1875084103664901,0.138717603683472,0.701883850097656,0.159398469924927,46053300,0.68502,Europe,4349000000.0,3751000000.0
0.0123,0.483,1574367.778,Russian Federation,2009-12-01,29.0,,646914.985,1222643696991.85,0.061692848609572894,524.939424566345,320.0,0.0108,0.29,0.153083333333333,74.7,62.8,1.60101896209835,0.147699089050293,0.71970085144043,0.132600088119507,141909244,0.73642,Europe,12369000000.0,23785000000.0
0.0109,0.42200000000000004,298787.16,Poland,2009-12-01,32.0,,94001.947,430917310342.617,0.0719547446829874,813.044001849405,395.0,0.0053,0.5897,,80.1,71.5,1.1731453059755501,0.151532888412476,0.714503707885742,0.133963394165039,38151603,0.61004,Europe,9843000000.0,7888000000.0
0.0106,0.5710000000000001,288237.201,Spain,2009-12-01,47.0,,127732.392,1454335843719.93,0.09624663053641971,3057.7456734128,213.0,0.0040999999999999995,0.624,,84.6,78.5,1.11580183836414,0.148074045181274,0.682292938232422,0.169633045196533,46362946,0.7820999999999999,Europe,59743000000.0,22787000000.0
0.0188,0.28300000000000003,,Kosovo,2009-12-01,52.0,,2435.106,5620572910.39525,,,163.0,,,0.140869,71.8,67.6,,,,,1761474,,Europe,,
0.008509000000000001,0.259,30590.114,Bosnia and Herzegovina,2009-12-01,69.0,,6161.26,17082889409.7592,0.09870754483100569,440.334558662829,422.0,0.0068,0.3774,0.079325,78.307,73.131,0.845279523833992,0.178007946014404,0.674212417602539,0.147780199050903,3853446,0.39183,Europe,753000000.0,285000000.0
0.009800000000000001,,517.047,Andorra,2010-12-01,,,,,0.07200830279820031,2957.73192068563,,0.0024,0.81,,,,0.840681838602436,,,,77907,0.8781699999999999,Europe,,
,,711.398,Faeroe Islands,2010-12-01,,,,,,,,,0.752,,83.9,78.8,1.1989673463625201,,,,49581,0.40926,Europe,,
,,,Isle of Man,2010-12-01,,,,,,,,,,,,,,,,,83992,0.51994,Europe,,
0.0091,,,Liechtenstein,2010-12-01,,,,,,,,,0.8,,84.3,79.5,0.9828349944629019,,,,36120,0.14464,Europe,,
0.0094,,2588.902,Malta,2010-12-01,,,848.045,8163841059.60265,0.08490283276372679,1706.79446551072,,0.0055,0.63,0.046,83.6,79.3,1.07261182187607,0.156237487792969,0.698875579833984,0.144886960983276,414508,0.9466500000000001,Europe,1238000000.0,366000000.0
,,,Monaco,2010-12-01,,,,5350993377.48344,0.044009470405538396,6431.14128679993,,0.0032,0.75,,,,0.635472927127154,,,,36845,1.0,Europe,,
0.0105,,,San Marino,2010-12-01,,,,,0.052964114244740304,3319.45691798444,,0.0031,,0.053825000000000005,86.1254545454546,80.3345454545454,0.991121480185347,,,,30861,0.94086,Europe,,
0.010942,0.083,10872.655,"Macedonia, FYR",2010-12-01,3.0,,2882.984,9338674078.31276,0.06953317562831711,309.421137952875,119.0,0.0087,0.519,0.09483333333333331,77.047,72.508,1.02435953298805,0.174332237243652,0.7091564178466799,0.116511335372925,2102216,0.56992,Europe,209000000.0,141000000.0
0.0119,0.5670000000000001,108946.57,Belgium,2010-12-01,4.0,,60892.094,471218301721.445,0.10503040393120401,4570.03141952958,156.0,0.0036,0.75,,83.0,77.6,1.1108418862569,0.167765083312988,0.6605982971191411,0.171636657714844,10920272,0.97641,Europe,11624000000.0,20876000000.0
0.009,0.546,50582.598,Hungary,2010-12-01,4.0,,25667.116,127503279792.248,0.0803018071818456,1026.02685954112,277.0,0.0057,0.65,0.0758692511347841,78.1,70.5,1.19942717821013,0.14644131660461399,0.686349563598633,0.167209129333496,10000023,0.6885899999999999,Europe,6338000000.0,2879000000.0
0.0096,0.426,52361.093,Portugal,2010-12-01,4.5,,23540.752,228939349298.937,0.10797034585892,2323.68171173313,298.0,0.0031,0.5329999999999999,,82.1,76.1,1.15303275078491,0.151489095687866,0.668363265991211,0.18014762878418,10573100,0.60567,Europe,12969000000.0,4691000000.0
0.0154,0.261,1961.845,Iceland,2010-12-01,5.0,,5369.327,12564705489.0422,0.09430703921667821,3730.43390138275,140.0,0.0019,0.9339,0.102570286966844,84.1,79.8,1.0724275410166,0.209198780059814,0.669345550537109,0.12145565986633301,318041,0.93624,Europe,562000000.0,599000000.0
0.0114,0.281,46303.209,Denmark,2010-12-01,5.5,,19307.351,312949418348.795,0.11075136447570699,6265.97259628364,135.0,0.0033,0.8872,,81.2,77.1,1.15669922980876,0.179623737335205,0.6537535095214839,0.166622734069824,5547683,0.86795,Europe,5704000000.0,9082000000.0
0.012607,0.331,4283.056,Albania,2010-12-01,6.0,,2059.103,11926953259.2629,0.0553399492151249,206.621931757229,360.0,0.0148,0.45,0.12822329885356099,80.149,73.959,0.8546824699704111,0.22828010559082,0.670697784423828,0.101022081375122,2856673,0.5216299999999999,Europe,1780000000.0,1454000000.0
0.009300000000000001,0.677,406307.267,Italy,2010-12-01,6.0,,170238.884,2055355252804.73,0.0940790996449738,3204.58911526575,285.0,0.0034,0.5367999999999999,0.040316666666666695,85.0,79.8,1.54797008800909,0.140399789810181,0.6566734313964839,0.202926788330078,59277417,0.6832699999999999,Europe,40058000000.0,33053000000.0
0.0109,0.34600000000000003,15328.06,Slovenia,2010-12-01,6.0,,7230.318,46999407184.106,0.0887182014772376,2043.9135694121,260.0,0.0026,0.7,,82.7,76.3,1.032965117864,0.140131692886353,0.693265380859375,0.166602897644043,2048583,0.5004,Europe,2721000000.0,1377000000.0
0.017745999999999998,0.433,298002.422,Turkey,2010-12-01,6.0,,105133.109,731168051933.644,0.0675131322790249,680.277127628038,226.0,0.0195,0.3982,,77.773,70.819,0.856275801231165,0.267018947601318,0.6624783325195309,0.0705027437210083,72137546,0.7071500000000001,Europe,26318000000.0,5817000000.0
0.011800000000000001,0.486,18338.667,Estonia,2010-12-01,6.5,,5567.737,19033475893.2253,0.0628263316274166,894.386376065041,81.0,0.0036,0.741,0.07760177764808861,80.5,70.6,1.27282787576442,0.15400224685668898,0.6711858367919921,0.174811878204346,1331475,0.68094,Europe,1412000000.0,723000000.0
0.0129,0.648,361272.84,France,2010-12-01,6.5,,261157.15,2565039332950.97,0.11677003723298,4633.60172480568,132.0,0.0035,0.7728,,85.3,78.2,0.913873297259601,0.18353122711181602,0.648432312011719,0.168036479949951,65023142,0.78345,Europe,56139000000.0,46157000000.0
0.0126,0.40700000000000003,57186.865,Norway,2010-12-01,7.0,,32338.382,420945705225.424,0.100342196924378,8694.29052901871,87.0,0.0026,0.9339,,83.2,78.9,1.14475540102113,0.188030433654785,0.6618535614013671,0.150115995407104,4889252,0.7910200000000001,Europe,5299000000.0,14658000000.0
0.011664999999999998,0.223,7708.034,Cyprus,2010-12-01,8.0,,2442.559,23132450331.1258,0.0735940600913832,2011.79084331375,149.0,0.0031,0.5299,,81.438,77.283,0.9369258438775561,0.177687473297119,0.7066355133056641,0.11567702293396,1103685,0.67551,Europe,2371000000.0,1457000000.0
0.0111,0.39399999999999996,182077.551,Netherlands,2010-12-01,8.0,,83425.868,777157702271.347,0.120661294119645,5676.3012702272,134.0,0.0037,0.9072,0.0175,82.7,78.8,1.1543015049493999,0.175023498535156,0.670553512573242,0.154422960281372,16615394,0.8706100000000001,Europe,18690000000.0,19772000000.0
0.009800000000000001,0.221,20883.565,Croatia,2010-12-01,8.5,,8563.721,58873994412.0,0.078067938922632,1050.68957700516,196.0,0.0045,0.5655,0.103766666666667,79.6,73.5,1.13608144900896,0.15297207832336399,0.671640090942383,0.17538780212402302,4417781,0.5753699999999999,Europe,8255000000.0,859000000.0
0.0105,0.435,78745.158,Romania,2010-12-01,9.0,,35030.962,164792252745.524,0.059463082378416396,457.230764671306,222.0,0.0121,0.3993,0.140725,77.3,69.8,1.1142888979682801,0.150139446258545,0.70149528503418,0.148365230560303,20246871,0.53829,Europe,1631000000.0,1896000000.0
0.0114,0.805,62221.656,Belarus,2010-12-01,10.0,,27686.283,55220932613.958,0.055542040931418006,323.154735266684,798.0,0.0047,0.318,0.09216666666666659,76.5,64.6,1.08869705944641,0.148484840393066,0.712083053588867,0.13943211555481,9490000,0.74615,Europe,665000000.0,748000000.0
0.012348000000000001,0.304,4855.108,Moldova,2010-12-01,10.0,,3426.348,5811604051.96737,0.116769840717813,190.42471501164,228.0,0.0149,0.32299999999999995,0.1636,72.422,64.683,0.713846870326088,0.166704730987549,0.721729278564453,0.111565999984741,3562045,0.44886000000000004,Europe,232000000.0,324000000.0
0.012055999999999999,0.254,2581.568,Montenegro,2010-12-01,10.0,,1173.942,4114881346.94419,0.0717191581185567,475.954090796305,372.0,0.0063,0.375,0.0953,76.759,72.186,1.8868593951083599,0.194651317596436,0.6807159423828131,0.124632711410522,620078,0.63096,Europe,765000000.0,72000000.0
0.0129,0.361,493504.86,United Kingdom,2010-12-01,12.0,,201828.74,2295522887421.77,0.0955042832624991,3489.156290006,110.0,0.0044,0.85,0.005,82.4,78.5,1.2362548627396301,0.17560134887695297,0.658507614135742,0.16589107513427698,62766365,0.8130200000000001,Europe,40746000000.0,61368000000.0
0.0165,0.253,39999.636,Ireland,2010-12-01,13.0,,14219.239,209387190854.47,0.09311973477618221,4319.63800733392,76.0,0.0035,0.6984999999999999,,83.1,78.5,1.05235809874784,0.213460102081299,0.6733687591552731,0.113171148300171,4560155,0.6184000000000001,Europe,8187000000.0,7178000000.0
0.0094,0.34,45962.178,Serbia,2010-12-01,13.0,,15536.01,36990001283.5323,0.10737567284159301,546.02640010593,279.0,0.0066,0.409,0.17300000000000001,76.6,71.4,1.25300783990167,0.16869976043701201,0.693904266357422,0.13739598274231,7291436,0.55208,Europe,951000000.0,1106000000.0
0.0114,0.408,61843.955,Finland,2010-12-01,14.0,,36429.359,236706436522.744,0.0898883392245911,3977.57808001419,243.0,0.0025,0.8689,,83.2,76.7,1.56305511511184,0.165065517425537,0.663605575561523,0.17132890701293899,5363352,0.8355800000000001,Europe,4510000000.0,5267000000.0
0.0083,0.47,745383.756,Germany,2010-12-01,14.5,,329769.432,3304439018398.46,0.115495152632001,4667.72233484641,215.0,0.0035,0.82,,82.6,77.5,1.0648369587659001,0.134105339050293,0.6578114318847661,0.208083229064941,81776930,0.74291,Europe,49108000000.0,91166000000.0
0.0094,0.376,7616.359,Latvia,2010-12-01,15.5,,4644.115,24009680459.9868,0.0648627594731017,742.38540589774,293.0,0.008199999999999999,0.6842,0.09558333333333319,78.4,68.8,1.10312319572317,0.141548585891724,0.674730987548828,0.183720397949219,2097555,0.67692,Europe,963000000.0,771000000.0
0.0123,0.52,52515.107,Sweden,2010-12-01,16.0,,51315.218,463062061648.77,0.0946876598299761,4694.12065640248,122.0,0.0025,0.9,,83.5,79.5,1.1716114934327901,0.165072154998779,0.652895736694336,0.182032070159912,9378126,0.85056,Europe,10991000000.0,14912000000.0
0.0112,0.474,36094.281,Slovak Republic,2010-12-01,17.5,,17827.605,87077443708.6093,0.08994956694676601,1446.49477513635,257.0,0.0068,0.7570999999999999,,78.8,71.6,1.09047220019299,0.151270551681519,0.7256568908691411,0.123072557449341,5391428,0.5468500000000001,Europe,2335000000.0,2146000000.0
0.010199999999999999,0.28,44678.728,Bulgaria,2010-12-01,18.0,,17897.266,47726575741.1669,0.0758041842997992,480.189577782874,616.0,0.011300000000000001,0.4623,0.111443666666667,77.2,70.0,1.38038982701046,0.133175354003906,0.6834490966796881,0.183375549316406,7395599,0.7230200000000001,Europe,4035000000.0,1382000000.0
0.0103,0.28800000000000003,38756.523,Switzerland,2010-12-01,18.0,,26198.53,549104835881.122,0.10881670989508199,7696.51786097397,63.0,0.0038,0.8390000000000001,0.0273333333333333,84.5,80.1,1.23160910865083,0.150545797348022,0.6803807067871089,0.16907352447509802,7824909,0.73663,Europe,17614000000.0,13528000000.0
0.0116,0.2,10828.651,Luxembourg,2010-12-01,18.5,,4220.003,52053324635.073,0.0721203844081643,7592.01647349331,59.0,0.0019,0.9062,,83.5,77.9,1.4314264055839399,0.17644151687622098,0.6836351013183589,0.139923410415649,506953,0.88547,Europe,4115000000.0,3549000000.0
0.0101,0.467,86717.216,Greece,2010-12-01,19.0,,27615.332,294222876630.782,0.09383218884409959,2442.04218347796,224.0,0.004,0.444,,83.0,77.9,1.1064551850994802,0.145140333175659,0.664959030151367,0.189900646209717,11153454,0.76292,Europe,12579000000.0,2874000000.0
0.0112,0.48,111751.825,Czech Republic,2010-12-01,20.0,,44042.59,198493579254.644,0.0741494628438601,1404.02265811178,557.0,0.0034,0.6881999999999999,0.0588783333333333,80.6,74.4,1.2255511123538598,0.141924905776978,0.70429443359375,0.153780651092529,10474410,0.7325499999999999,Europe,8017000000.0,4166000000.0
0.0115,0.451,13560.566,Lithuania,2010-12-01,22.0,,7051.988,36709511568.1234,0.0704628078585906,782.02357521073,175.0,0.0055,0.6212,0.059891666666666704,78.8,68.0,1.59395389930509,0.15232118606567402,0.692646179199219,0.15503264427185098,3097282,0.66757,Europe,1034000000.0,936000000.0
0.0094,0.532,66897.081,Austria,2010-12-01,25.0,,34228.207,377679836476.596,0.116407908046491,5272.03285119722,170.0,0.0036,0.7517,,83.2,77.7,1.45692819882684,0.147522401809692,0.674177703857422,0.178299865722656,8389771,0.65852,Europe,20980000000.0,12213000000.0
0.0108,0.555,304804.707,Ukraine,2010-12-01,27.0,,132307.571,136419300367.962,0.0780753352089336,231.290591124143,657.0,0.0101,0.233,0.158683916666667,75.5,65.3,1.1710873476826,0.138961334228516,0.703200988769531,0.157837657928467,45870700,0.68686,Europe,4696000000.0,4134000000.0
0.0125,0.465,1740776.238,Russian Federation,2010-12-01,29.0,,702292.337,1524916112078.87,0.0629969211020922,668.893629302248,320.0,0.010199999999999999,0.43,0.10816666666666701,74.9,63.1,1.65501098738289,0.149207572937012,0.719787139892578,0.131005306243896,142385523,0.73687,Europe,13239000000.0,30169000000.0
0.0108,0.401,317254.172,Poland,2010-12-01,32.0,,101538.531,469799124465.227,0.06986057243299909,859.908976419425,325.0,0.005,0.6232,,80.6,72.1,1.22915294566938,0.150091724395752,0.7146377563476559,0.135270538330078,38183683,0.60892,Europe,9986000000.0,9100000000.0
0.0104,0.568,269674.847,Spain,2010-12-01,47.0,,127748.578,1384844699967.05,0.0960738323530842,2902.05212129608,197.0,0.0039,0.6579999999999999,,84.7,78.7,1.11275766998416,0.149269962310791,0.679689865112305,0.17104019165039103,46576897,0.7844199999999999,Europe,59042000000.0,22733000000.0
0.0185,0.165,,Kosovo,2010-12-01,58.0,,2495.751,5740438191.5017,,,163.0,,,0.143073970552047,72.0,67.9,,0.274774774774775,0.658783783783784,0.0670045045045045,1775680,,Europe,,
0.008609,0.222,31125.496,Bosnia and Herzegovina,2010-12-01,64.0,,6450.705,16775919279.4745,0.09800258356208619,427.457861373089,422.0,0.0065,0.52,0.0788833333333333,78.445,73.294,0.808707857061324,0.173960056304932,0.675331726074219,0.15070818901062,3845929,0.39226,Europe,662000000.0,247000000.0
,,,Andorra,2011-12-01,,,,,0.0718702579666161,3053.14144028507,,0.0024,0.81,,,,0.835343222243627,,,,77865,0.8726,Europe,,
0.0119,,,Faeroe Islands,2011-12-01,,,,,,,,,0.807321728,,84.3,79.2,1.1800972735161799,,,,49551,0.41122,Europe,,
,,,Isle of Man,2011-12-01,,,,,,,,,,,,,,,,,84654,0.52012,Europe,,
0.0109,,,Liechtenstein,2011-12-01,,,,,,,,,0.85,,84.2,79.5,1.0159942838298301,,,,36388,0.1441,Europe,,
,,,Monaco,2011-12-01,,,,6074506533.22213,0.0439960502062859,7179.85260681259,,0.0032,0.8029999999999999,,,,0.8531440380022011,,,,37261,1.0,Europe,,
0.010199999999999999,,,San Marino,2011-12-01,,,,,0.0550974850407609,3552.69411367859,,0.003,0.496,0.0592,86.3381818181819,80.4518181818181,1.14226359185777,,,,31048,0.94104,Europe,,
0.010859,0.084,,"Macedonia, FYR",2011-12-01,3.0,,3121.535,10395222333.7584,0.06944646577066871,343.629741223368,119.0,0.0075,0.5670000000000001,0.088684612553616,77.205,72.655,1.05196707052175,0.17128747940063502,0.710480575561523,0.118232412338257,2103890,0.56962,Europe,242000000.0,159000000.0
0.0092,0.42700000000000005,,Portugal,2011-12-01,3.5,,23084.167,237888302255.978,0.102345397767396,2302.08895765836,275.0,0.0031,0.552499968797194,,83.8,77.3,1.1639013783177399,0.150376558303833,0.6671685028076171,0.18245477676391603,10557560,0.61167,Europe,14882000000.0,4948000000.0
0.0116,0.57,,Belgium,2011-12-01,4.0,,59094.102,513317999899.711,0.105139192506949,4913.74574114208,156.0,0.0036,0.816099959955952,,83.3,78.0,1.13530951157448,0.16811372756958,0.658359832763672,0.17352664947509802,11047744,0.97687,Europe,13008000000.0,24215000000.0
0.0088,0.52,,Hungary,2011-12-01,4.0,,24963.707,137452115092.885,0.0788772894501517,1095.59513971216,277.0,0.0055,0.680199878861296,0.0832038166635834,78.7,71.2,1.16943492779826,0.146076812744141,0.685006484985352,0.16891662597656298,9971727,0.69348,Europe,6929000000.0,3028000000.0
0.0141,0.29600000000000004,,Iceland,2011-12-01,4.5,,5730.909,14042801904.2734,0.0916525195819467,4050.66752104055,140.0,0.0018,0.948196868008949,0.0769807247344558,84.1,80.7,1.0684144175474801,0.207953987121582,0.6687522888183589,0.123303070068359,319014,0.93734,Europe,751000000.0,740000000.0
0.012650999999999999,0.315,,Albania,2011-12-01,5.5,,2173.105,12890867763.1768,0.060284113628381306,242.918890598939,371.0,0.014199999999999999,0.49,0.12432098598767899,80.304,74.172,0.9829153459402271,0.220759620666504,0.675780334472656,0.103461036682129,2829337,0.53247,Europe,1833000000.0,1678000000.0
0.0106,0.264,,Denmark,2011-12-01,5.5,,17997.338,333743578564.372,0.108670919800973,6521.39838155691,135.0,0.0031,0.898100133895232,,81.9,77.8,1.2866152595844802,0.17803440093994102,0.651367492675781,0.170598487854004,5570572,0.86957,Europe,6366000000.0,9840000000.0
0.009,0.677,,Italy,2011-12-01,6.0,,167415.573,2196336800619.84,0.0922561086745107,3339.13188492308,285.0,0.0033,0.543899983018814,0.045991666666666695,85.3,80.1,1.58145882953795,0.14040581703186,0.654283447265625,0.20531078338623002,59379449,0.68444,Europe,45368000000.0,35724000000.0
0.0107,0.33899999999999997,,Slovenia,2011-12-01,6.0,,7248.722,50250147802.3353,0.0885008349045389,2170.60262081168,260.0,0.0026,0.673399948092396,,83.3,76.8,1.05169664473276,0.140761766433716,0.690660629272461,0.168577156066895,2052843,0.49948,Europe,2953000000.0,1315000000.0
0.017439,0.4,,Turkey,2011-12-01,6.0,,112458.678,774754155293.922,0.0612877063630084,644.091124540966,226.0,0.0185,0.43065710430925,,78.09,71.16,0.894100229462257,0.263512134552002,0.664963760375977,0.0715240669250488,73058638,0.71282,Europe,30093000000.0,5372000000.0
0.011,0.5760000000000001,,Estonia,2011-12-01,6.5,,5602.935,22542967739.0121,0.0583627769349399,927.849094650674,81.0,0.0032,0.765,0.0611703270018201,81.3,71.4,1.43926062458188,0.155420866012573,0.668225860595703,0.176350212097168,1327439,0.6796500000000001,Europe,1683000000.0,939000000.0
0.0126,0.647,,France,2011-12-01,6.5,,252826.69,2782210861682.84,0.11634250966063,4968.24753038583,132.0,0.0035,0.778199989926706,,85.7,78.7,0.9407677429777731,0.183106498718262,0.645976715087891,0.170916805267334,65343588,0.78584,Europe,65959000000.0,53914000000.0
0.012199999999999999,0.40700000000000003,,Norway,2011-12-01,7.0,,28136.772,490806911071.277,0.0993586697711933,9908.20987065854,87.0,0.0025,0.934899826515194,,83.6,79.1,1.15811729305301,0.187036418914795,0.6606691741943359,0.152294797897339,4953088,0.7938500000000001,Europe,6301000000.0,16833000000.0
0.0096,0.21899999999999997,,Croatia,2011-12-01,8.0,,8439.154,61520901516.3152,0.0680954365109613,991.819964309936,196.0,0.0043,0.577899789891444,0.0968416666666667,79.9,73.8,1.18301354681113,0.151464834213257,0.6711839294433589,0.17735050201416003,4280622,0.578,Europe,9638000000.0,919000000.0
0.011605,0.22,,Cyprus,2011-12-01,8.0,,2368.062,24851264943.0081,0.074124448431993,2123.18646691115,149.0,0.003,0.5685989235035069,,81.574,77.47,0.977099236641221,0.17441534042358398,0.707706909179688,0.117878608703613,1116513,0.6740600000000001,Europe,2751000000.0,1721000000.0
0.0108,0.396,,Netherlands,2011-12-01,8.0,,77418.588,832755438977.414,0.119368908904552,5997.35144037016,127.0,0.0036,0.914199957622284,0.02,83.1,79.4,1.18979142583501,0.173429870605469,0.6674488830566411,0.159121217727661,16693074,0.87837,Europe,20970000000.0,20884000000.0
0.012317,0.308,,Moldova,2011-12-01,9.0,,3330.688,7016162818.43742,0.113563933625181,223.758736564991,228.0,0.0143,0.38,0.144380437873132,72.553,64.787,0.9080797013092,0.165447902679443,0.722798233032227,0.111753330230713,3559986,0.44859000000000004,Europe,262000000.0,374000000.0
0.0115,0.623,,Belarus,2011-12-01,10.0,,29500.953,59734593904.6402,0.0492365904094982,311.217651202691,654.0,0.0043,0.396488956598961,0.13574999999999998,76.9,64.7,1.1316886253701,0.149463548660278,0.712230224609375,0.13830623626709002,9473000,0.75046,Europe,747000000.0,729000000.0
0.011902,0.209,,Montenegro,2011-12-01,10.0,,1179.077,4501753897.55011,0.0719564303030303,521.919519925118,372.0,0.0057,0.356115412460109,0.0968666666666667,76.897,72.294,1.8675955942537101,0.192577381134033,0.681827239990234,0.125593738555908,620644,0.63274,Europe,926000000.0,70000000.0
0.0096,0.45899999999999996,,Greece,2011-12-01,11.0,,26722.712,289886951188.239,0.08989109233751989,2304.02552478318,224.0,0.0039,0.5164999516768151,,83.6,78.0,1.09078777855686,0.14558985710144,0.662733993530273,0.191675872802734,11123213,0.76649,Europe,14984000000.0,3197000000.0
0.0128,0.361,,United Kingdom,2011-12-01,12.0,,188073.891,2462484285580.42,0.0941835080893083,3658.9385562193,110.0,0.004200000000000001,0.8537999854963221,0.005,83.0,79.0,1.23604198784553,0.17543140411377,0.65605224609375,0.16851636886596702,63258918,0.8157,Europe,45940000000.0,64627000000.0
0.0162,0.254,,Ireland,2011-12-01,13.0,,13216.272,226035376257.007,0.0879110916263707,4305.68925174546,76.0,0.0034,0.748899729670944,,83.0,78.6,1.08479355025289,0.214651222229004,0.6702346801757809,0.11511429786682101,4576794,0.6211099999999999,Europe,9526000000.0,6837000000.0
0.009,0.34,,Serbia,2011-12-01,13.0,,16185.4,43749934551.4044,0.10326481128388601,622.453380570209,279.0,0.0064,0.42200000000000004,0.17170000000000002,77.3,72.0,1.30248336017946,0.16657447814941398,0.6949956512451171,0.138429803848267,7234099,0.5525800000000001,Europe,1149000000.0,1263000000.0
0.009699999999999999,0.431,,Romania,2011-12-01,13.5,,35830.313,182610666615.642,0.0560672740467175,479.652712678299,222.0,0.0115,0.400099967810008,0.121275,78.2,71.1,1.0738719839133801,0.15029007911682102,0.700905532836914,0.148804225921631,20147528,0.5396,Europe,2018000000.0,2295000000.0
0.0111,0.39,,Finland,2011-12-01,14.0,,34749.202,262379400237.966,0.0900185836644871,4411.35637770342,93.0,0.0024,0.8870999491353,,83.8,77.3,1.6589090093975198,0.16439546585083,0.658897323608398,0.176706657409668,5388272,0.8368800000000001,Europe,5591000000.0,6009000000.0
0.0081,0.456,,Germany,2011-12-01,14.5,,311769.547,3628110015052.5,0.11332291907737399,4995.89993629216,221.0,0.0034,0.8126999953602,,83.2,78.4,1.09659567482399,0.132790031433105,0.657322235107422,0.209887676239014,81797673,0.74488,Europe,53399000000.0,100165000000.0
0.0091,0.371,,Latvia,2011-12-01,15.5,,4370.979,28480338367.6157,0.060109175113339505,826.30552672366,290.0,0.0078,0.697499545592245,0.0638833333333333,78.8,68.6,1.11363784342995,0.143216524124146,0.6720362854003911,0.184748134613037,2059709,0.6762,Europe,1102000000.0,920000000.0
0.011800000000000001,0.52,,Sweden,2011-12-01,16.0,,49044.619,536000581090.037,0.09466146882466249,5418.79192991651,122.0,0.0024,0.927699860554046,,83.8,79.9,1.21222292600301,0.16561994552612302,0.649025650024414,0.18535436630249,9449213,0.8521,Europe,12777000000.0,17187000000.0
0.011300000000000001,0.47600000000000003,,Slovak Republic,2011-12-01,17.5,,17348.608,95877536836.2524,0.0794162206276236,1414.8498526203,231.0,0.0065,0.744399971746757,,79.8,72.3,1.09977587439408,0.150277938842773,0.724783172607422,0.124938125610352,5398384,0.5440999999999999,Europe,2514000000.0,2449000000.0
0.0096,0.272,,Bulgaria,2011-12-01,18.0,,19216.137,53542780661.2158,0.07269171630802469,521.529216255151,500.0,0.0109,0.47979993050602604,0.106294583333333,77.8,70.7,1.42846157475629,0.13404577255249,0.6798406982421881,0.18611349105835,7348328,0.72638,Europe,4554000000.0,1498000000.0
0.010199999999999999,0.289,,Switzerland,2011-12-01,18.0,,25374.773,658867317929.335,0.110148072885423,9247.82352234932,63.0,0.0038,0.851930281804854,0.027183333333333302,85.0,80.5,1.27383212047706,0.149033756256104,0.679264602661133,0.171701545715332,7912398,0.7370099999999999,Europe,20640000000.0,16612000000.0
0.0109,0.198,,Luxembourg,2011-12-01,18.5,,4170.567,58009863402.8645,0.0669566400623114,7751.33451200984,59.0,0.0018,0.900298585646936,,83.6,78.5,1.48150665830022,0.175306186676025,0.68458869934082,0.14010705947876,518347,0.8890600000000001,Europe,4825000000.0,3822000000.0
0.0104,0.48100000000000004,,Czech Republic,2011-12-01,19.5,,43429.227,216061200559.451,0.07465972410884661,1545.46700600947,557.0,0.0032,0.7049,0.0571783333333333,81.1,74.8,1.24094374564899,0.14332067489624,0.698938064575195,0.157741413116455,10496088,0.73185,Europe,8503000000.0,4660000000.0
0.0114,0.431,,Lithuania,2011-12-01,22.0,,7287.045,43083067994.0349,0.0669028498557811,887.278902369073,175.0,0.005,0.6363997740021791,,79.3,68.1,1.62221828001498,0.151464862823486,0.6931349945068359,0.155400495529175,3028115,0.66672,Europe,1417000000.0,874000000.0
0.011,0.5710000000000001,,Ukraine,2011-12-01,24.0,,126437.517,163421733018.726,0.07337726819954861,261.806293018189,657.0,0.0096,0.28708262840071297,0.15947224999999998,75.88,65.98,1.2133881958672301,0.139999237060547,0.7042990875244141,0.155701599121094,45706100,0.68876,Europe,5406000000.0,4829000000.0
0.009300000000000001,0.523,,Austria,2011-12-01,25.0,,33018.807,415984217114.769,0.113449205287178,5643.00535000918,170.0,0.0034,0.787399930986888,,83.8,78.3,1.5442603899730698,0.146075429916382,0.673221435546875,0.180703296661377,8406187,0.65858,Europe,22453000000.0,12920000000.0
0.0101,0.387,,Spain,2011-12-01,28.0,,125570.495,1454534452553.67,0.09296947773791439,2977.667238016,187.0,0.0037,0.6759999999999999,,85.6,79.5,1.13063539398157,0.150607995986938,0.6765290832519529,0.172862873077393,46742697,0.78673,Europe,67698000000.0,23583000000.0
0.0126,0.469,,Russian Federation,2011-12-01,29.0,,730969.878,1904793021649.09,0.060613914196823895,802.514229149409,290.0,0.0096,0.49,0.0845833333333333,75.6,64.0,1.4204843283257,0.15149016380310099,0.718472518920898,0.130037269592285,142956460,0.73732,Europe,16961000000.0,37343000000.0
0.0101,0.395,,Poland,2011-12-01,32.0,,101312.95,515771297421.358,0.0683826017078423,915.372594018797,296.0,0.0047,0.6194999896898,,81.1,72.6,1.31293678315893,0.149294538497925,0.7132292938232421,0.137476148605347,38534157,0.6078,Europe,11598000000.0,8882000000.0
0.01,0.41,,Malta,2011-12-01,39.5,,857.481,9302057269.94718,0.08747174676822929,1900.14916707758,139.0,0.0054,0.6801982378854621,0.0474583333333333,83.0,78.6,1.22373790916511,0.1531067943573,0.697058334350586,0.149832534790039,416268,0.94833,Europe,1465000000.0,401000000.0
0.008716,0.237,,Bosnia and Herzegovina,2011-12-01,40.0,,7095.337,18252896438.9793,0.09917481591148171,471.246001163605,422.0,0.0063,0.6,0.0743166666666667,78.591,73.459,0.826000788680918,0.169049892425537,0.678006973266602,0.152942628860474,3839322,0.39291,Europe,734000000.0,238000000.0
0.0183,0.154,,Kosovo,2011-12-01,58.0,,2527.546,6630214451.68158,,,164.0,,,0.138628788882954,72.3,68.1,,,,,1790957,,Europe,,
0.0095,,,Andorra,2012-12-01,,,,,0.08302019203164379,3056.72483588406,,0.0023,0.864344246167258,,,,0.815020418580909,,,,78360,0.86708,Europe,,
0.0128,,,Faeroe Islands,2012-12-01,,,,,,,,,0.8533518923921091,,84.6,79.6,1.1861592534238299,,,,49506,0.41323,Europe,,
,,,Isle of Man,2012-12-01,,,,,,,,,,,,,,,,,85284,0.52042,Europe,,
0.009699999999999999,,,Liechtenstein,2012-12-01,,,,,,,,,0.894077,,85.2,79.7,0.973510475774771,,,,36656,0.14365,Europe,,
,,,Monaco,2012-12-01,,,,,0.043994578925686104,6708.34306857428,,0.0031,0.87,,,,0.883339098964847,,,,37579,1.0,Europe,,
0.010775999999999999,0.08199999999999999,,"Macedonia, FYR",2012-12-01,2.0,36.0,,9576482627.85992,0.0713030871044744,327.271466981659,119.0,0.0065,0.57449947312961,0.0849512418361093,77.372,72.802,1.0616862377260399,0.168894481658936,0.710691375732422,0.120415563583374,2105575,0.56959,Europe,237000000.0,153000000.0
0.0085,0.42,,Portugal,2012-12-01,3.5,29.0,21948.622,212140251057.284,0.0944812924553169,1904.78246314587,275.0,0.0031,0.603399974868057,,83.6,77.3,1.1396695940438,0.149159212112427,0.6658392333984381,0.185001430511475,10514844,0.61758,Europe,14559000000.0,4490000000.0
0.0114,0.5760000000000001,,Belgium,2012-12-01,4.0,32.0,57286.441,482918013610.427,0.10794123506658,4710.63289658067,156.0,0.0036,0.8071999054820419,,83.1,77.8,1.11331548237153,0.16881103515625,0.654861526489258,0.17632787704467798,11128246,0.97732,Europe,12659000000.0,23784000000.0
0.0141,0.306,,Iceland,2012-12-01,4.5,13.0,6021.434,13586213061.2658,0.0906125893521498,3872.17976462997,140.0,0.0017,0.962097995545657,0.083243387717752,84.3,81.6,1.08054513037528,0.20707527160644498,0.667376556396484,0.125548152923584,320716,0.9384,Europe,865000000.0,780000000.0
0.012756,0.32,,Albania,2012-12-01,4.5,82.0,,12344532541.1994,0.0597295013119769,227.510854115106,357.0,0.013800000000000002,0.546559590399494,0.108803465425902,80.46,74.389,1.1068653163120599,0.213295478820801,0.68104377746582,0.105661363601685,2801681,0.5433,Europe,1623000000.0,1374000000.0
0.0105,0.392,,Netherlands,2012-12-01,5.0,30.0,78219.907,770066718924.593,0.12437091791072201,5736.97539720554,127.0,0.0035,0.9285999235952499,0.01625,83.0,79.3,1.17966846751033,0.172080764770508,0.6634661102294921,0.16445308685302698,16754962,0.88575,Europe,20527000000.0,20346000000.0
0.0091,0.495,,Hungary,2012-12-01,5.0,52.0,23499.064,124600394632.115,0.0782257447843671,986.788599823789,277.0,0.0053,0.7057999815383801,0.09009300829133339,78.7,71.6,1.1607055595845899,0.146210451126099,0.6833612060546881,0.17042810440063502,9920362,0.6983199999999999,Europe,5923000000.0,2514000000.0
0.0104,0.27,,Denmark,2012-12-01,5.5,5.0,17040.577,315164386681.752,0.111945456924253,6303.73425874701,130.0,0.003,0.922600117153012,,82.1,78.1,1.3027989767335502,0.17658294677734399,0.64864372253418,0.17477258682251,5591572,0.87142,Europe,6135000000.0,9600000000.0
0.0107,0.33899999999999997,,Slovenia,2012-12-01,6.0,31.0,7142.986,45379174408.3258,0.0875960193197486,1941.95845940208,260.0,0.0024,0.683499745287825,,83.3,77.1,1.08388140156511,0.14155177116394,0.687944259643555,0.170504951477051,2057159,0.49856,Europe,2841000000.0,1085000000.0
0.009,0.677,,Italy,2012-12-01,6.0,67.0,158615.98,2013265404945.58,0.0916696622507425,3032.48773125558,269.0,0.0031,0.55829997993283,0.052225,85.6,80.4,1.5969214247683299,0.140425176620483,0.651346054077148,0.208228759765625,59539717,0.6856,Europe,43036000000.0,32798000000.0
0.017135,0.4,,Turkey,2012-12-01,6.0,72.0,115701.153,788863301681.214,0.0629560631353327,664.63506871469,226.0,0.0174,0.45130000000000003,,78.393,71.5,0.9146374843088501,0.260007762908936,0.6674002838134769,0.0725919389724731,73997128,0.71834,Europe,32249000000.0,4604000000.0
0.0106,0.664,,Estonia,2012-12-01,6.5,21.0,5720.651,22376042497.826,0.0594272767051806,1010.14789791416,81.0,0.0029,0.783899259259259,0.05747075316481989,81.6,71.5,1.60410775516781,0.15688600540161102,0.6649439239501951,0.17816928863525403,1325016,0.6783499999999999,Europe,1588000000.0,958000000.0
0.0126,0.647,,France,2012-12-01,6.5,35.0,251705.862,2611221313281.69,0.117474341450952,4689.98676583864,132.0,0.0035,0.8144,,86.1,79.2,0.973777528746261,0.182590675354004,0.642751388549805,0.174657878875732,65676758,0.7881999999999999,Europe,63530000000.0,47159000000.0
0.012,0.40700000000000003,,Norway,2012-12-01,7.0,7.0,29818.444,500029909755.049,0.0900930637239937,9055.35144423857,87.0,0.0023,0.946499780533304,,83.5,79.5,1.166823158369,0.186367492675781,0.658617401123047,0.155014295578003,5018573,0.7966500000000001,Europe,5353000000.0,17559000000.0
0.011542,0.222,,Cyprus,2012-12-01,8.0,38.0,,22766912960.0,0.07315290809703791,1949.0252587988,147.0,0.0029,0.6068986840019029,,81.711,77.662,0.984004343690046,0.171577529907227,0.7081809234619141,0.120241556167603,1128994,0.6726099999999999,Europe,2709000000.0,1637000000.0
0.009800000000000001,0.218,,Croatia,2012-12-01,8.0,88.0,,56155732956.8311,0.06823136452623829,908.31304565667,196.0,0.004,0.619399731527956,0.0948083333333333,80.1,73.9,1.15413604703695,0.149841136932373,0.670254974365234,0.179903202056885,4267558,0.58074,Europe,8865000000.0,962000000.0
0.012244999999999999,0.308,,Moldova,2012-12-01,9.0,86.0,,7284686576.2835,0.11724295603663198,238.905059451238,220.0,0.013800000000000002,0.4337,0.13418154344452599,72.687,64.89,1.01989027370681,0.16519495010376,0.7224614715576171,0.112344675064087,3559519,0.44856999999999997,Europe,294000000.0,420000000.0
0.01,0.429,,Romania,2012-12-01,9.5,73.0,,169396055590.796,0.0511147641161811,419.731004600437,216.0,0.0109,0.458799942529424,0.113291666666667,78.2,71.1,1.0498860914961,0.150499057769775,0.699907455444336,0.149593648910522,20076727,0.54091,Europe,1919000000.0,2112000000.0
0.0157,0.255,,Ireland,2012-12-01,10.0,15.0,13349.665,210638080064.386,0.0808534738249975,3708.49862859005,80.0,0.0033,0.76919992540097,,83.2,78.7,1.07212891918293,0.215436115264893,0.666987609863281,0.117576904296875,4586897,0.6238600000000001,Europe,9064000000.0,6001000000.0
0.011753999999999999,0.209,,Montenegro,2012-12-01,10.0,50.0,,4045813953.48837,0.075698081168625,493.131740418006,320.0,0.0053,0.5683878254906309,0.095625,77.028,72.385,1.5953941595379701,0.19012174606323198,0.682252426147461,0.127625865936279,621081,0.63457,Europe,860000000.0,67000000.0
0.012199999999999999,0.605,,Belarus,2012-12-01,10.0,64.0,,63615445566.8483,0.050364315995900306,338.752765885264,338.0,0.004,0.46909999999999996,0.194916666666667,77.8,66.6,1.13517925439791,0.151042776107788,0.711293563842773,0.137663545608521,9464000,0.75467,Europe,986000000.0,781000000.0
0.0128,0.35,,United Kingdom,2012-12-01,12.0,11.0,192380.725,2461768284867.76,0.09435441040468,3647.46728892999,110.0,0.004,0.874799984242111,0.005,83.6,79.5,1.24761816931192,0.175388565063477,0.65297737121582,0.171634006500244,63695687,0.8183400000000001,Europe,45966000000.0,66182000000.0
0.0086,0.34,,Serbia,2012-12-01,12.0,87.0,,38110737578.742,0.10469618755424101,561.14250319743,279.0,0.0060999999999999995,0.48100000000000004,0.182,78.0,72.6,1.17774457107329,0.16451360702514597,0.6951953125,0.140290870666504,7199077,0.5530700000000001,Europe,1066000000.0,1176000000.0
0.009,0.441,,Greece,2012-12-01,12.0,89.0,25990.911,248424267493.672,0.0927133749387094,2044.28601914321,202.0,0.0038,0.550699934418411,,83.4,78.0,1.2009630155189799,0.145963478088379,0.6600112915039059,0.19402534484863299,11092771,0.77,Europe,13313000000.0,2392000000.0
0.0103,0.47100000000000003,,Slovak Republic,2012-12-01,13.5,43.0,16675.898,91347809328.0226,0.07803428492716509,1325.81155338957,207.0,0.0063,0.767099901181121,,79.9,72.5,1.11912191454742,0.150032587051392,0.722934417724609,0.127032661437988,5407579,0.54163,Europe,2365000000.0,2307000000.0
0.011,0.406,,Finland,2012-12-01,14.0,12.0,33475.473,247143237013.414,0.0914798759699489,4231.91191437263,93.0,0.0022,0.8987999797422199,,83.7,77.7,1.7232242931729602,0.16415319442749,0.652597045898438,0.18325048446655298,5413971,0.83819,Europe,5415000000.0,5839000000.0
0.008400000000000001,0.45899999999999996,,Germany,2012-12-01,14.5,19.0,307381.334,3425956470873.76,0.112830094052464,4683.17956040464,207.0,0.0033,0.8234999847383919,,83.3,78.6,1.11594039820304,0.131659698486328,0.657331237792969,0.21100902557373,80425823,0.74688,Europe,51581000000.0,96361000000.0
0.009800000000000001,0.359,,Latvia,2012-12-01,15.5,24.0,,28372577696.5265,0.0598605616459302,792.498292226024,264.0,0.0076,0.7311994376637481,0.055175,78.9,68.9,1.12112629026591,0.145705165863037,0.668986282348633,0.1853076171875,2034319,0.67548,Europe,1068000000.0,863000000.0
0.0119,0.52,,Sweden,2012-12-01,16.0,14.0,48877.07,523941063360.369,0.0961243748160302,5319.42700243244,122.0,0.0024,0.9317998800651079,,83.6,79.9,1.24572170004289,0.167077045440674,0.643801651000977,0.18912130355835,9519374,0.85363,Europe,12415000000.0,17664000000.0
0.0103,0.29100000000000004,,Switzerland,2012-12-01,18.0,27.0,25499.57,631183475907.878,0.112954643570234,8979.96589877942,63.0,0.0037,0.852,0.0268833333333333,84.9,80.6,1.3205637232805298,0.14791909217834498,0.677645950317383,0.17443508148193398,7996861,0.73739,Europe,19439000000.0,16675000000.0
0.0095,0.27699999999999997,,Bulgaria,2012-12-01,18.0,57.0,,51303659417.9095,0.0741736012936938,515.528895460446,454.0,0.0105,0.518999876658503,0.0971420833333333,77.9,70.9,1.48131112140417,0.13530707359314,0.675478439331055,0.18921434402465798,7305888,0.7297100000000001,Europe,4202000000.0,1475000000.0
0.013300000000000001,0.541,,Russian Federation,2012-12-01,18.0,111.0,,2017470930421.08,0.0625549607264656,886.884430010146,177.0,0.0091,0.638,0.091,76.3,64.9,1.4532762959200598,0.154488573074341,0.715913391113281,0.129597988128662,143178000,0.73786,Europe,17876000000.0,48096000000.0
0.011300000000000001,0.2,,Luxembourg,2012-12-01,18.5,56.0,4079.802,55143457330.3577,0.0685212011079173,7452.08637997907,59.0,0.0017,0.919499237417387,,83.8,79.1,1.4535994684426001,0.174556655883789,0.6846588897705079,0.14078634262085,530946,0.89247,Europe,4613000000.0,3582000000.0
0.010199999999999999,0.43,,Lithuania,2012-12-01,19.5,25.0,,42343559195.8302,0.0665260151836611,859.176303445046,175.0,0.0045,0.672299893276414,,79.6,68.4,1.65055830964312,0.151285448074341,0.692929229736328,0.15578535079956102,2987773,0.66604,Europe,1430000000.0,1058000000.0
0.0103,0.48100000000000004,,Czech Republic,2012-12-01,19.5,68.0,42822.936,196446226535.564,0.0766162718179271,1431.7689428452,413.0,0.0031,0.7343000782410359,0.054067232372472705,81.2,75.1,1.26846485068411,0.145566091537476,0.692313232421875,0.162121086120605,10510785,0.73115,Europe,7758000000.0,4379000000.0
0.0114,0.5539999999999999,,Ukraine,2012-12-01,22.0,140.0,,176603428857.465,0.0756238795776034,292.844739922589,491.0,0.0091,0.3527,0.18392216666666703,76.02,66.11,1.30339920910072,0.14178844451904302,0.705167617797852,0.153043985366821,45593300,0.69072,Europe,5988000000.0,5536000000.0
0.0094,0.524,,Austria,2012-12-01,25.0,28.0,32896.322,394457535617.266,0.11465999854456699,5407.46070080707,170.0,0.0033,0.800299939169903,,83.6,78.4,1.60539738665691,0.145132627487183,0.672370986938477,0.18249628067016602,8429991,0.65864,Europe,21446000000.0,12352000000.0
0.009699999999999999,0.387,,Spain,2012-12-01,28.0,46.0,124678.985,1322481642058.38,0.096183814553136,2807.65754514149,167.0,0.0037,0.6980999994200241,,85.4,79.5,1.08364017518641,0.152017679214478,0.672879867553711,0.175102462768555,46761264,0.78902,Europe,63198000000.0,21749000000.0
0.01,0.39799999999999996,,Poland,2012-12-01,32.0,48.0,96542.575,490212958697.989,0.0671904884438375,854.062662874594,286.0,0.0045,0.623099972714691,,81.1,72.7,1.4154645671483899,0.149101104736328,0.710407562255859,0.14049131393432598,38535873,0.60688,Europe,11835000000.0,9038000000.0
0.008833,0.237,,Bosnia and Herzegovina,2012-12-01,37.0,130.0,,16853238733.4122,0.0988722343943636,446.625435875071,407.0,0.006,0.653560944772989,0.0689083333333333,78.74,73.627,0.8757471473031749,0.163460807800293,0.681966705322266,0.15457303047180201,3833916,0.39378,Europe,665000000.0,194000000.0
0.009800000000000001,0.409,,Malta,2012-12-01,39.5,100.0,,8863076923.07692,0.09089727564125831,1834.68328178865,139.0,0.0054,0.681998742928975,0.047025,83.0,78.6,1.24420942388794,0.149795217514038,0.694165496826172,0.156034631729126,419455,0.94991,Europe,1451000000.0,408000000.0
0.0099,0.42200000000000004,,San Marino,2012-12-01,40.0,74.0,,,0.0653687586395784,3791.83258271244,52.0,0.0029,0.508826,,,,1.15211060261785,,,,31247,0.94123,Europe,,
0.018,0.154,,Kosovo,2012-12-01,52.0,96.0,,6445460830.3154,,,164.0,,,0.12860160374287,72.7,68.4,,,,,1807106,,Europe,,
0.01862,,19207.746,Bahrain,2005-12-01,,,7332.393,15969151305.8362,0.037446222997273,573.022305977733,,0.0094,0.213037335136591,0.07821853582554521,76.298,74.725,0.872169808102927,0.269062938690186,0.708502426147461,0.022434606552124002,879534,0.884,Middle East,1603000000.0,574000000.0
0.015319000000000001,,51880.716,Qatar,2005-12-01,,,16638.011,44530493222.1334,0.030125620571979202,1633.675447822,,0.0089,0.24733493781051,0.0665166666666667,78.334,76.606,0.8728674958199321,0.23734502792358397,0.7491326141357421,0.0135223507881165,821159,0.97449,Middle East,760000000.0,1759000000.0
0.030143,0.311,21026.578,Jordan,2005-12-01,16.0,,6676.904,12582876895.2338,0.08882469152633521,213.416052129372,136.0,0.0202,0.129328520457507,0.0760666666666667,74.197,71.155,0.598864339295765,0.37899387359619097,0.589215354919434,0.031790750026702896,5411000,0.8117700000000001,Middle East,1759000000.0,653000000.0
0.016302,0.14400000000000002,116148.558,United Arab Emirates,2005-12-01,19.0,,43231.202,180617023539.137,0.0232022392582157,1029.82543073245,12.0,0.008400000000000001,0.4,,76.613,74.6,1.09285872848186,0.20038599014282202,0.7913510894775391,0.008262947201728819,4148883,0.82262,Middle East,3218000000.0,6186000000.0
0.0208,0.391,60245.143,Israel,2005-12-01,20.0,,18477.697,133959001782.531,0.0769819314386967,1479.86503250972,230.0,0.0045,0.251940424216829,0.06767321708333329,82.2,78.2,1.17464860864636,0.27854284286499,0.621187400817871,0.100269746780396,6930100,0.91518,Middle East,3427000000.0,3780000000.0
0.018084,0.442,469328.329,"Iran, Islamic Rep.",2005-12-01,28.0,,172442.469,192014940324.054,0.053271871130426696,156.109420727272,344.0,0.0217,0.081,0.16,73.076,69.986,0.121314665514432,0.25823144912719703,0.692538757324219,0.0492298030853271,70152384,0.6755800000000001,Middle East,1025000000.0,4112000000.0
0.034307000000000004,0.242,114769.766,Iraq,2005-12-01,32.0,,26866.409,49954890353.2609,0.0413339427832996,54.7926563415976,312.0,0.033,0.009000000000000001,0.13651666666666698,72.331,66.624,0.055995816933493,0.419414329528809,0.546041221618652,0.0345444512367249,27377045,0.68766,Middle East,186000000.0,627000000.0
0.021263,0.107,71546.837,Kuwait,2005-12-01,35.0,,26398.761,80797945205.4795,0.023698334970118303,833.849423804588,98.0,0.0101,0.259261083689107,0.0749825833333333,74.649,72.871,0.60187065009402,0.255027408599854,0.7120851135253911,0.032887487411499,2296314,0.98187,Middle East,413000000.0,4997000000.0
0.021564,0.195,29893.384,Oman,2005-12-01,35.0,,10771.988,30905071770.5812,0.0260173886598117,330.957826185728,52.0,0.011,0.0668358142020519,0.07066,76.587,72.332,0.52856987105151,0.35114902496337896,0.624082145690918,0.0247688150405884,2522325,0.7240000000000001,Middle East,627000000.0,863000000.0
0.027125,0.433,50633.936,Syrian Arab Republic,2005-12-01,43.0,,20792.054,28858965517.2414,0.04109697764265421,62.5699277179937,336.0,0.0161,0.0564810604883917,0.08,76.641,72.884,0.162379061313618,0.38625675201416,0.579693183898926,0.0340500640869141,18167367,0.53783,Middle East,2035000000.0,584000000.0
0.014128,0.354,16244.81,Lebanon,2005-12-01,46.0,,5023.246,21287562189.0547,0.0780302733577445,419.739109989383,180.0,0.0123,0.1014,0.10640000000000001,79.126,75.115,0.249207585408585,0.27906888961792,0.6462807464599609,0.0746503829956055,3986865,0.86584,Middle East,5969000000.0,3565000000.0
0.035337,1.952,20043.822,"Yemen, Rep.",2005-12-01,63.0,,6588.596,16753787028.2859,0.045804801005044894,42.2389346010913,248.0,0.056100000000000004,0.010485979341782602,0.18,62.903,60.232,0.113088249102108,0.456720581054688,0.516836395263672,0.026442997455596903,20139661,0.28936,Middle East,181000000.0,224000000.0
0.023158,0.145,397642.146,Saudi Arabia,2005-12-01,67.0,,145540.236,328459608764.111,0.0354806554376862,465.746875266787,69.0,0.016800000000000002,0.127050359882849,,75.776,72.188,0.573679447690442,0.342958717346191,0.6260614776611331,0.0309797859191895,24690067,0.80979,Middle East,4626000000.0,9087000000.0
0.018052,,19497.439,Bahrain,2006-12-01,,,8092.774,18505250857.3476,0.0359210793785548,598.780161626146,,0.009,0.282439524318043,0.0797523943035158,76.449,74.91,0.954237389728808,0.251664905548096,0.726543197631836,0.0217981791496277,950951,0.8841899999999999,Middle East,1786000000.0,639000000.0
0.014323,,56735.824,Qatar,2006-12-01,,,19606.402,60882141102.5301,0.025829323439437498,1625.19597121745,,0.0086,0.289741127135829,0.0718,78.473,76.724,0.950569552357271,0.20968849182128899,0.777513885498047,0.012798650264739999,967602,0.9775400000000001,Middle East,874000000.0,3751000000.0
0.03005,0.311,20733.218,Jordan,2006-12-01,16.0,,6853.005,15056937190.1336,0.0808490362506323,224.233722559521,136.0,0.0197,0.138671087882097,0.08178333333333329,74.374,71.303,0.7999969054481799,0.373700828552246,0.594170722961426,0.0321284484863281,5536000,0.8144199999999999,Middle East,2426000000.0,956000000.0
0.016364999999999998,0.14400000000000002,123874.927,United Arab Emirates,2006-12-01,19.0,,45910.659,222105928740.596,0.0232733110142863,1108.60816172008,12.0,0.008199999999999999,0.52,,76.824,74.825,1.13201428571722,0.1800754737854,0.81314323425293,0.006781880259513861,4875639,0.82648,Middle East,4972000000.0,8827000000.0
0.021,0.382,65976.664,Israel,2006-12-01,20.0,,20380.274,150985573252.839,0.0743721043821328,1524.32646990799,230.0,0.0043,0.278810744577346,0.08089151816666669,82.5,87.7,1.24338839618682,0.277129192352295,0.622025413513184,0.100845851898193,7053700,0.9158,Middle East,3802000000.0,4085000000.0
0.0183,0.442,509889.016,"Iran, Islamic Rep.",2006-12-01,28.0,,180242.381,222880533511.287,0.0507449624250165,174.35617325926,344.0,0.0205,0.0876,0.14,73.53,70.21,0.21676570120647098,0.248539257049561,0.701424331665039,0.050036387443542496,70976584,0.68239,Middle East,1464000000.0,5066000000.0
0.033933,0.278,99544.382,Iraq,2006-12-01,32.0,,21503.011,65141035027.9406,0.029990546080446098,58.4343646045871,312.0,0.0325,0.009523442438391901,0.144833333333333,72.281,66.054,0.333000975089345,0.418370704650879,0.547189445495605,0.0344398069381714,28064095,0.6881900000000001,Middle East,170000000.0,526000000.0
0.02131,0.107,73769.039,Kuwait,2006-12-01,35.0,,25780.21,101561153806.389,0.022450331253817398,943.156049878968,98.0,0.01,0.287911979549612,0.0857895,74.727,72.95,0.487942021431718,0.254741268157959,0.714596176147461,0.0306629514694214,2417445,0.98202,Middle East,508000000.0,6074000000.0
0.021522,0.203,39603.6,Oman,2006-12-01,35.0,,15182.548,36803641389.0007,0.023395380675937202,345.716976291514,52.0,0.0107,0.08299716672502999,0.07404,76.966,72.686,0.7115818396378729,0.340411491394043,0.634929656982422,0.0246592330932617,2554905,0.72967,Middle East,749000000.0,894000000.0
0.02262,0.145,432739.003,Saudi Arabia,2006-12-01,42.0,,158213.832,376900133511.348,0.0373724855871939,537.438292477594,79.0,0.016399999999999998,0.194595543513634,,76.021,72.424,0.7764484349952641,0.33529224395752005,0.63423412322998,0.0304737091064453,25371936,0.81204,Middle East,4769000000.0,12979000000.0
0.026569,0.433,53589.538,Syrian Arab Republic,2006-12-01,43.0,,21629.615,33332844574.7801,0.0382503991673773,66.2807653187003,336.0,0.0154,0.0783255156888787,0.08,76.921,72.971,0.248605231589998,0.38004470825195297,0.585481910705566,0.034473435878753705,18804914,0.54154,Middle East,2113000000.0,585000000.0
0.013514,0.354,14499.318,Lebanon,2006-12-01,46.0,,4773.651,21796351575.4561,0.08142217740401991,442.845697431629,180.0,0.0114,0.15,0.1026,79.729,75.566,0.271195833740827,0.273523387908936,0.65014045715332,0.0763368892669678,4079823,0.8670300000000001,Middle East,5457000000.0,3783000000.0
0.034588,0.479,20795.557,"Yemen, Rep.",2006-12-01,63.0,,7053.856,19081726103.2145,0.0481712888701496,51.6207592041702,248.0,0.0538,0.0124782404904485,0.18,63.097,60.445,0.144120715251407,0.44944610595703094,0.524189529418945,0.0263641738891602,20661714,0.29486999999999997,Middle East,181000000.0,225000000.0
0.013425000000000001,0.113,67241.779,Qatar,2007-12-01,7.0,,22790.308,79712085614.7994,0.0231252912973251,1599.50241138974,36.0,0.008400000000000001,0.37,0.0742833333333333,78.614,76.851,1.09696397008484,0.182615604400635,0.8051036834716799,0.012280696630477901,1152459,0.9802299999999999,Middle East,,
0.017521000000000002,0.147,22398.036,Bahrain,2007-12-01,9.0,,8962.287,21730590263.3604,0.0361958388749712,647.669741547121,36.0,0.0085,0.32909999999999995,0.0826634267912772,76.6,75.083,1.08100523754956,0.233085975646973,0.745754623413086,0.0211594295501709,1032353,0.88441,Middle East,1854000000.0,671000000.0
0.029902,0.311,21539.958,Jordan,2007-12-01,13.0,,7209.461,17110610000.1257,0.08345509924658319,252.475392194189,136.0,0.019100000000000002,0.2,0.0867666666666667,74.549,71.449,0.843663806150652,0.36786811828613303,0.599579277038574,0.0325526332855225,5661000,0.81704,Middle East,2754000000.0,1024000000.0
0.016395,0.14400000000000002,139404.672,United Arab Emirates,2007-12-01,18.0,,51975.446,257916140791.417,0.0247847344597091,1183.63419153591,12.0,0.008,0.61,,77.031,75.04,1.33362864082485,0.162069644927979,0.8325439453125,0.005386256575584411,5797347,0.8301900000000001,Middle East,6072000000.0,11273000000.0
0.0211,0.35200000000000004,66424.038,Israel,2007-12-01,20.0,,20700.248,174967936223.558,0.074990400614106,1729.87851129008,230.0,0.0040999999999999995,0.481280621948445,0.06856430050000001,82.4,87.7,1.2845472800555502,0.275304794311523,0.623007888793945,0.101687602996826,7180100,0.9164100000000001,Middle East,4405000000.0,4669000000.0
0.022135000000000002,0.145,393535.106,Saudi Arabia,2007-12-01,20.0,,144109.484,415909018143.01,0.0374835398163835,565.750708471168,79.0,0.016,0.3,,76.259,72.652,1.09586402395713,0.327727890014648,0.642067108154297,0.030205023288726804,25915624,0.81427,Middle East,6907000000.0,21031000000.0
0.018550999999999998,0.442,539789.734,"Iran, Islamic Rep.",2007-12-01,28.0,,190619.83,286057933325.518,0.051089888222747,219.913642126418,344.0,0.019399999999999997,0.0947,0.12,73.96,70.443,0.41457072524350896,0.24228506088256802,0.7071347045898441,0.0505802726745605,71809219,0.68864,Middle East,1950000000.0,7335000000.0
0.033542999999999996,0.278,62834.045,Iraq,2007-12-01,32.0,,23695.803,88837727881.3965,0.0369178169800468,95.494405809527,312.0,0.0319,0.009300000000000001,0.19466666666666702,72.284,65.598,0.48785402407671596,0.41746772766113305,0.5481655883789059,0.0343666100502014,28740630,0.6887300000000001,Middle East,555000000.0,705000000.0
0.02141,0.107,75235.839,Kuwait,2007-12-01,35.0,,26388.952,114721830985.916,0.0212518277189159,953.537955290135,98.0,0.0099,0.348,0.0853628333333333,74.814,73.027,0.558293410361185,0.254384098052979,0.717817764282227,0.027798521518707302,2554920,0.98217,Middle East,530000000.0,7267000000.0
0.021576,0.12,44587.053,Oman,2007-12-01,35.0,,17583.025,41901170688.8693,0.024637533732442,403.069317629567,62.0,0.0104,0.1668,0.07285,77.321,73.025,0.9728614462402599,0.326901664733887,0.64867561340332,0.0244223237037659,2569739,0.73527,Middle East,905000000.0,952000000.0
0.02608,0.433,57428.887,Syrian Arab Republic,2007-12-01,43.0,,22802.894,40405006007.2086,0.0379904047763706,79.3888548741187,336.0,0.0148,0.115,0.1017,77.148,72.95,0.318722456387112,0.373279342651367,0.591694831848145,0.0350257301330566,19561477,0.54529,Middle East,2972000000.0,710000000.0
0.013079,0.354,14972.361,Lebanon,2007-12-01,46.0,,4205.685,24577114427.8607,0.079645078240733,480.160222017278,180.0,0.0106,0.18739999999999998,0.102558333333333,80.275,75.996,0.30436157381988,0.26620985031127903,0.655292663574219,0.0784972667694092,4139813,0.86822,Middle East,5796000000.0,3914000000.0
0.033902999999999996,0.479,21712.307,"Yemen, Rep.",2007-12-01,63.0,,7014.225,25633674563.5493,0.049176609716415,57.4373624695159,248.0,0.0516,0.0501,0.18,63.293,60.651,0.205314263954737,0.44178150177002,0.5317790222167971,0.0264395117759705,21182162,0.30042,Middle East,425000000.0,247000000.0
0.012675,0.113,67997.181,Qatar,2008-12-01,7.0,,23642.322,115270051622.992,0.0187458328615043,1589.8760148151,36.0,0.0081,0.44299999999999995,0.06844166666666669,78.756,76.987,1.0517778493930598,0.16073633193969702,0.8273941802978519,0.0118702328205109,1359114,0.98261,Middle East,,
0.017047999999999997,0.135,24301.209,Bahrain,2008-12-01,9.0,,9771.063,25711147928.7207,0.0409903913173814,726.656257387442,36.0,0.0079,0.5195000000000001,0.082234606141522,76.749,75.241,1.29097933941317,0.216553554534912,0.7628019714355471,0.0206462502479553,1116038,0.88468,Middle East,1927000000.0,704000000.0
0.012827999999999999,0.36,16655.514,Lebanon,2008-12-01,11.0,,5425.674,28829850746.2687,0.0746494887948172,529.339844242256,180.0,0.0099,0.2253,0.09964166666666671,80.752,76.399,0.340891065835214,0.25731517791748,0.6618348693847661,0.08084946632385251,4186088,0.86942,Middle East,6317000000.0,4297000000.0
0.029665,0.311,20762.554,Jordan,2008-12-01,13.0,,7068.537,21971835255.5528,0.0877647004501905,326.235115068153,136.0,0.0185,0.23,0.090275,74.725,71.591,0.898897381615448,0.36188240051269505,0.605091667175293,0.033025600910186796,5786000,0.81964,Middle East,3539000000.0,1140000000.0
0.033296,0.478,22207.352,"Yemen, Rep.",2008-12-01,13.0,,7207.839,30397203368.9725,0.0511744659477647,68.7492134011363,248.0,0.0495,0.0689,0.18,63.489,60.851,0.29695574060139696,0.434018859863281,0.539339637756348,0.0266414213180542,21703571,0.30602,Middle East,886000000.0,246000000.0
0.021675,0.21600000000000003,41066.733,Oman,2008-12-01,14.0,,18678.541,60743823636.5981,0.0205809763150663,472.708842020838,62.0,0.010199999999999999,0.2,0.07099,77.65,73.349,1.24130343166419,0.310578708648682,0.665158920288086,0.0242615938186646,2593523,0.7408,Middle East,1105000000.0,1197000000.0
0.025654,0.39799999999999996,67700.154,Syrian Arab Republic,2008-12-01,16.0,,23051.834,,0.0337376558215382,89.8851719389744,336.0,0.014199999999999999,0.14,0.101880127037873,77.32,72.82,0.346807164985686,0.366774673461914,0.597538566589355,0.0356866717338562,20346056,0.54908,Middle East,3176000000.0,912000000.0
0.016357,0.14400000000000002,158935.114,United Arab Emirates,2008-12-01,18.0,,58347.229,315474644818.136,0.026666831593297097,1352.73427292651,12.0,0.0079,0.63,,77.233,75.245,1.37641379482793,0.148914594650269,0.8467702484130859,0.0043152779340744005,6798635,0.8337699999999999,Middle East,7162000000.0,13288000000.0
0.0215,0.33,70938.115,Israel,2008-12-01,20.0,,22867.542,213126364492.754,0.0756451635919376,2075.98690879414,230.0,0.0039,0.5939,0.065841883,83.0,79.0,1.2638549856560501,0.27355058670043897,0.623793754577637,0.102655363082886,7308800,0.91702,Middle East,5509000000.0,4693000000.0
0.021675,0.145,418239.685,Saudi Arabia,2008-12-01,20.0,,154075.602,519796800000.0,0.0310939964011672,565.996278813452,79.0,0.0156,0.36,,76.491,72.873,1.3653762874645,0.32038028717041,0.64954345703125,0.030076243877410903,26366358,0.81649,Middle East,6775000000.0,16005000000.0
0.018795000000000003,0.442,570574.199,"Iran, Islamic Rep.",2008-12-01,28.0,,204312.465,355988367221.614,0.0635174635313919,312.791603419094,344.0,0.0183,0.1024,0.12,74.364,70.694,0.591790188303096,0.238785572052002,0.7102696990966799,0.0509447002410889,72660887,0.69458,Middle East,1978000000.0,8270000000.0
0.033141,0.278,94443.585,Iraq,2008-12-01,32.0,,28806.112,131611819294.275,0.0389585941211609,142.18637344364,312.0,0.0313,0.01,0.19495,72.339,65.302,0.595620178425094,0.41638435363769505,0.549351615905762,0.0342640447616577,29429829,0.68927,Middle East,867000000.0,813000000.0
0.021463,0.107,79958.935,Kuwait,2008-12-01,35.0,,28842.898,147402413798.235,0.0192404501211509,1049.38269071643,98.0,0.009699999999999999,0.42,0.0761299166666667,74.91,73.1,0.555066369479032,0.253868942260742,0.7212033843994141,0.024927642345428498,2702221,0.98232,Middle East,610000000.0,8341000000.0
0.012093,0.113,66119.677,Qatar,2009-12-01,7.0,,24942.22,97798348829.8202,0.026338079332089502,1646.86216550571,36.0,0.0079,0.531,0.0704416666666667,78.901,77.134,1.24595129922856,0.145856800079346,0.842682189941406,0.0114603960514069,1564082,0.9847,Middle East,,
0.016633,0.135,24169.197,Bahrain,2009-12-01,9.0,,9339.567,22938464723.0005,0.0449352436699799,728.54185610058,36.0,0.0073,0.53,0.0794142857142857,76.899,75.386,1.17660773168146,0.204791450500488,0.7748516845703131,0.020355188846588098,1191539,0.885,Middle East,1873000000.0,597000000.0
0.018995,0.442,577482.827,"Iran, Islamic Rep.",2009-12-01,9.0,,213422.801,362661111280.071,0.0720317034943326,357.179416259229,344.0,0.0173,0.1107,0.12,74.743,70.965,0.714616385955886,0.237009582519531,0.711740570068359,0.0512498474121094,73542954,0.70045,Middle East,2259000000.0,8503000000.0
0.012751,0.302,20916.568,Lebanon,2009-12-01,9.0,,6651.932,35139635157.5456,0.0740609935866756,604.252852960269,180.0,0.0094,0.3014,0.0956833333333334,81.154,76.773,0.5628348894399811,0.24736608505249,0.6696816253662109,0.0829529762268066,4246924,0.87062,Middle East,7157000000.0,4928000000.0
0.029322,0.311,21253.932,Jordan,2009-12-01,12.0,,7457.751,23818322917.7706,0.09543028285498041,367.745564873083,136.0,0.018,0.26,0.0924666666666667,74.902,71.732,0.9729926049620251,0.356130027770996,0.610363311767578,0.0335069918632507,5915000,0.8222,Middle East,3472000000.0,1202000000.0
0.02177,0.21600000000000003,40263.66,Oman,2009-12-01,12.0,,18278.985,48242913262.7467,0.0295614711376993,510.817340635423,62.0,0.0101,0.268,0.07442,77.955,73.659,1.4908858586435099,0.292338905334473,0.6832177734375,0.024444432258606,2663224,0.7462399999999999,Middle East,1092000000.0,1295000000.0
0.032763,0.478,23058.096,"Yemen, Rep.",2009-12-01,12.0,,7764.275,27838718233.1099,0.053163372516456704,64.8572277405162,248.0,0.0475,0.09960000000000001,0.18,63.687,61.045,0.373960424433611,0.42651741027832,0.54654857635498,0.0269341468811035,22229625,0.31165,Middle East,899000000.0,277000000.0
0.025287,0.397,62111.646,Syrian Arab Republic,2009-12-01,15.0,,21232.849,,0.0354865805979872,95.4402699918255,336.0,0.0136,0.17300000000000001,0.10005777609647,77.442,72.601,0.476515658905912,0.361354141235352,0.602203407287598,0.0364425897598267,21031546,0.5529,Middle East,3781000000.0,980000000.0
0.016224,0.141,162602.114,United Arab Emirates,2009-12-01,15.0,,60672.222,254803438183.783,0.0342928491546536,1336.04240699108,12.0,0.0077,0.64,,77.431,75.439,1.3826686873139102,0.14131769180297898,0.855032958984375,0.0036496287584304797,7718319,0.83723,Middle East,7352000000.0,10347000000.0
0.0215,0.319,67029.093,Israel,2009-12-01,20.0,,21462.681,205790471988.404,0.075792506469589,1972.76281752243,230.0,0.0038,0.6312,0.0420097751666667,83.3,79.6,1.24034136746055,0.272464580535889,0.623962249755859,0.103573312759399,7485600,0.9176300000000001,Middle East,5067000000.0,4241000000.0
0.021224,0.145,431026.514,Saudi Arabia,2009-12-01,21.0,,175675.343,429097866666.667,0.0414459912675528,582.353851780171,79.0,0.015099999999999999,0.38,,76.718,73.089,1.67426956071484,0.31348512649536103,0.6565672302246089,0.0299475955963135,26796375,0.81867,Middle East,6744000000.0,21312000000.0
0.032731,0.278,106651.028,Iraq,2009-12-01,32.0,,32846.456,111659988888.889,0.0464971685539546,143.158798137843,312.0,0.030699999999999998,0.0106,0.15629486297443,72.447,65.186,0.6669344322530251,0.41473308563232403,0.5512102508544919,0.0340566325187683,30163199,0.6898000000000001,Middle East,1432000000.0,1221000000.0
0.021435,0.107,81869.442,Kuwait,2009-12-01,35.0,,30814.523,105911338608.398,0.0393460736388379,1462.90253889402,98.0,0.0095,0.508,0.06157775,75.015,73.17,0.91870852341425,0.253107433319092,0.724184951782227,0.022707257270813002,2850102,0.98248,Middle East,660000000.0,6799000000.0
0.016265,0.135,24202.2,Bahrain,2010-12-01,9.0,,9471.72,25713547868.8354,0.0426494155683031,747.331311031593,36.0,0.0067,0.55,0.072475,77.048,75.519,1.2520844769491,0.198681907653809,0.780991516113281,0.0203265976905823,1251513,0.88535,Middle East,2163000000.0,684000000.0
0.012821999999999998,0.302,20403.188,Lebanon,2010-12-01,9.0,,6382.29,38009950248.7562,0.0724445119961817,619.535060388298,180.0,0.0089,0.4368,0.0833666666666667,81.488,77.124,0.659664434662983,0.237055568695068,0.67844841003418,0.08449602127075201,4341092,0.8718300000000001,Middle East,8026000000.0,4868000000.0
0.011676,0.113,70531.078,Qatar,2010-12-01,9.5,,28973.364,125122302747.066,0.0209245707327411,1496.32331536761,36.0,0.0077,0.69,0.0727144798099309,79.047,77.288,1.2496032206424699,0.137297945022583,0.8516962432861329,0.0110058045387268,1749713,0.98655,Middle East,,
0.01911,0.441,571611.96,"Iran, Islamic Rep.",2010-12-01,11.0,,210677.701,422567967404.512,0.0728277384918627,416.022304425955,344.0,0.016399999999999998,0.147,0.12,75.098,71.256,0.725894228857835,0.236167049407959,0.712239074707031,0.051593856811523404,74462314,0.70626,Middle East,2631000000.0,10570000000.0
0.028869,0.312,20821.226,Jordan,2010-12-01,12.0,,7105.128,26425379366.6132,0.0846071467223957,360.526105120081,136.0,0.0175,0.272,0.09024166666666669,75.079,71.871,1.02563244493733,0.35085460662841794,0.615170936584473,0.033974461555481,6046000,0.82473,Middle East,4390000000.0,1736000000.0
0.021786999999999997,0.21600000000000003,57201.533,Oman,2010-12-01,12.0,,23157.853,58813004375.2601,0.028007426093035602,582.300470710391,62.0,0.01,0.35827800000000004,0.06835,78.238,73.958,1.64342285911642,0.274045162200928,0.7008607482910161,0.025094120502471902,2802768,0.75161,Middle East,1246000000.0,1768000000.0
0.032293999999999996,0.478,21851.653,"Yemen, Rep.",2010-12-01,12.0,,8359.607,31743751169.3171,0.0512853397350708,66.4544490356496,248.0,0.0455,0.1235,0.238333333333333,63.886,61.234,0.48697430497762,0.41951625823974603,0.553195419311523,0.0272883081436157,22763008,0.31732,Middle East,1161000000.0,252000000.0
0.024964,0.397,61858.623,Syrian Arab Republic,2010-12-01,13.0,,21648.603,,0.034067540172387896,96.585010452789,336.0,0.013099999999999999,0.207,0.099009,77.529,72.333,0.5431752073955419,0.357342224121094,0.6053612518310549,0.0372965288162231,21532647,0.55677,Middle East,6308000000.0,1598000000.0
0.015969,0.141,167596.568,United Arab Emirates,2010-12-01,15.0,,63099.033,287421818965.758,0.0323878795468725,1283.36003483841,12.0,0.0076,0.68,,77.623,75.623,1.29431630756342,0.138594188690186,0.85805549621582,0.0033503377437591603,8441537,0.84055,Middle East,8577000000.0,11818000000.0
0.0218,0.311,70655.756,Israel,2010-12-01,20.0,,23194.973,231674400561.648,0.0757870122876089,2164.55585232196,235.0,0.0036,0.675,0.0496482633333333,83.6,79.7,1.2278366787199801,0.272381362915039,0.62326976776123,0.10434886932373001,7623600,0.91824,Middle East,5824000000.0,4725000000.0
0.020774,0.145,464480.555,Saudi Arabia,2010-12-01,21.0,,192003.88,526811466666.667,0.040398470986974,663.481873860349,79.0,0.0147,0.41,,76.94,73.3,1.8916884186874299,0.307232990264893,0.663023223876953,0.0297437620162964,27258387,0.82084,Middle East,7536000000.0,22076000000.0
0.032317,0.278,114667.09,Iraq,2010-12-01,32.0,,37845.077,142814704615.385,0.031292544652835604,141.300564130601,312.0,0.030100000000000002,0.025,0.133234191176471,72.599,65.24,0.751376606061937,0.41229236602783204,0.553997383117676,0.0337102317810059,30962380,0.6903400000000001,Middle East,1736000000.0,1675000000.0
0.021314,0.107,93695.517,Kuwait,2010-12-01,35.0,,32586.113,119934674734.616,0.027852187259813997,1116.45683454343,98.0,0.0092,0.614,0.0491164166666667,75.131,73.239,1.33011485569498,0.252071475982666,0.726464920043945,0.021463575363159203,2991580,0.98263,Middle East,574000000.0,7106000000.0
0.021655,0.22,,Oman,2011-12-01,8.0,,25275.894,69971912137.5134,0.0238930712904449,610.139435303303,62.0,0.01,0.48,0.06189,78.501,74.249,1.58995283614577,0.256863479614258,0.716930236816406,0.0262065863609314,3024774,0.75691,Middle East,1612000000.0,1982000000.0
0.011393,0.113,,Qatar,2011-12-01,8.5,,33285.403,169804731107.769,0.0193680380202753,1738.00504796371,36.0,0.0074,0.69,0.0548705867283659,79.195,77.447,1.20478444211163,0.133542165756226,0.8559586334228519,0.0104987072944641,1910902,0.98812,Middle East,4463000000.0,7813000000.0
0.015922000000000002,0.135,,Bahrain,2011-12-01,9.0,,9505.906,29044378668.4603,0.0383254215307457,765.615077672568,36.0,0.0060999999999999995,0.769999665032303,0.06790833333333329,77.198,75.644,1.31009990996036,0.198086433410645,0.781298828125,0.0206162929534912,1292764,0.88575,Middle East,1766000000.0,899000000.0
0.012998,0.302,,Lebanon,2011-12-01,9.0,,6349.441,40078938640.1327,0.0741419687430953,645.923522681602,180.0,0.0085,0.52,0.075275,81.767,77.456,0.771900167593212,0.226605224609375,0.688067626953125,0.0853278350830078,4382790,0.87304,Middle East,6797000000.0,4440000000.0
0.019111999999999997,0.441,,"Iran, Islamic Rep.",2011-12-01,11.0,,212145.3,528426099488.522,0.0683191377037829,482.608374002724,344.0,0.0157,0.21,0.11,75.431,71.562,0.743036622753534,0.236088275909424,0.7119294738769529,0.0519822216033936,75424285,0.7120000000000001,Middle East,2574000000.0,10881000000.0
0.028317000000000002,0.27699999999999997,,Jordan,2011-12-01,12.0,,7064.284,28840197018.7628,0.08822546642494529,386.185149981173,151.0,0.017,0.349,0.0871333333333333,75.256,72.007,1.1116317253913899,0.345894775390625,0.619675598144531,0.034429771900177,6181000,0.8272400000000001,Middle East,3860000000.0,1280000000.0
0.031873,0.327,,"Yemen, Rep.",2011-12-01,12.0,,7260.452,29207296703.2967,0.0498773071997902,63.1662133308863,248.0,0.0437,0.14905,0.25,64.084,61.418,0.500682151539512,0.413091812133789,0.559207000732422,0.027701351642608597,23304206,0.32302,Middle East,780000000.0,258000000.0
0.024662,0.397,,Syrian Arab Republic,2011-12-01,13.0,,19986.19,,0.0338103000852285,101.709765203814,336.0,0.0127,0.225,,77.602,72.074,0.592404373381603,0.35488971710205097,0.606828765869141,0.038281421661377005,21961676,0.56066,Middle East,,
0.015578,0.141,,United Arab Emirates,2011-12-01,13.0,,66108.312,348594945287.696,0.0311274754798088,1375.10959482614,12.0,0.0074,0.78,,77.81,75.801,1.31398037623349,0.139894962310791,0.856755905151367,0.00334898352622986,8925096,0.84375,Middle East,,
0.0214,0.302,,Israel,2011-12-01,20.0,,23254.283,258216783342.65,0.0756192740579697,2373.27184924523,235.0,0.0034,0.688738779907441,0.059691470999999996,83.6,79.9,1.21978270101522,0.273411769866943,0.621658554077148,0.104929819107056,7765800,0.91886,Middle East,6029000000.0,4937000000.0
0.020321000000000002,0.145,,Saudi Arabia,2011-12-01,21.0,,187070.066,669506666666.667,0.035110694500396195,721.185683743752,79.0,0.014199999999999999,0.475,,77.157,73.508,1.93452684213317,0.301729640960693,0.668830184936523,0.0294402074813843,27761728,0.82298,Middle East,9317000000.0,18202000000.0
0.031905,0.278,,Iraq,2011-12-01,32.0,,40219.945,191176927521.368,0.0273461285693209,160.047706132285,312.0,0.0294,0.05,0.135696757952193,72.784,65.427,0.801551276085399,0.409017524719238,0.55778980255127,0.0331926536560059,31760020,0.69098,Middle East,1557000000.0,1879000000.0
0.021107,0.107,,Kuwait,2011-12-01,32.0,,32522.803,160600006232.25,0.0262396685824516,1348.66231900062,98.0,0.0089,0.657690706867398,0.0519309166666667,75.256,73.308,1.5790802651770302,0.250686702728271,0.728075103759766,0.021237525939941403,3124705,0.9827899999999999,Middle East,644000000.0,9179000000.0
0.015069,0.149,,United Arab Emirates,2012-12-01,8.0,26.0,,383799194080.908,0.0283615741663864,1342.87157947334,12.0,0.0072,0.8499999150494919,,77.992,75.973,1.49639085818048,0.144118328094482,0.8523086547851559,0.0035731312632560704,9205651,0.8468399999999999,Middle East,,
0.021345,0.22,,Oman,2012-12-01,8.0,44.0,,78289467471.1409,0.0262111655517007,690.137019512458,62.0,0.0099,0.6,0.05651,78.752,74.533,1.59251339996578,0.241943798065186,0.7305121612548829,0.027542839050293,3314001,0.7620399999999999,Middle East,1779000000.0,2184000000.0
0.011179,0.113,,Qatar,2012-12-01,8.5,45.0,,189944609791.301,0.021621911913134603,2028.81716748999,48.0,0.0072,0.693,0.0538110455030475,79.344,77.606,1.26856485739673,0.132822790145874,0.8571875,0.00998920261859894,2050514,0.98946,Middle East,7220000000.0,10702000000.0
0.015579,0.135,,Bahrain,2012-12-01,9.0,47.0,,30362317939.1722,0.0388371205000334,894.78343637453,36.0,0.0056,0.88,0.06035,77.347,75.764,1.61167057587984,0.201646347045898,0.777161178588867,0.021190946102142297,1317827,0.88619,Middle East,1742000000.0,889000000.0
0.013218,0.302,,Lebanon,2012-12-01,9.0,105.0,,43205095854.063,0.0758359715403151,674.684383053551,180.0,0.0081,0.61249785718304,0.0724916666666667,82.015,77.781,0.808070833312711,0.21637506484985403,0.69796745300293,0.0856570339202881,4424888,0.87426,Middle East,6298000000.0,4125000000.0
0.027699,0.281,,Jordan,2012-12-01,12.0,119.0,,31015239496.4411,0.0982809913996945,387.854952124523,151.0,0.0165,0.41,0.0878083333333334,75.432,72.143,1.2817353273669099,0.341258010864258,0.623854331970215,0.034887361526489295,6318000,0.8297,Middle East,4485000000.0,1257000000.0
0.02436,0.397,,Syrian Arab Republic,2012-12-01,13.0,147.0,,,0.0340217435570525,104.699364090163,336.0,0.0124,0.243001,,77.684,71.879,0.592973438353284,0.35354534149169903,0.60703727722168,0.0394172930717468,22399254,0.56459,Middle East,,
0.019003,0.441,,"Iran, Islamic Rep.",2012-12-01,16.0,152.0,,502729273637.903,0.0670586604696742,490.181023943962,344.0,0.015,0.275,0.11,75.748,71.872,0.760980868385263,0.236819477081299,0.7107524871826171,0.0524279642105103,76424443,0.71769,Middle East,,
0.019864,0.145,,Saudi Arabia,2012-12-01,21.0,22.0,,733955733333.333,0.032096710326291,795.067053439556,72.0,0.013800000000000002,0.54,,77.37,73.713,1.87403116991373,0.296861152648926,0.6740074157714839,0.029131548404693598,28287855,0.8251000000000001,Middle East,8400000000.0,17986000000.0
0.0216,0.29,,Israel,2012-12-01,21.0,33.0,24079.41,257621957026.894,0.0750528248994811,2288.62728700493,235.0,0.0033,0.708,0.0555151084166667,83.6,79.9,1.20684388411421,0.275278663635254,0.619311866760254,0.10540960311889601,7910500,0.91949,Middle East,6225000000.0,4851000000.0
0.031495999999999996,0.278,,Iraq,2012-12-01,29.0,155.0,,215837906603.774,0.0358819392292196,226.374011693117,312.0,0.0288,0.071,0.130331349206349,72.983,65.679,0.816278464569103,0.405089569091797,0.5623461151123049,0.0325644040107727,32578209,0.69175,Middle East,1640000000.0,2363000000.0
0.020852,0.124,,Kuwait,2012-12-01,32.0,101.0,,183219310563.351,0.025335305147827197,1428.06248714358,98.0,0.0085,0.7045,0.049837916666666704,75.388,73.379,1.56899131701746,0.249040145874023,0.729180679321289,0.0217791366577148,3250496,0.9829399999999999,Middle East,780000000.0,9821000000.0
0.031476,0.327,,"Yemen, Rep.",2012-12-01,40.0,129.0,,31992801302.9316,0.0552933321998664,70.9958805465044,248.0,0.042,0.174465,0.245,64.28,61.597,0.582750362866912,0.407165679931641,0.564667663574219,0.0281666302680969,23852409,0.32874000000000003,Middle East,1057000000.0,
,,,American Samoa,2005-12-01,,,,,,,,,,,,,,,,,59117,0.8809999999999999,Oceania,,
0.018194,,850.744,French Polynesia,2005-12-01,,,,,,,,,0.21542185474300202,,76.802,71.774,0.470802404230944,0.277334003448486,0.6722430419921881,0.0504229354858398,254884,0.56426,Oceania,759000000.0,430000000.0
0.019424,,,Guam,2005-12-01,,,,,,,,,0.38559877557558003,,79.455,74.169,,0.295067577362061,0.640816650390625,0.0641157579421997,158401,0.93631,Oceania,,
0.0172,,2838.258,New Caledonia,2005-12-01,,,,,,,,,0.323590147531561,,78.6,71.9,0.587043206799759,0.268667411804199,0.662276916503906,0.0690556764602661,234393,0.63965,Oceania,149000000.0,122000000.0
0.0128,0.521,362684.635,Australia,2005-12-01,3.0,,113503.112,693662607126.748,0.0847938257009271,3136.47500325972,107.0,0.0048,0.63,0.0905833333333333,83.3,78.5,0.8976286230669309,0.197565956115723,0.6731537628173829,0.129280252456665,20394800,0.88,Oceania,19820000000.0,15656000000.0
0.01396,0.366,33919.75,New Zealand,2005-12-01,12.0,,16846.011,113791304306.468,0.0839403134373695,2288.18625010651,172.0,0.0054,0.627202123689541,0.0776256016240711,81.9,77.9,0.8538703669973541,0.215430774688721,0.664400177001953,0.120169067382813,4133900,0.8605200000000001,Oceania,5211000000.0,2671000000.0
0.026138,0.596,117.344,"Micronesia, Fed. Sts.",2005-12-01,16.0,,,249845592.623945,0.121194853519206,285.122410546139,128.0,0.037200000000000004,0.118813690993008,0.16375,68.644,67.24,0.132714363735664,0.388001670837402,0.571969337463379,0.0400290012359619,106198,0.22329999999999997,Oceania,21000000.0,7000000.0
0.035,0.648,84.341,Marshall Islands,2005-12-01,17.0,,29.0,137556822.771548,0.172570700868018,461.900987706492,128.0,0.0327,0.038787023977433,,,,0.012678166660263598,,,,52058,0.6990099999999999,Oceania,5700000.0,400000.0
0.024796,0.318,62.339,Kiribati,2005-12-01,31.0,,8.0,106147384.4979,0.1012742871323,117.988578815494,120.0,0.0501,0.04,,69.15,63.514,0.00718486094530663,0.37063934326171905,0.593259506225586,0.036101162433624295,90468,0.43551,Oceania,3100000.0,9300000.0
0.02867,0.275,157.681,Tonga,2005-12-01,32.0,,57.0,264812953.795424,0.0638977935007646,167.18824876057,164.0,0.0134,0.0490778276190383,0.113811687306112,74.148,68.887,0.295879556259905,0.380933036804199,0.5586965179443361,0.0603704452514648,100960,0.23155,Oceania,15000000.0,16000000.0
0.029498,0.20199999999999999,157.681,Samoa,2005-12-01,35.0,,57.0,412220560.259923,0.0495060798398294,114.133807162031,224.0,0.0166,0.033525921124682896,0.114275,74.234,67.914,0.133386688008537,0.395663833618164,0.555944595336914,0.048391580581665004,179928,0.21218,Oceania,74000000.0,20300000.0
0.023212,0.415,1364.124,Fiji,2005-12-01,46.0,,578.0,3006725014.78415,0.0360776119449954,131.890862303202,140.0,0.019600000000000003,0.08453636633713589,0.06779960999849641,71.336,65.783,0.24924497011492,0.30619197845459,0.652703247070313,0.0411047506332397,822484,0.49871000000000004,Oceania,722000000.0,132000000.0
0.029434000000000002,0.084,55.005,Vanuatu,2005-12-01,47.0,,30.0,394962552.336108,0.0325517492409317,61.3994848461506,120.0,0.0177,0.0508233380768449,0.0746666666666667,71.234,67.491,0.0606185074626866,0.39658031463622995,0.5702782058715821,0.0331414914131165,209375,0.23099,Oceania,104000000.0,13000000.0
0.03264,0.41600000000000004,4613.086,Papua New Guinea,2005-12-01,51.0,,,4901584516.12903,0.0399489294903452,32.101583925466,207.0,0.0557,0.0171619047556782,0.114691666666667,62.761,58.627,0.012303232354417099,0.39964752197265596,0.574227447509766,0.0261250114440918,6095959,0.13109,Oceania,9400000.0,57000000.0
0.034724,0.261,179.683,Solomon Islands,2005-12-01,56.0,,58.0,413909879.281265,0.0783435685179838,69.0956791381384,80.0,0.029,0.00844307572805697,0.141167217866053,67.087,64.093,0.0127848354804754,0.413050346374512,0.557082176208496,0.029867506027221703,469306,0.17832,Oceania,6400000.0,11200000.0
0.0216,,,American Samoa,2006-12-01,,,,,,,,,,,,,,,,,58652,0.88,Oceania,,
0.017903,,850.744,French Polynesia,2006-12-01,,,,,,,,,0.25107964246258896,,77.071,72.188,0.589762193915361,0.268590126037598,0.677916107177734,0.0534821176528931,257731,0.56625,Oceania,463000000.0,122000000.0
0.018978000000000002,,,Guam,2006-12-01,,,,,,,,,0.438514430048178,,79.802,74.395,,0.291777381896973,0.642401351928711,0.0658212804794312,158429,0.93727,Oceania,,
0.0177,,2779.586,New Caledonia,2006-12-01,,,,,,,,,0.335157146807209,,80.2,72.9,0.667191811189022,0.262365646362305,0.6638429260253911,0.0737957191467285,238459,0.6463800000000001,Oceania,122000000.0,129000000.0
0.0129,0.511,371214.077,Australia,2006-12-01,3.0,,115019.694,747463312368.973,0.08520387399462569,3330.21291884101,107.0,0.0047,0.66,0.094125,83.5,78.7,0.9470140374222951,0.195489330291748,0.674460525512695,0.130050239562988,20697900,0.8815000000000001,Oceania,20726000000.0,16446000000.0
0.01414,0.354,33553.05,New Zealand,2006-12-01,12.0,,16965.318,110205467384.675,0.0882465327188283,2295.08058458949,172.0,0.0053,0.69,0.0819215614560302,82.2,78.0,0.90854762940201,0.21298416137695297,0.665543975830078,0.12147301673889199,4184600,0.86078,Oceania,4792000000.0,2534000000.0
0.025457,0.596,102.676,"Micronesia, Fed. Sts.",2006-12-01,16.0,,,252991205.003248,0.119245252023682,285.465556396669,128.0,0.0363,0.127503392500979,0.15615,68.824,67.364,0.17614442783339299,0.384942169189453,0.5751565933227539,0.0398822927474976,105686,0.22324000000000002,Oceania,23000000.0,7000000.0
0.035,0.648,91.675,Marshall Islands,2006-12-01,17.0,,30.0,143352031.172085,0.19616552689828598,547.355371088501,128.0,0.0325,0.0379559021427832,,,,,,,,52084,0.70197,Oceania,6600000.0,400000.0
0.024332999999999997,0.318,69.673,Kiribati,2006-12-01,31.0,,10.0,104668674.698795,0.109716312686923,124.365672164636,120.0,0.0498,0.045,,69.463,63.842,0.0076125846900046805,0.36380542755127004,0.5996868133544919,0.0365512824058533,91953,0.43571,Oceania,2300000.0,5600000.0
0.028559,0.275,176.016,Tonga,2006-12-01,32.0,,57.0,295998379.120654,0.0550026674133502,158.869500490014,164.0,0.013,0.058539440948338906,0.119729531667443,74.378,68.942,0.29572807699499104,0.379985618591309,0.5597095108032231,0.060304870605468804,101617,0.23184000000000002,Oceania,15700000.0,16400000.0
0.029353,0.20199999999999999,157.681,Samoa,2006-12-01,35.0,,57.0,453082900.112909,0.051887966756450805,129.147459261292,224.0,0.016399999999999998,0.0446917387320954,0.117216666666667,74.504,68.203,0.251279870549447,0.392946472167969,0.558111915588379,0.048958153724670404,181073,0.20981000000000002,Oceania,87000000.0,21200000.0
0.022892,0.415,1360.457,Fiji,2006-12-01,46.0,,559.0,3103099942.22992,0.0383604195297894,143.737905285517,140.0,0.019600000000000003,0.096000384001536,0.0734996258823936,71.564,65.906,0.343768567495109,0.300334510803223,0.657175827026367,0.0424884653091431,828060,0.50264,Oceania,684000000.0,123000000.0
0.028925,0.084,47.671,Vanuatu,2006-12-01,47.0,,31.0,437072933.899158,0.0310890738775174,63.6349942454512,120.0,0.0174,0.0585058505850585,0.0825,71.577,67.785,0.0698798997456372,0.393605537414551,0.572176628112793,0.0342178583145142,214654,0.23392,Oceania,109000000.0,11000000.0
0.032171,0.415,4594.751,Papua New Guinea,2006-12-01,51.0,,,5598700444.44444,0.0348644251761048,31.2856609096217,207.0,0.055,0.01754487260668,0.105666666666667,63.118,58.979,0.0160107669205387,0.398533935546875,0.57505069732666,0.0264150428771973,6245797,0.13091,Oceania,3900000.0,43000000.0
0.034473,0.261,179.683,Solomon Islands,2006-12-01,56.0,,59.0,456735444.86792,0.066640114962737,63.308793297035,80.0,0.0289,0.0164634798857435,0.139216619425046,67.421,64.52,0.0145607338609866,0.41214572906494096,0.557393226623535,0.0304589748382568,480745,0.18259,Oceania,35300000.0,26500000.0
,,,American Samoa,2007-12-01,,,,,,,,,,,,,,,,,57919,0.879,Oceania,,
0.017636,,843.41,French Polynesia,2007-12-01,,,,,,,,,0.2859,,77.328,72.57,0.671556031817361,0.259812335968018,0.6830323791503911,0.057162938117981,260361,0.56823,Oceania,537000000.0,153000000.0
0.018588,,,Guam,2007-12-01,,,,,,,,,0.461504736192355,,80.125,74.624,,0.287985305786133,0.6446810913085941,0.067339940071106,158331,0.93822,Oceania,,
0.0169,,2944.601,New Caledonia,2007-12-01,,,,,,,,,0.3505,,80.3,71.8,0.747597386906554,0.25513694763183603,0.665317153930664,0.079537410736084,242400,0.65306,Oceania,142000000.0,149000000.0
0.0141,0.501,377235.291,Australia,2007-12-01,3.0,,118654.986,853854910889.534,0.0855313795124906,3956.46874509789,107.0,0.0045,0.6945,0.0819583333333333,83.7,79.0,1.00064604268965,0.193450946807861,0.675829620361328,0.13071925163269,20827600,0.88298,Oceania,25624000000.0,20429000000.0
0.01514,0.355,33648.392,New Zealand,2007-12-01,12.0,,17123.15,135294884584.369,0.0847694704933048,2694.34009849175,172.0,0.0053,0.6976,0.0861220661400669,82.2,78.2,1.00436431866496,0.210631008148193,0.6662586975097661,0.12311002731323199,4228300,0.86104,Oceania,5413000000.0,3077000000.0
0.024863,0.5870000000000001,99.009,"Micronesia, Fed. Sts.",2007-12-01,16.0,,,255890836.379155,0.11995349436592401,292.055185537583,128.0,0.0354,0.136211327333981,0.14029583333333298,69.002,67.483,0.261054073855581,0.381618881225586,0.5789413452148441,0.0394587850570679,105097,0.22317,Oceania,25000000.0,7000000.0
0.035,0.648,99.009,Marshall Islands,2007-12-01,17.0,,32.0,149739017.444696,0.19620532767788798,587.393855225312,128.0,0.032299999999999995,0.0395,,,,,,,,52150,0.7049,Oceania,4500000.0,
0.02398,0.318,51.338,Kiribati,2007-12-01,31.0,,11.0,123005089.649373,0.120693487417648,160.186817798673,120.0,0.0496,0.06,,69.781,64.169,0.00802989261356945,0.356752052307129,0.606331825256348,0.0369160938262939,93401,0.43603000000000003,Oceania,4000000.0,9100000.0
0.028347999999999998,0.275,154.014,Tonga,2007-12-01,32.0,,58.0,301064027.077359,0.0685696787833911,205.066268414768,164.0,0.0126,0.0717986532901248,0.121636646114077,74.593,69.018,0.45483874121362,0.378691749572754,0.561360473632813,0.0599380207061768,102289,0.23227,Oceania,15200000.0,19200000.0
0.029141999999999998,0.198,161.348,Samoa,2007-12-01,35.0,,58.0,490916834.706904,0.0589323206766917,164.372329442893,224.0,0.0162,0.0474998323535329,0.126508333333333,74.779,68.489,0.47190517998244097,0.390216217041016,0.560338020324707,0.0494293260574341,182240,0.2075,Oceania,102000000.0,19800000.0
0.022567,0.415,1202.776,Fiji,2007-12-01,46.0,,524.0,3405050611.68726,0.0374021623306882,152.452835372625,140.0,0.0197,0.108978310454645,0.090055873301356,71.787,66.038,0.634490155519804,0.296227397918701,0.659933319091797,0.0438381004333496,835392,0.50657,Oceania,725000000.0,130000000.0
0.028474,0.084,95.342,Vanuatu,2007-12-01,47.0,,35.0,526425740.447881,0.036700725054240005,87.821176992623,120.0,0.0171,0.068,0.0816083333333333,71.909,68.073,0.118181280994177,0.390925483703613,0.57339282989502,0.0356771111488342,220001,0.23687000000000002,Oceania,142000000.0,13000000.0
0.031696,0.415,4902.779,Papua New Guinea,2007-12-01,51.0,,,6329292929.29293,0.0418680993414193,41.4859558466898,207.0,0.0541,0.0179055936140245,0.097775,63.442,59.293,0.0468924161364307,0.39715892791748,0.576114273071289,0.0267268013954163,6397623,0.13073,Oceania,4500000.0,81000000.0
0.034146,0.261,198.018,Solomon Islands,2007-12-01,56.0,,64.0,516209150.326797,0.0563523510622655,67.1058614656803,80.0,0.0286,0.02,0.141210988595099,67.704,64.9,0.0221478091956078,0.411229972839355,0.55763916015625,0.0311349439620972,492148,0.18694,Oceania,37800000.0,35600000.0
,,,American Samoa,2008-12-01,,,,,,,,,,,,,,,,,57053,0.87799,Oceania,,
0.017393000000000002,,869.079,French Polynesia,2008-12-01,,,,,,,,,0.3387,,77.572,72.912,0.711914697748377,0.251383724212646,0.687561111450195,0.0610551691055298,262877,0.56738,Oceania,522000000.0,159000000.0
0.018257000000000002,,,Guam,2008-12-01,,,,,,,,,0.484187021509296,,80.422,74.865,,0.283810253143311,0.647350158691406,0.06885856628417969,158310,0.93916,Oceania,,
0.0162,,3281.965,New Caledonia,2008-12-01,,,,,,,,,0.34509999999999996,,80.52,71.92,0.820593996550126,0.24766424179077098,0.666761322021484,0.08557024955749509,243985,0.6596899999999999,Oceania,152000000.0,168000000.0
0.01506,0.36,34264.448,New Zealand,2008-12-01,0.5,,17412.333,130459397445.229,0.0930514561213434,2820.1152971006,172.0,0.0053,0.7203,0.0893853268110941,82.4,78.4,1.07989694697706,0.208446750640869,0.666461944580078,0.125091571807861,4268900,0.8613,Oceania,5152000000.0,3006000000.0
0.014,0.499,387634.903,Australia,2008-12-01,2.5,,122518.59,1055506156996.89,0.0875099469581669,4237.32540200407,107.0,0.0044,0.7167,0.08908333333333329,83.7,79.2,1.02194053664352,0.191634140014648,0.676856689453125,0.131509189605713,21249200,0.88445,Oceania,28306000000.0,24689000000.0
0.024372,0.5870000000000001,99.009,"Micronesia, Fed. Sts.",2008-12-01,16.0,,,261339642.362797,0.129253257159772,323.244019138756,128.0,0.0344,0.1449,0.143783333333333,69.175,67.595,0.26316293134796803,0.377892417907715,0.583216896057129,0.038919405937194805,104498,0.22311,Oceania,27000000.0,7000000.0
,0.648,99.009,Marshall Islands,2008-12-01,17.0,,,152565763.149451,0.179081961698958,569.1158512634,128.0,0.032100000000000004,0.046,,,,,,,,52245,0.7077800000000001,Oceania,3000000.0,
0.028044,0.275,161.348,Tonga,2008-12-01,25.0,,,346850175.914555,0.0627057282597743,206.739993179827,164.0,0.0123,0.0811076994380395,0.124578760300975,74.793,69.111,0.490271693201356,0.377242660522461,0.563280143737793,0.0594577789306641,102947,0.23281,Oceania,19500000.0,25100000.0
0.023719,0.318,55.005,Kiribati,2008-12-01,31.0,,,135044455.62825,0.1323877169116,183.34859718643,120.0,0.0493,0.07,,70.104,64.494,0.010544963725324801,0.34961826324462897,0.612999839782715,0.0373502612113953,94832,0.43646999999999997,Oceania,2900000.0,12700000.0
0.028835999999999997,0.18899999999999997,161.348,Samoa,2008-12-01,35.0,,,573939143.604571,0.050909906360520896,153.126187266101,224.0,0.0161,0.0503161531623702,0.12660833333333302,75.059,68.77,,0.38756240844726597,0.5625749588012701,0.0498680782318115,183444,0.20524,Oceania,112000000.0,21600000.0
0.022238,0.415,1078.098,Fiji,2008-12-01,46.0,,,3629936625.46276,0.0360964496136819,153.587385776717,140.0,0.019899999999999998,0.13,0.0799726954431674,72.003,66.181,0.7110259986656411,0.29355182647705097,0.661239929199219,0.0452046632766724,843851,0.51051,Oceania,938000000.0,112000000.0
0.028082,0.084,91.675,Vanuatu,2008-12-01,47.0,,,607983815.257081,0.0367007559262746,98.9908967311996,120.0,0.0167,0.0726911992337492,0.052916666666666695,72.233,68.357,0.159717477528638,0.388286514282227,0.574468269348145,0.037254102230072,225398,0.23985,Oceania,188000000.0,32000000.0
0.031211,0.415,3476.316,Papua New Guinea,2008-12-01,51.0,,,8010370370.37037,0.0456502652404291,55.8189998085024,194.0,0.053,0.0115,0.09196666666666671,63.724,59.56,0.13341725085053502,0.39543163299560496,0.577509841918945,0.0270586681365967,6550877,0.13055,Oceania,3800000.0,75000000.0
0.03374,0.261,198.018,Solomon Islands,2008-12-01,56.0,,,608292551.761226,0.0560833496914469,71.9276318790954,80.0,0.0281,0.03,0.144358333333333,67.96,65.231,0.0595780681215631,0.410220832824707,0.557944641113281,0.031830575466156,503541,0.19138000000000002,Oceania,40600000.0,40500000.0
,,,American Samoa,2009-12-01,,,,,,,,,,,,,,,,,56245,0.87697,Oceania,,
0.017172,,872.746,French Polynesia,2009-12-01,,,,,,,,,0.446,,77.805,73.211,0.7846706252919989,0.243843536376953,0.691517333984375,0.0646428966522217,265412,0.5660799999999999,Oceania,440000000.0,164000000.0
0.01799,,,Guam,2009-12-01,,,,,,,,,0.506420283820435,,80.693,75.121,,0.279433364868164,0.649995880126953,0.070558123588562,158621,0.9400799999999999,Oceania,,
0.016300000000000002,,2849.259,New Caledonia,2009-12-01,,,,,,,,,0.33990000000000004,,80.74,72.04,0.862793607929987,0.240830535888672,0.6682158660888671,0.09096597671508791,245580,0.6662399999999999,Oceania,141000000.0,170000000.0
0.01448,0.332,32324.605,New Zealand,2009-12-01,0.5,,17469.383,118952832655.356,0.100495730558939,2701.92997436175,172.0,0.0053,0.797,0.0665675979597309,82.7,78.8,1.08722279577723,0.206515197753906,0.666071090698242,0.127413492202759,4315800,0.8614799999999999,Oceania,4591000000.0,2580000000.0
0.013900000000000001,0.47600000000000003,395093.581,Australia,2009-12-01,2.5,,122107.911,926710311519.414,0.0904228384720444,4118.48872492578,107.0,0.004200000000000001,0.7425,0.0602083333333333,83.9,79.3,1.00739011404518,0.190253429412842,0.677043075561523,0.132703495025635,21691700,0.8859,Oceania,28022000000.0,21891000000.0
0.02843,0.18899999999999997,161.348,Samoa,2009-12-01,9.0,,,501065926.537495,0.056744623401122,160.431953472805,224.0,0.0161,0.06,0.120825,75.347,69.05,,0.385053939819336,0.5647251892089841,0.0502154779434204,184704,0.203,Oceania,115000000.0,20000000.0
0.023992,0.5870000000000001,99.009,"Micronesia, Fed. Sts.",2009-12-01,16.0,,,277510922.800969,0.133949277221026,357.495552317753,128.0,0.0334,0.1535,0.15380000000000002,69.339,67.698,0.264466306992489,0.373686065673828,0.587798004150391,0.0385159111022949,103983,0.22305,Oceania,27000000.0,8000000.0
,0.648,102.676,Marshall Islands,2009-12-01,17.0,,,151560778.381533,0.174942122877881,551.149750095529,128.0,0.0319,0.055999999999999994,,,,,,,,52341,0.71062,Oceania,3500000.0,
0.027649999999999997,0.275,172.349,Tonga,2009-12-01,25.0,,,318522296.093243,0.046006384871640604,145.048070623995,164.0,0.0119,0.1,0.124661884579545,74.982,69.222,0.511795436329751,0.375879936218262,0.565128364562988,0.0589916658401489,103557,0.23335,Oceania,16800000.0,19100000.0
0.023535,0.318,40.337,Kiribati,2009-12-01,31.0,,,127125253.470597,0.114587163993309,143.180673783495,120.0,0.048799999999999996,0.0897,,70.434,64.817,0.102906348678744,0.342622985839844,0.619484367370605,0.037861475944518996,96272,0.43704,Oceania,2700000.0,10900000.0
0.021902,0.41200000000000003,847.077,Fiji,2009-12-01,46.0,,,2925499821.03595,0.0424104590132988,143.380279519916,150.0,0.02,0.17,0.0785341601530875,72.212,66.333,0.750751631418487,0.29174560546875,0.6615869903564451,0.0466709423065186,852479,0.5144,Oceania,724000000.0,110000000.0
0.027742999999999997,0.084,117.344,Vanuatu,2009-12-01,47.0,,,610075806.66568,0.0390053973828647,103.085183939933,120.0,0.016300000000000002,0.075,0.055,72.549,68.638,0.5704643616813889,0.385373840332031,0.576031150817871,0.038590669631958,230833,0.24286000000000002,Oceania,214000000.0,28000000.0
0.030719999999999997,0.42100000000000004,3333.303,Papua New Guinea,2009-12-01,51.0,,,7914594202.89855,0.0422786905771213,49.9950831588477,194.0,0.0519,0.0161,0.100941666666667,63.962,59.781,0.211421648486486,0.393249549865723,0.579341697692871,0.027409200668335,6704829,0.13037,Oceania,2100000.0,132000000.0
0.033254,0.261,198.018,Solomon Islands,2009-12-01,56.0,,,597765363.128492,0.0783514180774259,91.4857033421467,80.0,0.027600000000000003,0.04,0.152633333333333,68.204,65.513,0.0970941658057651,0.409015007019043,0.558541946411133,0.032446928024292,514964,0.19588999999999998,Oceania,50000000.0,37700000.0
0.018699999999999998,,,American Samoa,2010-12-01,,,,,,,,,,,,,,,,,55636,0.8759399999999999,Oceania,,
0.016966000000000002,,883.747,French Polynesia,2010-12-01,,,,,,,,,0.49,,78.029,73.469,0.805364370581762,0.237539405822754,0.694913558959961,0.0675470495223999,268065,0.56479,Oceania,405000000.0,160000000.0
0.017780999999999998,,,Guam,2010-12-01,,,,,,,,,0.5404,,80.942,75.395,,0.275025081634521,0.65232063293457,0.0726542901992798,159440,0.94099,Oceania,,
0.0167,,3920.023,New Caledonia,2010-12-01,,,,,,,,,0.42,,78.827,72.968,0.8962249217668711,0.235222969055176,0.6696877288818359,0.0950892734527588,250000,0.6727299999999999,Oceania,129000000.0,179000000.0
0.01462,0.34700000000000003,31550.868,New Zealand,2010-12-01,0.5,,18287.125,143466535134.604,0.101994961318118,3259.98627817367,172.0,0.0053,0.8046,0.0625545424755873,82.7,78.8,1.0782631310014201,0.20489173889160198,0.665050048828125,0.13005822181701698,4367800,0.86165,Oceania,4904000000.0,3037000000.0
0.013699999999999999,0.475,373080.58,Australia,2010-12-01,2.5,,122512.094,1141793593834.25,0.0894805245860069,5138.1138232026,109.0,0.004,0.76,0.0727916666666667,84.0,79.5,1.00426307443402,0.189433078765869,0.676087112426758,0.13447979927063,22031800,0.8873300000000001,Oceania,32336000000.0,27534000000.0
0.027931,0.18899999999999997,161.348,Samoa,2010-12-01,9.0,,,572971726.923456,0.0641131304269972,201.402214819873,224.0,0.016,0.07,0.1072,75.641,69.329,,0.382752151489258,0.566734237670898,0.050513629913330096,186029,0.20078,Oceania,124000000.0,25200000.0
0.023731000000000002,0.5870000000000001,102.676,"Micronesia, Fed. Sts.",2010-12-01,16.0,,,294117230.497109,0.138476166903795,393.053722254391,128.0,0.0325,0.2,0.15130000000000002,69.494,67.791,0.265569055868132,0.368996047973633,0.592545776367188,0.038458197116851806,103619,0.22297999999999998,Oceania,29000000.0,8000000.0
,0.648,102.676,Marshall Islands,2010-12-01,17.0,,,163200000.0,0.16026454093130302,542.384575815373,128.0,0.0317,0.07,,,,,,,,52428,0.71343,Oceania,3300000.0,
0.027176,0.254,157.681,Tonga,2010-12-01,25.0,,,369212477.46289,0.0480180010644333,172.156039952484,164.0,0.0115,0.16,0.11535607971704699,75.159,69.348,0.5216238544448499,0.374743041992188,0.566619911193848,0.0586370515823364,104098,0.23389,Oceania,,
0.023413,0.318,62.339,Kiribati,2010-12-01,31.0,,,150431113.557145,0.11205791085863799,162.361268642171,120.0,0.048,0.0907,,70.768,65.137,0.108396509212936,0.33593196868896497,0.62553840637207,0.0385296130180359,97743,0.43773,Oceania,,
0.021555,0.39299999999999996,1290.784,Fiji,2010-12-01,46.0,,,3225095136.31862,0.0418417333010479,154.290793426363,163.0,0.0201,0.2,0.0748964734611671,72.414,66.495,0.8110077286972771,0.290367069244385,0.6613480377197269,0.0482848930358887,860559,0.5182800000000001,Oceania,809000000.0,100000000.0
0.027447,0.084,117.344,Vanuatu,2010-12-01,47.0,,,700804286.224354,0.046751519558988104,138.652788936248,120.0,0.0159,0.08,0.055,72.859,68.915,0.7191524297606,0.382003326416016,0.578517036437988,0.039479641914367695,236299,0.24589,Oceania,242000000.0,33000000.0
0.030233,0.42100000000000004,3135.285,Papua New Guinea,2010-12-01,51.0,,,9480047958.80839,0.0410645436102685,56.7509209847452,194.0,0.0507,0.0128,0.104458333333334,64.158,59.96,0.278334058663541,0.390564308166504,0.581657524108887,0.0277781796455383,6858945,0.13019,Oceania,2500000.0,138000000.0
0.032698,0.262,201.685,Solomon Islands,2010-12-01,56.0,,,681587104.773714,0.0735923780543591,94.8708350195505,80.0,0.027,0.05,0.144336583333333,68.446,65.753,0.219395304750526,0.40754150390625,0.5595321273803711,0.0329263925552368,526447,0.20048,Oceania,65400000.0,51200000.0
,,,American Samoa,2011-12-01,,,,,,,,,,,,,,,,,55274,0.875,Oceania,,
0.01677,,,French Polynesia,2011-12-01,,,,,,,,,0.49,,78.246,73.697,0.822622326247628,0.232676448822021,0.697667541503906,0.0696560001373291,270874,0.5634899999999999,Oceania,384000000.0,168000000.0
0.017622,,,Guam,2011-12-01,,,,,,,,,0.5770000000000001,,81.171,75.684,,0.270679721832275,0.6541794586181641,0.0751470232009888,160858,0.94187,Oceania,,
0.016399999999999998,,,New Caledonia,2011-12-01,,,,,,,,,0.5,,79.024,73.198,0.910018976243665,0.23101375579834,0.6712025451660161,0.0977756977081299,254000,0.67901,Oceania,153000000.0,176000000.0
0.01393,0.344,,New Zealand,2011-12-01,0.5,,18167.221,163841041662.097,0.10284390032449,3714.87705602559,172.0,0.0053,0.8123,0.0610883251498722,82.8,79.1,1.09199911280736,0.203593940734863,0.6633627319335941,0.133043098449707,4405200,0.8618300000000001,Oceania,5546000000.0,3462000000.0
0.0136,0.473,,Australia,2011-12-01,2.5,,122887.653,1386889147177.31,0.0915823635461473,6114.41618041644,109.0,0.0038,0.794876977139029,0.077375,84.2,79.7,1.04610550956231,0.18919944763183602,0.6738938140869141,0.136906671524048,22340000,0.88875,Oceania,34207000000.0,33328000000.0
0.027365999999999998,0.18899999999999997,,Samoa,2011-12-01,9.0,,,631791993.465763,0.070266779009247,244.918910378536,224.0,0.0159,0.11,0.0996249999999999,75.939,69.607,,0.380677490234375,0.568572616577148,0.050739212036132804,187429,0.19857,Oceania,135000000.0,22200000.0
0.023587,0.59,,"Micronesia, Fed. Sts.",2011-12-01,16.0,,,310287519.271915,0.137280494846247,411.838191917239,128.0,0.0316,0.228,0.1435,69.642,67.877,0.266862623762376,0.363793716430664,0.5974242019653321,0.038791770935058596,103424,0.22303,Oceania,26000000.0,8000000.0
0.026636,0.254,,Tonga,2011-12-01,16.0,,,423038016.923815,0.050465564229656895,219.267478417841,164.0,0.0111,0.25,0.11371939058985299,75.328,69.485,0.52604395814603,0.37392162322997996,0.567620544433594,0.0584769582748413,104554,0.23443000000000003,Oceania,,
,0.648,,Marshall Islands,2011-12-01,17.0,,,170700000.0,0.160199226099185,566.521322156601,128.0,0.0315,0.0806,,,,,,,,52495,0.71619,Oceania,,
0.023339,0.318,,Kiribati,2011-12-01,31.0,,,172253739.040743,0.107984090470297,181.359073046595,120.0,0.047,0.1,,71.103,65.454,0.138921914357683,0.32958187103271497,0.631103286743164,0.0393148612976074,99250,0.43855,Oceania,,
0.027175,0.084,,Vanuatu,2011-12-01,35.0,,,785745262.056663,0.038313654041422,124.599912190745,120.0,0.0154,0.092,0.055,73.163,69.19,0.644479646617972,0.378078231811523,0.582079429626465,0.0398381996154785,241778,0.24894,Oceania,252000000.0,39000000.0
0.032085999999999996,0.262,,Solomon Islands,2011-12-01,42.0,,,868574141.232093,0.0766669364765799,123.503941243036,80.0,0.0264,0.06,0.131723870873803,68.69,65.961,0.5109173471227529,0.405781059265137,0.560956649780273,0.0332622671127319,537997,0.20506,Oceania,86700000.0,66000000.0
0.021196000000000003,0.38299999999999995,,Fiji,2011-12-01,45.0,,,3753485389.24827,0.0379622574950344,167.002142734313,163.0,0.0202,0.28,0.0746605819217571,72.61,66.663,0.837633839946262,0.289362735748291,0.66055549621582,0.0500817489624023,867921,0.5221399999999999,Oceania,933000000.0,115000000.0
0.02976,0.42100000000000004,,Papua New Guinea,2011-12-01,51.0,,,12393604089.4569,0.0420143986462934,74.2495960282563,194.0,0.0495,0.02,0.108083333333333,64.32,60.107,0.342222710840204,0.387360038757324,0.584477462768555,0.028162505626678498,7012977,0.13,Oceania,3500000.0,
,,,American Samoa,2012-12-01,,,,,,,,,,,,,,,,,55128,0.87413,Oceania,,
0.016579999999999998,,,French Polynesia,2012-12-01,,,,,,,,,0.528766305867993,,78.459,73.91,0.8253778112149119,0.22912269592285198,0.6997377777099609,0.0711358785629272,273814,0.56218,Oceania,,
0.017494,,,Guam,2012-12-01,,,,,,,,,0.6153415930790019,,81.388,75.981,,0.266445541381836,0.655604705810547,0.0779620409011841,162810,0.94273,Oceania,,
0.0161,,,New Caledonia,2012-12-01,,,,,,,,,0.58,,79.218,73.43,0.912484446287847,0.227971000671387,0.672710418701172,0.09931465148925779,258000,0.68509,Oceania,,
0.013789999999999998,0.34,,New Zealand,2012-12-01,0.5,3.0,18566.41,171461480706.168,0.102815326445577,3291.74774604768,152.0,0.0053,0.82,0.0582383752043118,83.0,79.4,1.1036240664488401,0.202596626281738,0.661069717407227,0.136333227157593,4433000,0.862,Oceania,5467000000.0,3718000000.0
0.0136,0.47200000000000003,,Australia,2012-12-01,2.5,10.0,133680.62,1532407884934.19,0.0913137981796242,6140.0380957431,109.0,0.0035,0.79,0.06974999999999999,84.4,79.9,1.05585694973435,0.189462757110596,0.6706570434570309,0.139880304336548,22723900,0.89015,Oceania,34130000000.0,34704000000.0
0.026776,0.18899999999999997,,Samoa,2012-12-01,9.0,55.0,,684273266.552226,0.0682137082083258,245.431456129439,224.0,0.0157,0.1292249,0.0986,76.235,69.884,,0.37879390716552697,0.570234375,0.0509558534622192,188889,0.19638999999999998,Oceania,148000000.0,22300000.0
0.03145,0.253,,Solomon Islands,2012-12-01,9.0,92.0,,999972421.270189,0.0804544914670641,147.620558136914,80.0,0.0258,0.069974,0.112788820201223,68.932,66.15,0.549760006404681,0.403733291625977,0.562780418395996,0.033484473228454596,549598,0.20964,Oceania,66900000.0,68000000.0
0.026062000000000002,0.254,,Tonga,2012-12-01,16.0,60.0,,471575497.307237,0.0536911558238459,237.853167957863,164.0,0.0108,0.348609,0.100256930554226,75.492,69.629,0.533633184360736,0.373238296508789,0.568243103027344,0.0584518909454346,104941,0.23498000000000002,Oceania,,
0.023535,0.599,,"Micronesia, Fed. Sts.",2012-12-01,16.0,150.0,,326160960.784002,0.127875008129584,404.648961895551,128.0,0.030699999999999998,0.259744230029883,0.1432,69.786,67.959,0.301881135451424,0.358131446838379,0.602388916015625,0.0394796657562256,103395,0.22317,Oceania,,
,0.648,,Marshall Islands,2012-12-01,17.0,110.0,,173000000.0,0.156230584190111,589.516187440533,128.0,0.031100000000000003,0.1,,,,,,,,52555,0.71891,Oceania,,
0.023294000000000002,0.318,,Kiribati,2012-12-01,31.0,117.0,,174984468.834127,0.107148365586329,186.793725388978,120.0,0.0461,0.107467976841839,,71.437,65.766,0.158752207647888,0.323636207580566,0.636149864196777,0.0402337646484375,100786,0.43948,Oceania,,
0.026907,0.084,,Vanuatu,2012-12-01,35.0,78.0,,786938334.90757,0.0363317753219822,115.650635262572,120.0,0.015,0.10598,0.0605,73.461,69.458,0.5908065129296051,0.373737182617188,0.586454849243164,0.0398120212554932,247262,0.252,Oceania,288000000.0,43000000.0
0.029307,0.42100000000000004,,Papua New Guinea,2012-12-01,53.0,108.0,,15653921367.2759,0.052030401509428004,113.642901789094,207.0,0.0484,0.035,0.10815,64.465,60.236,0.377981892030289,0.383711891174316,0.5877227783203129,0.028564910888671902,7167010,0.12982,Oceania,,
0.020823,0.376,,Fiji,2012-12-01,59.0,58.0,,4035420973.23873,0.0398735635348126,176.95011223063,163.0,0.0202,0.33742356752110403,0.0696805287835016,72.801,66.834,0.981785486463437,0.28878114700317403,0.659182968139648,0.0520370578765869,874742,0.52596,Oceania,987000000.0,110000000.0
0.027014,,381.368,Belize,2004-12-01,,,155.0,1057850000.0,0.0439858149771599,175.303272656957,,0.0189,0.057936168825996,0.139416666666667,75.099,68.579,0.28297615454271097,0.38380622863769503,0.574822654724121,0.041382431983947796,265040,0.4658,The Americas,168000000.0,47000000.0
0.0132,,671.061,Bermuda,2004-12-01,,,,4484703000.0,,,,,0.609908670086326,,81.2,75.9,0.766691179922079,,,,63740,1.0,The Americas,426000000.0,217000000.0
,,498.712,Cayman Islands,2004-12-01,,,,,,,,,,,,,0.714602845726125,,,,47299,1.0,The Americas,523000000.0,
0.011813,,25005.273,Cuba,2004-12-01,,,11312.467,38202800000.0,0.0613763912592794,208.583526816293,,0.0055,0.08407984759007031,,79.5,75.576,0.00672354824376719,0.199191226959229,0.6936051177978519,0.10720358848571801,11273363,0.7604099999999999,The Americas,2114000000.0,
,,,Curacao,2004-12-01,,,,,,,,,,,,,,0.21760389328002902,0.664524765014648,0.11786357879638701,133363,0.90655,The Americas,224000000.0,195000000.0
,,110.01,Dominica,2004-12-01,,,39.0,366976849.444881,0.0466151104366092,243.26886613576,,0.0127,0.303196130921568,0.0894144093203257,,,0.594923569143263,,,,70325,0.6629900000000001,The Americas,61000000.0,9000000.0
0.0157,,583.053,Greenland,2004-12-01,,,,1644951892.18151,,,,,0.560990147610533,,71.67,66.08,0.686222112832053,,,,56911,0.8258,The Americas,,
0.018796,,205.352,Grenada,2004-12-01,,,74.0,600014340.551513,0.058446050818875495,341.631458930923,,0.0128,0.19570620584378698,0.10184842378691,73.593,68.875,0.421927816472651,0.309278659820557,0.613715858459473,0.0769957637786865,102655,0.35963,The Americas,86000000.0,9000000.0
,,,Sint Maarten (Dutch part),2004-12-01,,,,,,,,,,,,,,,,,35318,1.0,The Americas,626000000.0,80000000.0
,,227.354,St. Kitts and Nevis,2004-12-01,,,76.0,497548516.54631,0.0352915512059762,362.644759588171,,0.011,0.247376775443732,0.102524673963376,,,0.598913694471407,,,,48421,0.32155,The Americas,103000000.0,10000000.0
0.017635,,355.699,St. Lucia,2004-12-01,,,120.0,858255380.398219,0.0628725610307499,330.115714774483,,0.0147,0.21395212362765,0.11070781619886899,74.837,70.526,0.617888168359232,0.292187690734863,0.635849761962891,0.0719686794281006,163460,0.24133,The Americas,326000000.0,37000000.0
0.0174,,,St. Martin (French part),2004-12-01,,,,,,,,,,,81.0,74.6,,,,,27514,,The Americas,,
0.018289000000000003,,194.351,St. Vincent and the Grenadines,2004-12-01,,,66.0,522544701.882639,0.0371864758806533,178.994070525942,,0.019399999999999997,0.0737116584201749,0.0969262522955306,73.463,68.742,0.663215489766217,0.29040548324585,0.637672500610352,0.07193124771118159,108562,0.46633,The Americas,96000000.0,14000000.0
0.020547999999999997,,2291.875,Suriname,2004-12-01,,,664.0,1484092538.40527,0.068761400159556,206.858199734996,,0.0268,0.060760478144455995,0.204416666666667,72.095,65.205,0.431336822093499,0.300256996154785,0.639590263366699,0.060154767036437996,493394,0.6673699999999999,The Americas,52000000.0,85000000.0
0.015054,,30993.484,Trinidad and Tobago,2004-12-01,,,14114.886,12884712295.9948,0.0522419690293836,521.647582922873,,0.0242,0.270242700782714,0.093125,72.657,65.323,0.504649409204583,0.22378154754638702,0.705538482666016,0.0706807851791382,1290379,0.10071999999999999,The Americas,568000000.0,141000000.0
,,102.676,Turks and Caicos Islands,2004-12-01,,,,,,,,,,,,,,,,,25025,0.87188,The Americas,,
0.0146,,,Virgin Islands (U.S.),2004-12-01,,,,,,,,,0.273770087880198,,81.9,75.7,0.594257363422626,0.230649604797363,0.668669128417969,0.10069977760314901,107950,0.9346099999999999,The Americas,1356000000.0,
0.01065,,552349.209,Canada,2004-12-01,3.0,,267618.922,1018385574395.47,0.0980787580970264,3046.50366436641,,0.0052,0.659559634648989,0.04,82.6,77.8,0.470638664815028,0.179745960235596,0.69053337097168,0.129720640182495,31995000,0.80045,The Americas,15135000000.0,19267000000.0
0.014,,5790765.052,United States,2004-12-01,6.0,,2307819.192,12277000000000.0,0.157179095273046,6354.50820622664,,0.006900000000000001,0.647582564759896,0.0434,79.9,74.9,0.625471959845904,0.206816520690918,0.6701759338378911,0.123007564544678,292805298,0.79757,The Americas,115689000000.0,94764000000.0
0.01316,,,Puerto Rico,2004-12-01,7.0,,,80322313000.0,,,,,0.221307382347014,,82.34,74.21,0.48975748890779996,0.224669494628906,0.655333633422852,0.11999665260314901,3826878,0.9416800000000001,The Americas,3024000000.0,1584000000.0
0.022591,,5804.861,Panama,2004-12-01,18.0,,2613.084,14179300000.0,0.0808643586072655,347.103234907699,,0.019899999999999998,0.111408625409415,0.0882333333333333,78.648,73.159,0.38141696194906105,0.310051803588867,0.630343284606934,0.059604916572570804,3303335,0.6337700000000001,The Americas,903000000.0,294000000.0
0.015328,,60047.125,Chile,2004-12-01,27.0,,27513.837,100630707851.859,0.0671049747313696,414.192614815041,,0.0079,0.281779101232438,0.0512700362788107,81.055,75.012,0.572813393862697,0.25489896774292,0.666552352905273,0.0785484313964844,16168241,0.8718699999999999,The Americas,1571000000.0,1251000000.0
0.01702,,10714.974,Jamaica,2004-12-01,31.0,,3768.933,10173234921.1116,0.0480457327528396,183.360543066933,,0.0184,0.1,0.18137499999999998,74.161,68.416,0.689337054710243,0.314607162475586,0.608995819091797,0.0763981437683105,2634145,0.52625,The Americas,1733000000.0,318000000.0
0.035036000000000005,,11620.723,Guatemala,2004-12-01,39.0,,7784.529,23965280312.0871,0.0640631883726169,124.13631144546,,0.0346,0.051,0.138108333333333,72.927,65.908,0.256169731075858,0.433915328979492,0.523530197143555,0.0425545358657837,12367800,0.46756,The Americas,630000000.0,488000000.0
0.025719000000000002,,4426.069,Nicaragua,2004-12-01,39.0,,2821.27,5795568202.50505,0.0612596580086234,65.8843876670891,,0.027399999999999997,0.023206646086394098,0.134914364545654,74.539,68.579,0.137130151890937,0.384224319458008,0.575466003417969,0.0403100538253784,5386299,0.5569500000000001,The Americas,192000000.0,154000000.0
0.02155,,55071.006,Colombia,2004-12-01,42.0,,26001.486,117074865515.279,0.0537077634990675,147.861241858508,,0.019,0.091186903029666,0.15083056716888302,75.794,68.423,0.244560529517486,0.31190259933471703,0.638174476623535,0.0499229192733765,42527623,0.73284,The Americas,1369000000.0,1469000000.0
0.01565,,5610.51,Uruguay,2004-12-01,45.0,,2869.031,13686333821.7864,0.08504016178723389,350.166498668136,,0.0128,0.170630983403661,0.236791141666667,79.24,71.964,0.180445282569283,0.239742088317871,0.625624961853027,0.134633264541626,3323822,0.93078,The Americas,591000000.0,267000000.0
0.022199,,1628.148,Guyana,2004-12-01,46.0,,479.0,785918769.749001,0.0534443832383742,55.4904535685235,,0.0361,,0.145416666666667,67.578,61.126,0.226776530209171,0.36294864654541004,0.59758846282959,0.039461567401886,756939,0.28358,The Americas,27000000.0,30000000.0
0.022128000000000002,,410744.337,Mexico,2004-12-01,58.0,,159324.149,770267585947.191,0.0597577052401005,440.583888379388,,0.0174,0.141,0.0743833333333333,77.754,72.839,0.351532182529869,0.326645927429199,0.621103515625,0.0522505378723145,109381550,0.75997,The Americas,11610000000.0,8034000000.0
0.029306000000000002,,13083.856,Bolivia,2004-12-01,60.0,,3622.249,8773451738.91129,0.0533621630416644,50.9549960984607,,0.0464,0.0443992460120042,0.144698833333333,66.526,62.304,0.19600189820856598,0.386928367614746,0.569352188110352,0.0437195301055908,9187610,0.63732,The Americas,283000000.0,232000000.0
0.029242999999999998,,7367.003,Honduras,2004-12-01,62.0,,3852.945,8772197584.64208,0.078888791455478,103.486879273117,,0.0265,0.055999999999999994,0.198764001803098,73.75,68.904,0.104578002036547,0.403814086914063,0.555118103027344,0.0410679531097412,6762426,0.47875,The Americas,420000000.0,300000000.0
0.026185,,4088.705,Paraguay,2004-12-01,74.0,,4002.442,8033877360.41697,0.059017438018081105,81.8422329454455,,0.0246,0.0345243843137079,0.335443081304587,73.256,69.068,0.301907193272263,0.362983131408691,0.590116386413574,0.0469006586074829,5793330,0.57122,The Americas,87000000.0,121000000.0
0.01796,,6930.63,Costa Rica,2004-12-01,77.0,,3879.846,18596365926.8535,0.0779839003815365,346.177398139317,,0.0092,0.207923067055542,0.234255555555556,80.764,75.981,0.217383645571147,0.285996437072754,0.656161956787109,0.0578416299819946,4246336,0.64385,The Americas,1586000000.0,481000000.0
0.023895,,18786.041,Dominican Republic,2004-12-01,77.0,,6528.082,22163928096.993,0.051089284834233306,119.813214784354,,0.0299,0.08865553460704399,0.32634166666666703,74.685,68.418,0.275220586422492,0.334389266967773,0.609802742004395,0.0558076763153076,9207389,0.65995,The Americas,3152000000.0,448000000.0
0.023951,,28657.605,Ecuador,2004-12-01,92.0,,10277.549,36591661000.0,0.0657297269593747,177.776915263333,,0.0248,0.048344426375952494,0.0995007833982452,77.486,71.553,0.261966897849974,0.330209541320801,0.614591636657715,0.055198683738708496,13529091,0.61514,The Americas,464000000.0,577000000.0
0.02246,,31895.566,Peru,2004-12-01,98.0,,12874.755,65702520515.8265,0.0436692907837317,111.07174850777,,0.023,0.141,0.246745640588226,74.835,69.489,0.149342473656525,0.32423725128173797,0.622975425720215,0.0527873754501343,27403845,0.7464400000000001,The Americas,1232000000.0,852000000.0
0.021397,,6365.912,El Salvador,2004-12-01,115.0,,4382.27,15798300000.0,0.0729743073621846,190.547891092824,,0.0213,0.032,,75.21,65.717,0.302890750652406,0.363023681640625,0.576222305297852,0.0607535457611084,6050297,0.61107,The Americas,748000000.0,373000000.0
0.022424,,168267.629,"Venezuela, RB",2004-12-01,141.0,,56440.943,112451400422.982,0.0557233226477318,238.608176550256,,0.016399999999999998,0.0840446959241215,0.18496666666666703,76.095,70.181,0.320660883612655,0.317679996490479,0.633488159179688,0.048831729888916,26261326,0.88522,The Americas,554000000.0,1604000000.0
0.018729,,337826.042,Brazil,2004-12-01,152.0,,210042.15,663760341880.342,0.0713057282027959,257.202922404132,,0.0219,0.19073672274442,0.54925,75.273,67.793,0.35652898811095196,0.279523239135742,0.6601454925537109,0.0603312730789185,184010283,0.82521,The Americas,3389000000.0,3752000000.0
0.029068,,1987.514,Haiti,2004-12-01,202.0,,2287.743,3660483885.68707,0.056115100444841796,22.4983319649316,,0.067,0.05401261907621999,0.48,60.587,57.112,0.043811931588106895,0.38493930816650396,0.573898506164551,0.0411625146865845,9129933,0.42381,The Americas,93000000.0,206000000.0
0.012312,,2273.54,Aruba,2005-12-01,,,,2331005586.59218,,,,,0.254,0.115333333333333,76.703,71.871,1.03384950665294,0.214733428955078,0.699383163452148,0.08588337898254389,100031,0.44875,The Americas,1097000000.0,250000000.0
0.015347,,1598.812,"Bahamas, The",2005-12-01,,,696.0,7706222000.0,0.0595416502405459,1394.27261539397,,0.0125,0.25,0.0554166666666667,76.752,70.674,0.6921279414624659,0.255633754730225,0.682157974243164,0.0622082853317261,329088,0.8228,The Americas,2081000000.0,528000000.0
0.013089,,1353.123,Barbados,2005-12-01,,,390.0,3891500000.0,0.069626455906822,764.804254852506,,0.0147,0.525,0.0916666666666667,76.366,71.647,0.753706573868289,0.205893955230713,0.685610122680664,0.10849587440490699,273568,0.32939,The Americas,1081000000.0,274000000.0
0.013099999999999999,,443.707,Bermuda,2005-12-01,,,,4868136000.0,,,,,0.654470657898838,,81.4,76.1,0.821990426742754,,,,64154,1.0,The Americas,429000000.0,239000000.0
,,513.38,Cayman Islands,2005-12-01,,,,,,,,,0.380343830823064,,,,1.66474713612899,,,,48623,1.0,The Americas,356000000.0,
0.011435,,26006.364,Cuba,2005-12-01,,,10758.079,42644200000.0,0.08080583057015961,306.471121862715,,0.0053,0.0973806220781346,,79.748,75.763,0.012002573839819399,0.194511413574219,0.6957456207275391,0.10974295616149901,11292078,0.76134,The Americas,2591000000.0,
,,,Curacao,2005-12-01,,,,,,,,,,,,,,0.21110063552856398,0.6678465270996089,0.12105287551879901,136708,0.90534,The Americas,244000000.0,164000000.0
0.0156,,608.722,Greenland,2005-12-01,,,,1702543476.55709,,,,,0.5770340450086561,,71.92,66.66,0.816111530560287,,,,56935,0.8285800000000001,The Americas,,
,,,Sint Maarten (Dutch part),2005-12-01,,,,,,,,,,,,,,,,,36936,1.0,The Americas,659000000.0,94000000.0
0.0175,,,St. Martin (French part),2005-12-01,,,,,,,,,,,81.2,74.7,,,,,27906,,The Americas,,
,,121.011,Turks and Caicos Islands,2005-12-01,,,,,,,,,,,,,,,,,26450,0.8774500000000001,The Americas,,
0.0149,,,Virgin Islands (U.S.),2005-12-01,,,,,,,,,0.273443196733265,,81.7,75.5,0.745119144829634,0.22418529510498,0.670291748046875,0.105522975921631,107863,0.93664,The Americas,1432000000.0,
0.01065,0.475,563071.517,Canada,2005-12-01,3.0,,272206.37,1164179473989.7,0.0982946468488075,3452.00606217318,119.0,0.0053,0.7166,0.044166666666666694,82.7,78.0,0.527595927857087,0.176752510070801,0.692167434692383,0.131080017089844,32312000,0.80122,The Americas,15887000000.0,22739000000.0
0.014,0.45799999999999996,5826393.624,United States,2005-12-01,6.0,,2318861.102,13095400000000.0,0.157662621880694,6732.24198079619,325.0,0.0068,0.6796805291500201,0.0618916666666667,79.9,74.9,0.683176950708401,0.205165214538574,0.6713986206054691,0.123436136245728,295516599,0.79928,The Americas,127237000000.0,100250000000.0
0.012960000000000001,0.5760000000000001,,Puerto Rico,2005-12-01,7.0,,,83914521340.5431,,,140.0,,0.234000504486583,,82.45,74.34,0.530015742554856,0.221729946136475,0.656660995483398,0.12160903930664099,3821362,0.94112,The Americas,3239000000.0,1663000000.0
0.01754,0.499,10645.301,Jamaica,2005-12-01,8.0,,3717.465,11075778481.0127,0.0406830562528679,170.47796754831,414.0,0.018,0.128,0.173608333333333,74.38,68.715,0.738759852640551,0.311212024688721,0.612016716003418,0.0767712736129761,2643601,0.52811,The Americas,1783000000.0,290000000.0
0.018062,0.45,198.018,St. Vincent and the Grenadines,2005-12-01,12.0,,67.0,551431645.446551,0.036543791989845704,185.300263942103,76.0,0.019399999999999997,0.0919827808234299,0.0958412535234746,73.602,69.015,0.64938528170374,0.285188827514648,0.642966842651367,0.0718443393707275,108749,0.46993,The Americas,104000000.0,15000000.0
,0.37,113.677,Dominica,2005-12-01,14.0,,41.0,361615917.777778,0.049763255156936095,255.106112633757,147.0,0.0124,0.385436432637571,0.09918175904598209,,,0.7371494995888971,,,,70542,0.66601,The Americas,57000000.0,10000000.0
0.022228,0.439,6838.955,Panama,2005-12-01,18.0,,2883.757,15464700000.0,0.0748349466850311,343.8277088353,560.0,0.019399999999999997,0.114840092783071,0.08664999999999999,78.89,73.265,0.519541558957423,0.307321090698242,0.631865081787109,0.0608138179779053,3365929,0.63669,The Americas,1108000000.0,388000000.0
,0.523,234.688,St. Kitts and Nevis,2005-12-01,19.0,,79.0,536410666.378498,0.035620855936664,388.83612957687,172.0,0.0106,0.34,0.100349577016759,,,1.03787215857059,,,,49139,0.32048000000000004,The Americas,121000000.0,11000000.0
0.018868,0.45299999999999996,216.353,Grenada,2005-12-01,20.0,,79.0,700431791.333632,0.0605756093726459,412.132912417031,140.0,0.0127,0.204878048780488,0.100650792583996,73.832,69.097,0.455148565822576,0.300395336151123,0.623043975830078,0.0765606927871704,102951,0.35916,The Americas,71000000.0,10000000.0
0.017413,0.35700000000000004,366.7,St. Lucia,2005-12-01,20.0,,123.0,908558306.769096,0.06326814642930051,347.517084864321,71.0,0.0146,0.21567582946421499,0.106053045549906,75.342,70.785,0.638763776623722,0.284588928222656,0.642911148071289,0.0724999523162842,165407,0.23085,The Americas,382000000.0,39000000.0
0.01511,0.253,61730.278,Chile,2005-12-01,27.0,,28351.93,124404150138.162,0.0657428288253414,497.320107702418,316.0,0.0077,0.311753470303684,0.0667787900981346,81.236,75.186,0.646941754338373,0.248863296508789,0.6707517242431641,0.0803849983215332,16337749,0.8744299999999999,The Americas,1682000000.0,1355000000.0
0.01766,1.075,160951.964,Argentina,2005-12-01,30.0,,66973.091,222907566120.932,0.0832966842641529,394.837681444536,453.0,0.015300000000000001,0.17720583369606502,0.0616324166666666,78.609,71.078,0.573289942567057,0.263216991424561,0.634455108642578,0.10232790946960399,38647854,0.9008400000000001,The Americas,3209000000.0,3554000000.0
0.018599,0.515,410.704,Antigua and Barbuda,2005-12-01,31.0,,137.0,1001970945.08233,0.0449932716059692,543.545587137525,184.0,0.0106,0.27,0.11393938079261601,76.906,72.056,1.0416035850542,0.283279838562012,0.644050140380859,0.0726700162887573,82565,0.29219,The Americas,309000000.0,40000000.0
0.034551000000000005,0.387,12453.132,Guatemala,2005-12-01,39.0,,7854.987,27211230373.8306,0.0645057091237666,138.440715185697,344.0,0.0334,0.057,0.130333333333333,73.201,66.188,0.35571384279685,0.43157039642334,0.52552074432373,0.0429088640213013,12678919,0.47172,The Americas,791000000.0,532000000.0
0.025398,0.635,4319.726,Nicaragua,2005-12-01,39.0,,2835.627,6322582497.35619,0.061114532519670896,70.8174535588489,240.0,0.0263,0.0256635117656203,0.121013604539054,74.999,68.968,0.205194145276294,0.377762107849121,0.580984573364258,0.0412533378601074,5455219,0.55933,The Americas,206000000.0,162000000.0
0.021011,0.34700000000000003,6453.92,El Salvador,2005-12-01,40.0,,4508.548,17093800000.0,0.0719020931565831,202.399654839655,320.0,0.02,0.042,,75.402,65.922,0.39715733355641397,0.356689758300781,0.581162452697754,0.0621478223800659,6072538,0.61648,The Americas,656000000.0,288000000.0
0.021265999999999997,0.8370000000000001,60945.54,Colombia,2005-12-01,42.0,,27084.529,146520136085.39,0.0581583689836428,197.389057865201,456.0,0.0184,0.110072638904585,0.145608333333333,76.036,68.665,0.505973968244647,0.307770671844482,0.6415220642089839,0.050707292556762706,43184026,0.7358100000000001,The Americas,1574000000.0,1565000000.0
0.022335999999999998,0.39,1433.797,Guyana,2005-12-01,42.0,,495.0,824880550.343965,0.0534989997847434,58.0028184815147,288.0,0.0355,,0.145408333333333,67.651,61.556,0.369815229077565,0.365857734680176,0.596087989807129,0.038054292201995896,760834,0.28301,The Americas,35000000.0,40000000.0
0.015168,0.37,28580.598,Trinidad and Tobago,2005-12-01,43.0,,16879.892,16088526685.8421,0.0525570899393139,647.674064813717,210.0,0.0237,0.28976712432678403,0.0910416666666667,72.734,65.459,0.7125271698692219,0.218443050384521,0.7091977691650391,0.0723591756820679,1296933,0.09902,The Americas,593000000.0,234000000.0
0.026517,0.34700000000000003,396.036,Belize,2005-12-01,45.0,,161.0,1114200000.0,0.0444927682565881,182.420776551927,147.0,0.0184,0.0921028860085089,0.14255,75.267,68.979,0.353045013239188,0.37914829254150395,0.579876441955566,0.040975284576416,271920,0.46311,The Americas,214000000.0,45000000.0
0.015479,0.713,5775.525,Uruguay,2005-12-01,45.0,,2957.157,17362872709.7496,0.0824178342023867,430.357975657991,304.0,0.0124,0.20088189557930503,0.136095233333333,79.425,72.197,0.347329071877852,0.23770620346069302,0.626881446838379,0.13541233062744099,3325155,0.9331900000000001,The Americas,699000000.0,331000000.0
0.028731000000000003,0.8,12324.787,Bolivia,2005-12-01,50.0,,5182.705,9549196255.88892,0.0557983250740536,56.9579421275853,1080.0,0.044,0.05227583956631961,0.166150416666667,66.873,62.632,0.25884311313157904,0.383210105895996,0.572574195861816,0.0442156982421875,9354709,0.6419400000000001,The Americas,345000000.0,257000000.0
0.021666,0.557,435045.546,Mexico,2005-12-01,58.0,,170262.743,866346483685.297,0.058712786767058704,478.437265722011,552.0,0.0167,0.1721,0.09695000000000001,78.004,73.087,0.425611567174915,0.322753753662109,0.624028129577637,0.0532181215286255,110731826,0.7630800000000001,The Americas,12801000000.0,8951000000.0
0.028758,0.44,7554.02,Honduras,2005-12-01,62.0,,3996.791,9672006169.12994,0.0768827300477031,108.735986862633,424.0,0.0255,0.065,0.188310833333333,73.959,69.106,0.185750761905107,0.398123588562012,0.560441093444824,0.0414353179931641,6898825,0.48516,The Americas,465000000.0,321000000.0
0.023587,0.353,29908.052,Ecuador,2005-12-01,69.0,,11048.084,41507085000.0,0.0631311765993685,190.198619978181,600.0,0.0241,0.0599425516097331,0.0961947363725257,77.674,71.729,0.453384089909576,0.326549644470215,0.617185821533203,0.056264543533325204,13777131,0.6171099999999999,The Americas,488000000.0,644000000.0
0.023600000000000003,0.355,19651.453,Dominican Republic,2005-12-01,74.0,,6840.493,33969724872.4638,0.0526787888651199,188.48744814659,232.0,0.0291,0.11483197778934401,0.24109166666666698,74.908,68.628,0.387792852294495,0.33063068389892597,0.6127139282226559,0.0566554117202759,9343362,0.67364,The Americas,3518000000.0,511000000.0
0.025761,0.545,3832.015,Paraguay,2005-12-01,74.0,,3954.072,8734651405.96572,0.0555755614088122,82.2187172205666,328.0,0.023899999999999998,0.0790700786141285,0.299099279724865,73.466,69.289,0.319604618430702,0.358249855041504,0.5940731811523441,0.0476769828796387,5904170,0.5735,The Americas,96000000.0,130000000.0
0.017454,0.552,7088.311,Costa Rica,2005-12-01,77.0,,3864.771,19964893807.3935,0.0773973795923771,364.012465597907,402.0,0.009,0.2207,0.24655833333333302,80.902,76.107,0.254924041637636,0.279094142913818,0.66207633972168,0.0588294792175293,4320130,0.65669,The Americas,1810000000.0,556000000.0
0.022105,0.384,37135.709,Peru,2005-12-01,102.0,,13645.788,74147754854.3689,0.0446048430165972,127.731236820531,424.0,0.0215,0.171,0.255338357716344,75.165,69.803,0.20139593145558798,0.320121917724609,0.625940017700195,0.0539380598068237,27723281,0.75034,The Americas,1438000000.0,970000000.0
0.022143,0.502,181630.177,"Venezuela, RB",2005-12-01,141.0,,66558.174,145513489651.872,0.0542792195708979,295.531999122258,864.0,0.0158,0.125529979098299,0.16809166666666703,76.287,70.365,0.46755104234668005,0.313219604492188,0.636997680664063,0.0497827243804932,26725897,0.88563,The Americas,722000000.0,1843000000.0
0.018061,0.69,347308.904,Brazil,2005-12-01,152.0,,215332.125,882185702547.247,0.08169696913246771,387.124860808485,2600.0,0.020399999999999998,0.21022747248826998,0.553833333333333,75.518,68.1,0.463141845224809,0.27568151473999,0.662589111328125,0.061729383468627906,186142403,0.8283400000000001,The Americas,4168000000.0,5905000000.0
0.028642,0.40399999999999997,2075.522,Haiti,2005-12-01,202.0,,2584.559,4154289832.39201,0.044074151218496095,19.770993499355,184.0,0.0655,0.0637620163504938,0.41,61.057,57.595,0.0540121515463057,0.380737075805664,0.577618370056152,0.0416445350646973,9260879,0.44084,The Americas,80000000.0,174000000.0
0.020088,0.27899999999999997,2379.883,Suriname,2005-12-01,694.0,,696.0,1793557833.08931,0.0677551020408163,243.308621739866,199.0,0.0259,0.0640308628759062,0.174,72.352,65.504,0.466014577907324,0.29877902984619104,0.640394973754883,0.0608260297775269,499523,0.66682,The Americas,96000000.0,94000000.0
0.011977,,2273.54,Aruba,2006-12-01,,,,2421474860.3352,,,,,0.28,0.11324999999999999,76.845,72.024,1.08132500247942,0.213121089935303,0.6981056976318359,0.08879302024841311,100830,0.44511,The Americas,1064000000.0,241000000.0
0.015361000000000001,,1521.805,"Bahamas, The",2006-12-01,,,706.0,7965588000.0,0.06932517875642069,1645.31124154575,,0.0123,0.26,0.055,76.969,70.897,0.753785508697284,0.248583221435547,0.687806549072266,0.0636191892623901,335622,0.8233400000000001,The Americas,2066000000.0,541000000.0
0.013042999999999999,,1371.458,Barbados,2006-12-01,,,398.0,4314050000.0,0.0711517126829421,825.832969591154,,0.0144,0.5529999999999999,0.102916666666667,76.547,71.818,0.862492406964859,0.203129596710205,0.689909515380859,0.106964492797852,274923,0.32762,The Americas,1235000000.0,284000000.0
0.0125,,520.714,Bermuda,2006-12-01,,,,5414299000.0,,,,,0.698996551617012,,81.5,76.4,0.9341436498437911,,,,64523,1.0,The Americas,495000000.0,394000000.0
,,517.047,Cayman Islands,2006-12-01,,,,,,,,,0.445,,,,1.85021788669892,,,,50026,1.0,The Americas,509000000.0,164000000.0
0.011056,,27407.158,Cuba,2006-12-01,,,10846.601,52742100000.0,0.0767119625498416,359.991992170122,,0.0050999999999999995,0.111596013147617,,80.0,75.949,0.0135132863172612,0.18998025894165,0.6975648498535161,0.112454891204834,11301100,0.76227,The Americas,2414000000.0,
0.0136,,,Curacao,2006-12-01,,,,,,,,,,,78.5,71.1,,0.20635643005371102,0.6698934936523441,0.12373490333557101,140217,0.90411,The Americas,277000000.0,191000000.0
0.0148,,627.057,Greenland,2006-12-01,,,,1738432116.43728,,,,,0.59361687268664,,72.07,67.09,0.946859903381642,,,,56774,0.83172,The Americas,,
,,,Sint Maarten (Dutch part),2006-12-01,,,,,,,,,,,,,,,,,38272,1.0,The Americas,651000000.0,86000000.0
0.0175,,,St. Martin (French part),2006-12-01,,,,,,,,,,,81.4,74.9,,,,,28414,,The Americas,,
,,143.013,Turks and Caicos Islands,2006-12-01,,,,,,,,,,,,,,,,,27642,0.8828100000000001,The Americas,,
0.013300000000000001,,,Virgin Islands (U.S.),2006-12-01,,,,,,,,,0.273326105376325,,81.8,75.6,,0.218801765441895,0.6703363037109381,0.110861921310425,107700,0.93861,The Americas,1467000000.0,
0.0109,0.45,550233.35,Canada,2006-12-01,3.0,,268302.286,1310795189078.17,0.09962073600132379,3903.8933333302,119.0,0.0052,0.7240000000000001,0.058125,83.0,78.4,0.574932053568209,0.173783493041992,0.69357421875,0.132642240524292,32570505,0.8021299999999999,The Americas,16837000000.0,26067000000.0
0.0143,0.474,5737615.554,United States,2006-12-01,6.0,,2296686.19,13857900000000.0,0.158621050743055,7110.18571077211,325.0,0.0067,0.689311932699721,0.07957499999999999,80.2,75.1,0.762935384187826,0.20361255645752,0.672211608886719,0.124175872802734,298379912,0.8009900000000001,The Americas,133393000000.0,105476000000.0
0.012410000000000001,0.5760000000000001,,Puerto Rico,2006-12-01,7.0,,,87276164364.6388,,,140.0,,0.254424182102582,,82.56,74.47,0.586395726876605,0.21855381011962902,0.6583146667480471,0.12313071250915501,3805214,0.94056,The Americas,3369000000.0,1752000000.0
0.016300000000000002,0.499,12020.426,Jamaica,2006-12-01,8.0,,4175.811,11903020643.5944,0.042211461530712,186.737120646773,414.0,0.0175,0.16399999999999998,0.17642499999999997,74.609,69.039,0.8436418743674029,0.307705554962158,0.615158157348633,0.07713445663452151,2653042,0.52998,The Americas,2094000000.0,315000000.0
0.017878,0.45,201.685,St. Vincent and the Grenadines,2006-12-01,12.0,,70.0,611040126.245679,0.0388355146697916,217.793489017435,76.0,0.019399999999999997,0.12,0.0973167779068317,73.749,69.305,0.804660814632534,0.280548725128174,0.6482352447509769,0.0711885261535645,108908,0.47353,The Americas,113000000.0,16000000.0
0.0149,0.37,110.01,Dominica,2006-12-01,14.0,,42.0,382299140.37037,0.050122564530930995,271.068232187485,147.0,0.012199999999999999,0.3939817430347,0.0950240122157026,,,1.01145848069034,,,,70690,0.66903,The Americas,72000000.0,10000000.0
0.021859000000000003,0.441,7370.67,Panama,2006-12-01,18.0,,3093.093,17137000000.0,0.0700064188597771,349.918769377951,560.0,0.0189,0.173495661695931,0.0838833333333333,79.125,73.382,0.634226423206123,0.30461784362793,0.633302421569824,0.062079172134399396,3428509,0.6396000000000001,The Americas,1425000000.0,403000000.0
,0.523,234.688,St. Kitts and Nevis,2006-12-01,19.0,,79.0,629511777.660199,0.040477546466928,516.897869366757,172.0,0.0101,0.49,0.09300752816644041,,,1.02362362764185,,,,49823,0.31961,The Americas,132000000.0,14000000.0
0.018991,0.45299999999999996,231.021,Grenada,2006-12-01,20.0,,81.0,704762535.923815,0.0643469056510398,435.398268305105,140.0,0.0125,0.213959911692909,0.0985230165386714,74.061,69.305,0.44734650397056,0.293056354522705,0.63101879119873,0.0758957958221436,103260,0.35869,The Americas,94000000.0,16000000.0
0.017235,0.34,366.7,St. Lucia,2006-12-01,20.0,,119.0,1018069266.61284,0.06523264163588599,393.085093686075,71.0,0.0145,0.245,0.107839950834178,75.831,71.034,0.629853630605161,0.27731452941894497,0.6485345458984381,0.0741509485244751,167658,0.22068000000000002,The Americas,294000000.0,39000000.0
0.018213999999999998,0.47600000000000003,425.372,Antigua and Barbuda,2006-12-01,21.0,,143.0,1141418339.6196,0.044669454748767795,607.478688195803,184.0,0.0101,0.3,0.10890589884182299,77.09,72.26,1.3200067092383798,0.279811191558838,0.64724983215332,0.0729390048980713,83467,0.28607,The Americas,327000000.0,45000000.0
0.021221,0.531,441796.493,Mexico,2006-12-01,25.0,,172307.054,966735935557.751,0.056843709138433195,515.029309610618,560.0,0.0162,0.19519999999999998,0.0751183478062322,78.25,73.343,0.49408753526036003,0.31868026733398397,0.626973190307617,0.0543465280532837,112116694,0.76617,The Americas,13329000000.0,9387000000.0
0.020783000000000003,0.34700000000000003,6846.289,El Salvador,2006-12-01,26.0,,4735.064,18550700000.0,0.0667651355474456,203.149577885705,320.0,0.0188,0.055,,75.599,66.133,0.6317542365597609,0.34998043060302697,0.5864688491821289,0.06355036258697509,6096692,0.6218699999999999,The Americas,686000000.0,307000000.0
0.014922000000000001,0.251,64392.52,Chile,2006-12-01,27.0,,29506.534,154671012210.645,0.0623470867579871,586.83613961672,316.0,0.0076,0.344977511736017,0.0799948207856606,81.387,75.34,0.7543868865093399,0.242865142822266,0.674732360839844,0.08240246772766109,16504530,0.87689,The Americas,1891000000.0,1573000000.0
0.017564,1.0759999999999998,174237.505,Argentina,2006-12-01,30.0,,73128.145,264489701813.206,0.0825579043831115,453.704440840454,453.0,0.0147,0.209272021035896,0.08626916666666659,78.796,71.27,0.808188264138509,0.260070323944092,0.636941604614258,0.102988042831421,38988923,0.90266,The Americas,3899000000.0,4038000000.0
0.034053,0.387,12526.472,Guatemala,2006-12-01,30.0,,7940.222,30231130542.9832,0.0734584340754129,170.886343949699,344.0,0.032299999999999995,0.065,0.127625,73.459,66.441,0.55240772601081,0.42880874633789096,0.528004341125488,0.043186750411987294,12995374,0.47593,The Americas,919000000.0,655000000.0
0.025122,0.635,4466.406,Nicaragua,2006-12-01,39.0,,2824.149,6786340352.87422,0.063318552159761,77.7744492429413,240.0,0.0253,0.028055730627337,0.115757937339595,75.43,69.351,0.33126591536865596,0.37113414764404296,0.5866160583496091,0.042249608039856,5524927,0.5618099999999999,The Americas,231000000.0,188000000.0
0.02241,0.39,1290.784,Guyana,2006-12-01,41.0,,500.0,1458449057.88559,0.041407169285562595,78.9032056123465,288.0,0.035,,0.145409722222222,67.741,61.982,0.522625093582556,0.369083061218262,0.594307060241699,0.0366177272796631,765367,0.28258,The Americas,37000000.0,49000000.0
0.020986,0.84,62940.388,Colombia,2006-12-01,43.0,,28568.375,162773603929.706,0.061117044397209705,226.658727725868,456.0,0.0179,0.153416745365682,0.12893913084832,76.272,68.899,0.678872831756854,0.30363578796386703,0.64481071472168,0.0515534543991089,43841370,0.7387600000000001,The Americas,2009000000.0,1799000000.0
0.01525,0.37200000000000005,32152.256,Trinidad and Tobago,2006-12-01,43.0,,19585.072,18460905284.2745,0.0443455971451759,624.934533668188,210.0,0.0232,0.300037485791676,0.10917500000000001,72.822,65.603,1.1651903599447,0.21427366256713898,0.711514892578125,0.0742129898071289,1303478,0.09734999999999999,The Americas,517000000.0,146000000.0
0.015317,0.713,6648.271,Uruguay,2006-12-01,43.0,,3182.672,19579479147.1959,0.08348581863852,490.841417722715,304.0,0.0119,0.294,0.0925001575,79.602,72.423,0.69965740971234,0.23540718078613299,0.628464469909668,0.136127767562866,3330217,0.93553,The Americas,711000000.0,305000000.0
0.028317000000000002,0.44,7007.637,Honduras,2006-12-01,44.0,,3993.017,10841723354.4201,0.0763244920838827,118.405565292718,424.0,0.0246,0.078,0.174366666666667,74.194,69.33,0.31840553111165,0.392167282104492,0.566072273254395,0.0417605686187744,7037428,0.49158,The Americas,516000000.0,425000000.0
0.026042000000000003,0.348,407.037,Belize,2006-12-01,45.0,,172.0,1217450000.0,0.0441244632688331,191.862008907129,147.0,0.0178,0.104016781374062,0.142091666666667,75.426,69.347,0.42296180798250804,0.37439289093017597,0.585124664306641,0.0404860496520996,278985,0.46041,The Americas,260000000.0,43000000.0
0.028174,0.8,14910.022,Bolivia,2006-12-01,50.0,,6438.918,11451845341.2441,0.047977174649346296,57.7287665748508,1080.0,0.0417,0.0620067125473576,0.118912833333333,67.213,62.957,0.302198553280598,0.379015045166016,0.576275634765625,0.0447090816497803,9517395,0.64652,The Americas,330000000.0,360000000.0
0.023216999999999998,0.353,29688.032,Ecuador,2006-12-01,65.0,,10255.178,46802044000.0,0.0648048619414998,216.279816023104,600.0,0.023399999999999997,0.07200000000000001,0.0980636180694657,77.843,71.902,0.60505923519965,0.32301338195800805,0.61966136932373,0.057325119972229006,14023503,0.61907,The Americas,492000000.0,706000000.0
0.023284,0.358,20692.881,Dominican Republic,2006-12-01,72.0,,7067.699,35965041793.3794,0.0521422599846243,196.811168265449,286.0,0.028399999999999998,0.148449283654589,0.19475,75.129,68.843,0.48586647345908196,0.32678142547607403,0.6158370590209961,0.0573816394805908,9479269,0.6870499999999999,The Americas,3917000000.0,495000000.0
0.021768,0.38299999999999995,35063.854,Peru,2006-12-01,72.0,,13247.519,87554128440.367,0.0451819970472758,148.806640361163,424.0,0.02,0.207,0.239333333333333,75.473,70.1,0.32535769368201,0.316059341430664,0.628845405578613,0.0550954723358154,28030688,0.75421,The Americas,1775000000.0,1047000000.0
0.025375,0.44799999999999995,3986.029,Paraguay,2006-12-01,74.0,,4075.662,10662013273.2006,0.05714150076006361,101.141244093897,328.0,0.0232,0.0796207388394416,0.301428580363472,73.656,69.473,0.537482910849123,0.353485679626465,0.598076629638672,0.048437671661376996,6014781,0.5757800000000001,The Americas,112000000.0,144000000.0
0.016988,0.552,7436.676,Costa Rica,2006-12-01,77.0,,4181.746,22526464409.0829,0.0782318580410751,409.929542680971,402.0,0.009,0.251,0.22188333333333302,81.041,76.245,0.32867826994829596,0.272496967315674,0.6676311492919921,0.0598723793029785,4392493,0.66932,The Americas,1865000000.0,577000000.0
0.021859000000000003,0.498,171824.619,"Venezuela, RB",2006-12-01,141.0,,63704.896,183477522123.894,0.057350883759355605,386.989977660967,864.0,0.0152,0.15224711477178698,0.154766666666667,76.485,70.555,0.6910208355874591,0.309069747924805,0.640092010498047,0.05083829402923581,27190882,0.88605,The Americas,843000000.0,1807000000.0
0.017411000000000003,0.69,347668.27,Brazil,2006-12-01,149.0,,222817.6,1088916819852.94,0.0848248330965025,491.116043446705,2600.0,0.019100000000000002,0.281783801797929,0.508083333333333,75.76,68.403,0.531102584874003,0.271743507385254,0.665166320800781,0.063090181350708,188134315,0.83143,The Americas,4577000000.0,7501000000.0
0.028244,0.40399999999999997,2112.192,Haiti,2006-12-01,202.0,,2645.058,4879738635.95586,0.0569978142131928,29.6245714137732,184.0,0.064,0.0679600048052951,0.263666666666667,61.573,58.115,0.12781401186667898,0.376718063354492,0.581053771972656,0.042228260040283204,9388642,0.45756,The Americas,126000000.0,239000000.0
0.019686,0.27899999999999997,2442.222,Suriname,2006-12-01,694.0,,714.0,2626093294.46064,0.0621722335054122,323.214952900059,199.0,0.0252,0.0949962694173364,0.15641666666666698,72.632,65.838,0.633430063382596,0.296997547149658,0.641472625732422,0.061535749435424794,505186,0.6661499999999999,The Americas,109000000.0,33000000.0
0.011653,,2357.881,Aruba,2007-12-01,,,,2623726256.98324,,,,,0.309,0.110083333333333,76.994,72.176,1.12218061826337,0.212311916351318,0.695630264282227,0.0920578193664551,101219,0.44147,The Americas,1213000000.0,270000000.0
0.013,,1426.463,Barbados,2007-12-01,,,401.0,4513250000.0,0.0752180601020767,928.198539472255,,0.0141,0.5820000000000001,0.107583333333333,76.724,71.986,0.932383079300847,0.20037498474121102,0.69401725769043,0.105593299865723,276277,0.32586,The Americas,1224000000.0,290000000.0
0.0134,,517.047,Bermuda,2007-12-01,,,,5895048000.0,,,,,0.743505940302669,,81.7,76.3,1.0695684523809499,,,,64888,1.0,The Americas,569000000.0,453000000.0
0.013800000000000002,,612.389,Cayman Islands,2007-12-01,,,,,,,,,0.52,,,,1.97188762822505,,,,51472,1.0,The Americas,481000000.0,132000000.0
0.0107,,26736.097,Cuba,2007-12-01,,,10137.385,58603500000.0,0.104196848311108,586.909855090637,,0.005,0.11689999999999999,,80.24,76.135,0.0175418261046992,0.18556657791137698,0.699095840454102,0.11533760070800801,11301674,0.7631999999999999,The Americas,2415000000.0,
0.0134,,,Curacao,2007-12-01,,,,,,,,,,,79.0,71.9,,0.203221035003662,0.6708182525634769,0.125945949554443,143026,0.9028700000000001,The Americas,329000000.0,223000000.0
0.015099999999999999,,616.056,Greenland,2007-12-01,,,,2121759848.4242,,,,,0.6107,,72.18,67.89,1.16866430821761,,,,56555,0.83482,The Americas,,
,,,Sint Maarten (Dutch part),2007-12-01,,,,,,,,,,,76.9,72.3,,,,,39464,1.0,The Americas,665000000.0,83000000.0
0.0174,,,St. Martin (French part),2007-12-01,,,,,,,,,,,81.5,75.1,,,,,28905,,The Americas,,
,,157.681,Turks and Caicos Islands,2007-12-01,,,,,,,,,,,,,,,,,28638,0.8879699999999999,The Americas,,
0.0127,,,Virgin Islands (U.S.),2007-12-01,,,,,,,,,0.273393358364014,,82.0,75.8,,0.214375076293945,0.668938369750977,0.116695919036865,107423,0.94053,The Americas,1512000000.0,
0.0112,0.44299999999999995,560801.644,Canada,2007-12-01,3.0,,271727.791,1457872837625.94,0.10026322391178301,4329.68356680174,119.0,0.0050999999999999995,0.732,0.061041666666666695,82.748,78.105,0.614731075542007,0.17091093063354498,0.694677200317383,0.134411878585815,32887928,0.80396,The Americas,17961000000.0,31099000000.0
0.0143,0.461,5828696.5,United States,2007-12-01,6.0,,2337013.725,14480300000000.0,0.16083714713408898,7486.34372461791,325.0,0.0066,0.75,0.0805,80.4,75.4,0.820641447853526,0.202162075042725,0.672605133056641,0.125232830047607,301231207,0.80269,The Americas,148846000000.0,111102000000.0
0.011859999999999999,0.5760000000000001,,Puerto Rico,2007-12-01,7.0,,,89524131617.1909,,,140.0,,0.2786,,82.59,74.46,0.650340521056192,0.215185012817383,0.660221710205078,0.124594087600708,3782995,0.93999,The Americas,3414000000.0,1743000000.0
0.01629,0.499,13479.892,Jamaica,2007-12-01,8.0,,4200.468,12820055024.6163,0.0487190883184447,230.189760173609,414.0,0.0171,0.21100000000000002,0.17197500000000002,74.842,69.373,0.991203964917774,0.30406713485717796,0.6184342575073241,0.07749749660491939,2662481,0.53184,The Americas,2142000000.0,340000000.0
0.017707999999999998,0.45,201.685,St. Vincent and the Grenadines,2007-12-01,12.0,,70.0,684074074.074074,0.0392011935190451,245.923865180294,76.0,0.0193,0.16,0.0961258286342562,73.899,69.581,1.01326058049429,0.276408824920654,0.653473358154297,0.0700719881057739,109045,0.47713,The Americas,110000000.0,20000000.0
,0.37,150.347,Dominica,2007-12-01,14.0,,43.0,412592592.592593,0.051184150651760005,298.348561414522,147.0,0.012,0.402744630071599,0.09168012472333739,,,1.25715092873791,,,,70795,0.67203,The Americas,74000000.0,11000000.0
0.021487,0.447,7124.981,Panama,2007-12-01,18.0,,3024.153,21121900000.0,0.0672980143203724,381.570482064033,482.0,0.0184,0.2229,0.0825,79.352,73.518,0.862390626960379,0.301914844512939,0.634682159423828,0.06340299129486081,3491034,0.64251,The Americas,1806000000.0,457000000.0
,0.523,249.356,St. Kitts and Nevis,2007-12-01,19.0,,83.0,684074061.99289,0.0405358061962303,550.713153724247,172.0,0.009699999999999999,0.52,0.0927814952398717,,,1.2777843813146301,,,,50478,0.31893,The Americas,125000000.0,12000000.0
0.019137,0.45299999999999996,238.355,Grenada,2007-12-01,20.0,,81.0,758888875.486428,0.0611296682269514,447.708047752357,140.0,0.0123,0.2229,0.0975594317205468,74.278,69.496,0.49602262854053597,0.28714305877685503,0.6378081893920899,0.07505840778350831,103586,0.35822000000000004,The Americas,129000000.0,16000000.0
0.017063,0.34,385.035,St. Lucia,2007-12-01,20.0,,128.0,1145555535.32432,0.0682838784881708,451.543496479141,71.0,0.0143,0.27899999999999997,0.101219067962335,76.272,71.264,0.863948656765541,0.27040416717529303,0.652892456054688,0.0767033576965332,170149,0.21084,The Americas,302000000.0,42000000.0
0.017848,0.462,443.707,Antigua and Barbuda,2007-12-01,21.0,,146.0,1289259236.49012,0.0456687090856337,697.614181323504,184.0,0.0096,0.34,0.10438535035794799,77.271,72.456,1.3315757669111499,0.275791797637939,0.651207962036133,0.0729883766174316,84397,0.28003,The Americas,338000000.0,52000000.0
0.027913,0.44,8778.798,Honduras,2007-12-01,21.0,,4691.687,12275491272.9738,0.07894258787192719,135.938960366787,424.0,0.023600000000000003,0.094,0.16605,74.455,69.577,0.582972948424977,0.386021003723145,0.571920967102051,0.0420579099655151,7178436,0.498,The Americas,547000000.0,309000000.0
0.020654,0.34700000000000003,6897.627,El Salvador,2007-12-01,21.5,,4478.914,20104900000.0,0.0631507741893767,207.357564572632,320.0,0.0177,0.0611,,75.801,66.35,1.00235654305309,0.342936210632324,0.592115058898926,0.0649485731124878,6122952,0.62723,The Americas,793000000.0,363000000.0
0.022952,0.395,21429.948,Dominican Republic,2007-12-01,22.0,,7058.38,41320673507.96,0.0497270252247766,211.799389499459,286.0,0.0277,0.1766,0.158266666666667,75.35,69.062,0.573359375934411,0.32288166046142597,0.619100456237793,0.0580180072784424,9615015,0.70016,The Americas,4064000000.0,531000000.0
0.020789000000000002,0.523,455844.77,Mexico,2007-12-01,25.0,,176710.575,1043394940067.71,0.057778704219395294,564.884652100379,485.0,0.0158,0.20809999999999998,0.0756083333333333,78.488,73.6,0.586272950897596,0.314429416656494,0.629950523376465,0.055620064735412596,113529819,0.76923,The Americas,14055000000.0,9918000000.0
0.014757999999999999,0.251,71154.468,Chile,2007-12-01,27.0,,30564.974,173006275030.338,0.063731420141171,664.578648211055,316.0,0.0076,0.359,0.0867125848644778,81.531,75.502,0.837200337011002,0.23696290969848602,0.678448715209961,0.0845882892608643,16668892,0.87926,The Americas,2226000000.0,2042000000.0
0.017481,1.0759999999999998,180416.4,Argentina,2007-12-01,30.0,,73672.983,329761480066.765,0.0821230975972478,547.992261520378,453.0,0.014199999999999999,0.259466329403819,0.110520333333333,78.974,71.463,1.0272152827068701,0.257021980285645,0.639280891418457,0.103697156906128,39331357,0.90445,The Americas,4984000000.0,5063000000.0
0.015430999999999999,0.449,1547.474,"Bahamas, The",2007-12-01,30.5,,709.0,8318996000.0,0.0707559268053501,1720.85447177313,58.0,0.0121,0.27,0.055,77.169,71.098,1.09340766966136,0.241930255889893,0.693155059814453,0.0649088287353516,342049,0.8238800000000001,The Americas,2198000000.0,538000000.0
0.033557000000000003,0.365,12636.482,Guatemala,2007-12-01,34.0,,8527.505,34113106486.1272,0.0720067726135496,184.441078079689,344.0,0.0312,0.073,0.128366666666667,73.72,66.69,0.893349199661719,0.425695037841797,0.530899810791016,0.0434053134918213,13317931,0.48019,The Americas,1055000000.0,737000000.0
0.025036000000000003,0.35100000000000003,4136.376,Paraguay,2007-12-01,35.0,,4224.895,13794909537.4393,0.0597433990846147,134.550270829076,328.0,0.0225,0.1121,0.25024961792380496,73.828,69.623,0.766390625089282,0.348739356994629,0.602057685852051,0.0492029333114624,6125285,0.57806,The Americas,121000000.0,184000000.0
0.022383,0.39,1565.809,Guyana,2007-12-01,37.0,,500.0,1740334781.83731,0.0392318595758354,88.6236952042638,288.0,0.0344,0.138,0.146108333333333,67.852,62.376,0.699336844031791,0.372382392883301,0.592418022155762,0.0351995754241943,770407,0.28231,The Americas,50000000.0,58000000.0
0.024859000000000003,0.635,4594.751,Nicaragua,2007-12-01,39.0,,2870.921,7458167330.67729,0.0692455241781987,92.1530515960732,240.0,0.024399999999999998,0.039,0.130414649627968,75.836,69.726,0.447192608818499,0.364422302246094,0.592287979125977,0.0432900667190552,5595533,0.5643699999999999,The Americas,255000000.0,279000000.0
0.020702,0.8420000000000001,63439.1,Colombia,2007-12-01,42.0,,27919.061,207520150283.04,0.0625336641442729,291.482752182856,268.0,0.0174,0.218,0.15381850101101502,76.501,69.125,0.762749348909028,0.29951532363891603,0.648006134033203,0.052478551864623996,44498390,0.74169,The Americas,2262000000.0,2093000000.0
0.015295,0.331,46460.89,Trinidad and Tobago,2007-12-01,43.0,,20330.738,21830397704.6306,0.047836500597944503,790.271012709493,210.0,0.022699999999999998,0.32299999999999995,0.1175,72.918,65.745,1.15248389362157,0.211247749328613,0.7125202178955079,0.0762350749969482,1310040,0.09571,The Americas,621000000.0,155000000.0
0.025598,0.348,425.372,Belize,2007-12-01,44.0,,178.0,1290500000.0,0.0481007170766537,214.587058178133,147.0,0.0173,0.10859999999999999,0.143333333333333,75.599,69.673,0.413402004220884,0.369575386047363,0.5904484939575201,0.0399656176567078,286196,0.45771,The Americas,289000000.0,46000000.0
0.015166,0.713,5999.212,Uruguay,2007-12-01,44.0,,3172.144,23410536913.7565,0.0799089776269231,560.363807770138,304.0,0.0115,0.34,0.08939703916666669,79.768,72.638,0.899933321031972,0.232875537872314,0.630332832336426,0.136791934967041,3338384,0.93779,The Americas,928000000.0,354000000.0
0.027659,0.8,12757.493,Bolivia,2007-12-01,50.0,,5371.809,13120183156.7149,0.0469560080466399,63.6667253958827,1080.0,0.039700000000000006,0.104992443168903,0.12860808333333298,67.55,63.278,0.336322513118439,0.37443347930908205,0.580358238220215,0.045208082199096694,9676456,0.65104,The Americas,326000000.0,385000000.0
0.022848,0.353,30758.796,Ecuador,2007-12-01,65.0,,11332.2,51007777000.0,0.06749549583390001,241.288105183482,600.0,0.0228,0.10800000000000001,,78.014,72.088,0.696642867450352,0.31957555770873997,0.622031402587891,0.0583929634094238,14268397,0.62104,The Americas,626000000.0,733000000.0
0.021447,0.38299999999999995,43208.261,Peru,2007-12-01,72.0,,14334.054,102172590585.326,0.0508365446156486,192.490550095955,424.0,0.018600000000000002,0.252,0.22855648055555602,75.771,70.39,0.544232697846438,0.31203647613525404,0.631696624755859,0.056266975402831994,28328410,0.75803,The Americas,2007000000.0,1243000000.0
0.016577,0.552,8573.446,Costa Rica,2007-12-01,77.0,,4508.452,26321999607.4464,0.0836985932694597,524.551043058736,402.0,0.009,0.284,0.127983333333333,81.185,76.401,0.337921270399482,0.26619535446167,0.6728113555908201,0.060993552207946805,4463226,0.68172,The Americas,2221000000.0,751000000.0
0.021573000000000002,0.536,175784.979,"Venezuela, RB",2007-12-01,141.0,,62934.043,230364229156.963,0.0596267118984962,496.669019734352,864.0,0.0147,0.20829999999999999,0.17105,76.68,70.743,0.861302692438155,0.305195617675781,0.642805099487305,0.051999249458312996,27655937,0.88646,The Americas,972000000.0,2249000000.0
0.016818000000000003,0.69,363212.683,Brazil,2007-12-01,149.0,,235459.713,1366823994658.72,0.0847019718991502,609.352660751202,2600.0,0.0178,0.30879999999999996,0.437166666666667,76.005,68.699,0.636747518549979,0.26772941589355503,0.667822418212891,0.0644482135772705,189996976,0.8344799999999999,The Americas,5284000000.0,10434000000.0
0.027864,0.40399999999999997,2390.884,Haiti,2007-12-01,202.0,,2509.089,5885325589.97642,0.05418488339389391,34.0091305514945,184.0,0.0626,0.07200000000000001,0.230833333333333,62.113,58.646,0.262778553149695,0.37287910461425805,0.584228401184082,0.0428928184509277,9513714,0.4739,The Americas,190000000.0,331000000.0
0.019327999999999998,0.27899999999999997,2442.222,Suriname,2007-12-01,694.0,,714.0,2936612021.85792,0.0592394486701402,340.817109364593,199.0,0.024399999999999998,0.1411,0.137666666666667,72.916,66.184,0.7444659730072309,0.294945659637451,0.6427777862548829,0.0622784948348999,510433,0.66547,The Americas,73000000.0,28000000.0
0.011346,,2288.208,Aruba,2008-12-01,,,,2791960893.85475,,,,,0.52,0.11233333333333301,77.143,72.323,1.19203899589517,0.211734294891357,0.6926409149169921,0.0956247997283936,101344,0.43783,The Americas,1353000000.0,273000000.0
0.012957000000000002,,1635.482,Barbados,2008-12-01,,,,4541550000.0,0.0753366972663133,995.900806439994,,0.013900000000000001,0.614,0.100333333333333,76.9,72.151,1.03972135977582,0.197717132568359,0.697724304199219,0.104565725326538,277634,0.32409999999999994,The Americas,1244000000.0,279000000.0
0.0128,,388.702,Bermuda,2008-12-01,,,,6109928000.0,,,,,0.823,,81.9,76.7,1.22164318740625,,,,65273,1.0,The Americas,431000000.0,459000000.0
,,630.724,Cayman Islands,2008-12-01,,,,,,,,,0.61,,,,1.85804732385848,,,,52912,1.0,The Americas,518000000.0,130000000.0
0.010385,,30443.434,Cuba,2008-12-01,,,10565.901,60806200000.0,0.10793342762227401,584.0994651169,,0.005,0.1294,,80.46,76.323,0.029366640832374703,0.18128839492797902,0.700379333496094,0.11833214759826699,11296355,0.76413,The Americas,2347000000.0,
0.013800000000000002,,,Curacao,2008-12-01,,,,,,,,,,,79.1,71.7,,0.20125093460083002,0.670850830078125,0.127883815765381,144971,0.90161,The Americas,383000000.0,229000000.0
0.0148,,638.058,Greenland,2008-12-01,,,,1739579593.56673,,,,,0.6282,,72.8,67.75,0.984843405381562,,,,56328,0.8378700000000001,The Americas,,
0.013,,,Sint Maarten (Dutch part),2008-12-01,,,,,,,,,,,77.2,72.0,,,,,40459,1.0,The Americas,667000000.0,88000000.0
0.0172,,,St. Martin (French part),2008-12-01,,,,,,,,,,,81.7,75.2,,,,,29376,,The Americas,,
,,157.681,Turks and Caicos Islands,2008-12-01,,,,,,,,,,,,,,,,,29481,0.89294,The Americas,,
0.0123,,,Virgin Islands (U.S.),2008-12-01,,,,,,,,,0.273617774210613,,82.1,75.9,,0.210960025787354,0.666039276123047,0.12301943778991699,107091,0.9423900000000001,The Americas,1157000000.0,
0.011300000000000001,0.441,544974.872,Canada,2008-12-01,5.0,,264724.291,1542560728744.94,0.10253665868787801,4623.13486355556,119.0,0.005,0.767,0.0472916666666667,82.886,78.312,0.662048772219801,0.16831268310546899,0.695240249633789,0.136447048187256,33245773,0.80578,The Americas,18191000000.0,33844000000.0
0.014,0.46399999999999997,5656838.878,United States,2008-12-01,5.0,,2277034.423,14720300000000.0,0.16536134583493697,7769.35325898637,187.0,0.0065,0.74,0.050875000000000004,80.5,75.5,0.8520916516824251,0.200814743041992,0.672542877197266,0.126642379760742,304093966,0.80438,The Americas,170524000000.0,119217000000.0
0.011789999999999998,0.606,,Puerto Rico,2008-12-01,7.0,,,93639316000.0,,,218.0,,0.38,,82.678,74.636,0.682195481276674,0.21168766021728502,0.662192459106445,0.126119108200073,3760866,0.9394199999999999,The Americas,3535000000.0,1761000000.0
0.01614,0.499,11947.086,Jamaica,2008-12-01,8.0,,4078.017,13676837630.2798,0.0540260749018169,272.467245719939,414.0,0.0166,0.23600000000000002,0.168258333333333,75.073,69.704,1.00164075999444,0.300109748840332,0.622044830322266,0.0778458023071289,2671934,0.53371,The Americas,2222000000.0,312000000.0
0.021116,0.43799999999999994,7576.022,Panama,2008-12-01,12.0,,3052.926,24884000000.0,0.0730252660684474,472.690984612267,482.0,0.0179,0.3382,0.0816337565890172,79.568,73.678,1.10180611682069,0.299150981903076,0.636070556640625,0.0647787523269653,3553480,0.6454000000000001,The Americas,2208000000.0,560000000.0
0.017529,0.426,201.685,St. Vincent and the Grenadines,2008-12-01,12.0,,,695555555.555555,0.0469640672499264,299.195370709662,117.0,0.019100000000000002,0.21,0.0952441609219704,74.047,69.818,1.19183202330567,0.272604846954346,0.658577499389648,0.06882683753967289,109158,0.48070999999999997,The Americas,96000000.0,18000000.0
,0.37,128.345,Dominica,2008-12-01,13.0,,,452222222.222222,0.0494577891706565,315.504556475211,117.0,0.011699999999999999,0.41159999999999997,0.09064046388165471,,,1.2838057079976901,,,,70883,0.67502,The Americas,76000000.0,11000000.0
0.020571000000000002,0.34700000000000003,6545.595,El Salvador,2008-12-01,16.5,,4499.056,21431000000.0,0.0621319583780505,216.44989978494,320.0,0.0167,0.1008,,76.01,66.576,1.1298693255411099,0.33565788269042995,0.598040161132813,0.0663016653060913,6151776,0.63252,The Americas,711000000.0,326000000.0
0.022611999999999997,0.35200000000000004,21019.244,Dominican Republic,2008-12-01,19.0,,7103.897,45796187338.1972,0.052720937202679806,244.437188164076,480.0,0.027,0.2082,0.19945000000000002,75.572,69.281,0.739521927510168,0.319011974334717,0.62236385345459,0.0586241626739502,9750195,0.71297,The Americas,4166000000.0,532000000.0
,0.525,249.356,St. Kitts and Nevis,2008-12-01,19.0,,,734814814.814815,0.041889079742185704,603.491380247397,172.0,0.0094,0.6,0.0870234605404264,,,1.4576403834865999,,,,51110,0.31845,The Americas,110000000.0,15000000.0
0.019279,0.45299999999999996,260.357,Grenada,2008-12-01,20.0,,,825925911.339548,0.05958646657479141,473.560117030338,140.0,0.012,0.2318,0.09528984929882821,74.48,69.667,0.577512219528153,0.28241542816162096,0.643401489257813,0.0741542530059814,103932,0.35775,The Americas,127000000.0,11000000.0
0.027536,0.441,8672.455,Honduras,2008-12-01,20.0,,4647.532,13789720387.3904,0.08401379055617231,159.273144351726,224.0,0.022699999999999998,0.096,0.179366666666667,74.74,69.848,0.848183401872181,0.37982822418212897,0.577820854187012,0.042351326942443805,7322368,0.50438,The Americas,620000000.0,385000000.0
0.016863,0.34,396.036,St. Lucia,2008-12-01,20.0,,,1184074074.07407,0.07453746468188921,502.75002416531,61.0,0.0141,0.32,0.100849310391437,76.643,71.472,1.01337895260921,0.263960781097412,0.656356048583984,0.0796774244308472,172734,0.20131,The Americas,311000000.0,45000000.0
0.017513,0.462,458.375,Antigua and Barbuda,2008-12-01,21.0,,,1347407407.40741,0.0444481943065573,701.666873483911,207.0,0.0092,0.38,0.104291009360419,77.449,72.642,1.60039367772323,0.271356430053711,0.655707778930664,0.0729006767272949,85349,0.27405999999999997,The Americas,334000000.0,58000000.0
0.020364999999999998,0.515,471444.188,Mexico,2008-12-01,26.0,,181876.115,1099073123654.95,0.0583952559937353,598.337799579647,549.0,0.0154,0.21710000000000002,0.08705767856632249,78.719,73.853,0.654994811210096,0.309983310699463,0.633022041320801,0.0569946765899658,114968039,0.77227,The Americas,14726000000.0,10246000000.0
0.014609,0.251,71224.141,Chile,2008-12-01,27.0,,30309.872,179857806671.501,0.0683125121959733,731.993254267233,316.0,0.0076,0.373,0.13261771366414998,81.687,75.694,0.8791177732950931,0.231310291290283,0.681776962280273,0.08691295623779301,16831184,0.8815500000000001,The Americas,2537000000.0,1789000000.0
0.017396000000000002,1.0759999999999998,190056.943,Argentina,2008-12-01,30.5,,77793.834,406003733832.97,0.08284209143594079,685.828779754621,453.0,0.013699999999999999,0.281126234799907,0.194681583333333,79.143,71.656,1.17221183351189,0.254103527069092,0.6414311981201171,0.104465303421021,39676083,0.90622,The Americas,5295000000.0,5962000000.0
0.0155,0.449,1045.095,"Bahamas, The",2008-12-01,30.5,,,8246650000.0,0.07302974299745961,1728.91637506459,58.0,0.011800000000000001,0.3154,0.055,77.358,71.285,1.02787506459207,0.23573520660400402,0.69802490234375,0.0662398815155029,348340,0.8244199999999999,The Americas,2155000000.0,460000000.0
0.033079,0.409,11441.04,Guatemala,2008-12-01,34.0,,8157.03,39136441798.9418,0.06944197058520339,199.123661172765,344.0,0.030199999999999998,0.083,0.133916666666667,73.995,66.955,1.09527430764856,0.422317733764648,0.534071884155273,0.0436102437973022,13648307,0.48449,The Americas,1068000000.0,741000000.0
0.024746999999999998,0.35,4352.729,Paraguay,2008-12-01,35.0,,4347.922,18504128632.4505,0.05634188261361581,167.176722192727,328.0,0.0218,0.1427,0.258075011201113,73.983,69.744,0.928600762828125,0.34408664703369096,0.605926399230957,0.04998729228973389,6236005,0.58034,The Americas,128000000.0,208000000.0
0.020408000000000003,0.8009999999999999,66438.706,Colombia,2008-12-01,36.0,,29207.921,244056732297.388,0.0661993575747729,357.705274574217,256.0,0.0169,0.256,0.171756231436697,76.722,69.345,0.916101235892505,0.295444869995117,0.65103141784668,0.0535237073898315,45153037,0.7445999999999999,The Americas,2438000000.0,2337000000.0
0.022233,0.39,1558.475,Guyana,2008-12-01,39.0,,,1922598121.23066,0.0664221182549904,164.620902445682,288.0,0.0338,0.182,0.14582499999999998,67.988,62.715,0.577216048181154,0.37509006500244096,0.590969390869141,0.0339379620552063,775739,0.28218,The Americas,59000000.0,52000000.0
0.024582,0.632,4385.732,Nicaragua,2008-12-01,39.0,,2902.648,8491371522.66943,0.07183386642804229,104.612477833082,240.0,0.0235,0.053,0.131693503603881,76.222,70.092,0.548343564192059,0.357744903564453,0.5979684448242191,0.0442868280410767,5667983,0.56701,The Americas,301000000.0,332000000.0
0.015297,0.331,42540.867,Trinidad and Tobago,2008-12-01,43.0,,19562.935,28165793617.6367,0.0436451164061609,923.99574910792,210.0,0.0221,0.348,0.124375,73.024,65.879,1.37196351700674,0.20920902252197301,0.712403564453125,0.0783873891830444,1316449,0.09408,The Americas,557000000.0,102000000.0
0.025185,0.332,407.037,Belize,2008-12-01,44.0,,,1369500000.0,0.051047004121745496,237.114499284595,147.0,0.0167,0.1131,0.141408333333333,75.802,69.956,0.545172103671,0.36467784881591797,0.595828895568848,0.0394864153862,293544,0.45500999999999997,The Americas,278000000.0,44000000.0
0.015026,0.43,8331.424,Uruguay,2008-12-01,44.0,,4153.147,30366148205.2651,0.0795963022688852,721.740378876266,336.0,0.0112,0.39299999999999996,0.12447612499999999,79.923,72.84,1.04745381913692,0.230218410491943,0.632352485656738,0.137428493499756,3348898,0.93998,The Americas,1195000000.0,466000000.0
0.027204,0.8,13773.252,Bolivia,2008-12-01,50.0,,5972.83,16674324634.2373,0.049307435573919804,83.6035669195435,1080.0,0.0378,0.125,0.138733333333333,67.882,63.594,0.512360157484703,0.36965618133544903,0.584616012573242,0.0457279348373413,9834098,0.6555,The Americas,302000000.0,381000000.0
0.016229,0.552,8646.786,Costa Rica,2008-12-01,60.0,,4585.966,29831167681.3826,0.0900515368511813,592.790708077316,282.0,0.0089,0.32289999999999996,0.158275,81.337,76.58,0.4162122844364,0.26020431518554704,0.67758674621582,0.0622089099884033,4532711,0.69387,The Americas,2533000000.0,718000000.0
0.021138999999999998,0.381,41279.419,Peru,2008-12-01,64.5,,15044.394,121382746565.435,0.057491332817235306,254.840610909309,424.0,0.0174,0.3057,0.236734449024808,76.067,70.679,0.7319257415068761,0.308026542663574,0.6345134735107419,0.057459979057312004,28625628,0.76182,The Americas,2396000000.0,1432000000.0
0.022487,0.349,29669.697,Ecuador,2008-12-01,65.0,,10973.274,61762635000.0,0.0630662072626921,268.400480968,600.0,0.0221,0.188,,78.2,72.297,0.805137495502123,0.316207618713379,0.624321670532227,0.0594708585739136,14512402,0.623,The Americas,745000000.0,790000000.0
0.021283,0.556,186811.648,"Venezuela, RB",2008-12-01,141.0,,69597.341,315600372612.948,0.0564019636976018,633.010976511251,864.0,0.0143,0.2588,0.223708333333333,76.869,70.926,0.974895904426665,0.301555366516113,0.645164413452148,0.053280348777771,28120312,0.8868699999999999,The Americas,1097000000.0,2594000000.0
0.016309,0.684,387675.24,Brazil,2008-12-01,149.0,,248593.964,1653508561457.08,0.0828338066963832,714.251808361396,2600.0,0.0166,0.3383,0.4725,76.256,68.989,0.785549801023455,0.263602027893066,0.670541534423828,0.065856409072876,191765567,0.83749,The Americas,6109000000.0,13269000000.0
0.027492000000000003,0.40399999999999997,2427.554,Haiti,2008-12-01,195.0,,2926.675,6548530572.35291,0.0547394211061894,36.3918577978903,184.0,0.061200000000000004,0.076,0.17810833333333298,62.659,59.167,0.332010306844963,0.369133949279785,0.587299156188965,0.04356722354888919,9638255,0.48979999999999996,The Americas,276000000.0,383000000.0
0.019004,0.27899999999999997,2442.222,Suriname,2008-12-01,694.0,,,3532969034.60838,0.0592226906434316,405.983918717495,199.0,0.0237,0.21059999999999998,0.122,73.19,66.524,1.27501300031822,0.29253625869751,0.6444355010986329,0.0630282592773438,515372,0.66479,The Americas,83000000.0,35000000.0
0.01106,,2295.542,Aruba,2009-12-01,,,,2498932960.89385,,,,,0.58,0.107666666666667,77.288,72.462,1.26210337415449,0.210495185852051,0.690202941894531,0.0993117618560791,101418,0.43421,The Americas,1224000000.0,265000000.0
0.01291,,1624.481,Barbados,2009-12-01,,,,4592650000.0,0.07957065218771081,1025.35224752688,,0.013800000000000002,0.647,0.09204166666666669,77.074,72.313,1.20807796248109,0.195282535552979,0.700701751708984,0.104008512496948,279006,0.32234999999999997,The Americas,1122000000.0,293000000.0
0.0124,,465.709,Bermuda,2009-12-01,,,,5806378000.0,,,,,0.8325,,82.1,76.806,1.31148552737147,,,,65636,1.0,The Americas,366000000.0,407000000.0
0.0155,,586.72,Cayman Islands,2009-12-01,,,,,,,,,0.645,,,,2.00274527867342,,,,54275,1.0,The Americas,458000000.0,120000000.0
0.010119999999999999,,29900.718,Cuba,2009-12-01,,,12345.516,62078610000.0,0.11743841383717699,650.552363332325,,0.0052,0.1433,,80.655,76.514,0.0550239679484829,0.17714738845825198,0.701497116088867,0.12135558128356899,11288826,0.76505,The Americas,2082000000.0,
0.013,,,Curacao,2009-12-01,,,,,,,,,,,80.1,72.4,1.40249677441852,0.199776821136475,0.6704327392578131,0.129797401428223,145890,0.90034,The Americas,378000000.0,258000000.0
0.0159,,557.384,Greenland,2009-12-01,,,,1267711816.12426,,,,,0.6283,,72.87,68.18,0.94518199013594,,,,56323,0.84087,The Americas,,
,,,Sint Maarten (Dutch part),2009-12-01,,,,,,,,,,,78.2,73.1,,,,,39133,1.0,The Americas,619000000.0,104000000.0
0.017,,,St. Martin (French part),2009-12-01,,,,,,,,,,,81.9,75.4,,,,,29820,,The Americas,,
,,161.348,Turks and Caicos Islands,2009-12-01,,,,,,,,,,,,,,,,,30247,0.8976999999999999,The Americas,,
0.011800000000000001,,,Virgin Islands (U.S.),2009-12-01,,,,,,,,,0.273965096846662,,82.3,76.0,,0.20844833374023397,0.6617478942871089,0.129803810119629,106707,0.94419,The Americas,1021000000.0,
0.011300000000000001,0.423,513937.384,Canada,2009-12-01,5.0,,251325.987,1370839154047.03,0.113992224776567,4527.73354327471,119.0,0.005,0.8029999999999999,0.0239583333333333,83.023,78.521,0.7054830531960511,0.166203575134277,0.694980850219727,0.138815479278564,33628571,0.80758,The Americas,15568000000.0,30065000000.0
0.0135,0.461,5311840.184,United States,2009-12-01,5.0,,2164458.407,14417900000000.0,0.17714795305692602,8008.66756039253,187.0,0.0064,0.71,0.0325,80.6,75.7,0.886236461127594,0.199560565948486,0.671997756958008,0.12844165802002,306771529,0.80606,The Americas,149510000000.0,106285000000.0
0.011720000000000001,0.606,,Puerto Rico,2009-12-01,7.0,,,96385638000.0,,,218.0,,0.415,,82.007,74.199,0.7293243110972,0.208162708282471,0.663962554931641,0.12787524223327598,3740410,0.93884,The Americas,3176000000.0,1386000000.0
0.015960000000000002,0.499,8591.781,Jamaica,2009-12-01,8.0,,3021.804,12125023181.3057,0.0515146721472347,229.306051693036,414.0,0.0161,0.243,0.164320115952232,75.297,70.02,1.0829410988914399,0.29559211730956997,0.62624942779541,0.0781577205657959,2681386,0.53557,The Americas,2070000000.0,259000000.0
0.019949,0.51,446237.23,Mexico,2009-12-01,11.0,,175752.407,895313142212.023,0.06425393876890449,525.722267847199,517.0,0.0149,0.2634,0.0707416666666667,78.941,74.1,0.714581751168363,0.30532247543335,0.6362686538696289,0.058408865928649904,116422752,0.77527,The Americas,12542000000.0,8737000000.0
0.017329,0.41,201.685,St. Vincent and the Grenadines,2009-12-01,11.0,,,674814814.814815,0.0513475143387738,316.902306093737,111.0,0.0188,0.31,0.0918656075402981,74.191,70.006,1.10860511309028,0.26887203216552696,0.663301239013672,0.0678267097473145,109249,0.48428,The Americas,88000000.0,14000000.0
0.020754,0.43799999999999994,8635.785,Panama,2009-12-01,12.0,,3366.816,25925100000.0,0.0809328085424349,540.83309858816,482.0,0.0173,0.3908,0.08247740084580571,79.772,73.865,1.67780458570415,0.296252937316895,0.637547607421875,0.0661991691589355,3615846,0.6482800000000001,The Americas,2280000000.0,503000000.0
,0.37,128.345,Dominica,2009-12-01,13.0,,,482592592.592593,0.0503858178287156,342.170594835681,117.0,0.0114,0.4202,0.10019294062761601,,,1.3874021071609701,,,,70996,0.6779900000000001,The Americas,79000000.0,13000000.0
0.022263,0.384,20322.514,Dominican Republic,2009-12-01,13.0,,6940.825,46484962936.9138,0.0544363807008805,256.010716755106,324.0,0.0263,0.2772,0.18135833333333298,75.796,69.5,0.8730861627040549,0.315278167724609,0.625445289611816,0.0592764377593994,9884265,0.72541,The Americas,4049000000.0,523000000.0
0.027178,0.441,7865.715,Honduras,2009-12-01,14.0,,4452.916,14587485644.4263,0.0909744920358528,172.643981990193,224.0,0.0219,0.098,0.19445,75.044,70.144,1.1232838329689299,0.373763236999512,0.5835673522949221,0.0426694297790527,7469844,0.5107,The Americas,616000000.0,361000000.0
0.016621,0.344,385.035,St. Lucia,2009-12-01,14.0,,,1180000000.0,0.08058235930333969,536.703209961103,92.0,0.013800000000000002,0.36,0.105820111235866,76.931,71.654,1.08297945205479,0.257996578216553,0.659509124755859,0.0825057125091553,175200,0.19213000000000002,The Americas,296000000.0,47000000.0
0.020505,0.348,6475.922,El Salvador,2009-12-01,16.5,,4213.962,20661000000.0,0.0683142151880354,228.259445717548,320.0,0.0159,0.1211,,76.226,66.809,1.22362166700844,0.32826057434082,0.604176368713379,0.0675635290145874,6183484,0.63773,The Americas,549000000.0,253000000.0
,0.525,260.357,St. Kitts and Nevis,2009-12-01,19.0,,,708888888.888889,0.0499955523710116,685.847656277968,155.0,0.009,0.69,0.08752311612834751,,,1.45947304324293,,,,51731,0.31816,The Americas,83000000.0,11000000.0
0.0201,0.8029999999999999,70850.107,Colombia,2009-12-01,20.0,,30815.339,233821670544.258,0.070124069478269,357.982764456377,208.0,0.016399999999999998,0.3,0.130080746033842,76.935,69.561,0.920464098066481,0.291467056274414,0.653793563842773,0.054739408493042,45802561,0.74749,The Americas,2609000000.0,2301000000.0
0.019392,0.45299999999999996,253.023,Grenada,2009-12-01,20.0,,,771481467.856627,0.0624240236768768,461.657364684658,140.0,0.011800000000000001,0.24050000000000002,0.10993053480585299,74.667,69.818,1.09710823042111,0.278505401611328,0.648203201293945,0.0732626390457153,104296,0.35728000000000004,The Americas,112000000.0,10000000.0
0.017216000000000002,0.41,498.712,Antigua and Barbuda,2009-12-01,21.0,,,1206296296.2963,0.0456063447733264,637.543070511995,207.0,0.0088,0.42,0.100653700920516,77.623,72.819,1.56344148319815,0.266836624145508,0.660509872436523,0.0726535320281982,86300,0.26819,The Americas,305000000.0,54000000.0
0.017300999999999997,1.0759999999999998,179638.996,Argentina,2009-12-01,25.5,,76075.126,378496221140.697,0.09408163815033539,725.740182267203,453.0,0.0134,0.34,0.15655,79.305,71.851,1.31129449217276,0.251344051361084,0.643353729248047,0.10530228614807101,40023641,0.90795,The Americas,4476000000.0,5766000000.0
0.014468,0.248,67267.448,Chile,2009-12-01,27.0,,29484.48,172323378550.078,0.07454779477704179,760.018063365605,316.0,0.0075,0.4156,0.0725063476884463,81.86,75.922,0.968131200774212,0.226083583831787,0.68458366394043,0.08933281898498541,16991729,0.88375,The Americas,2350000000.0,1504000000.0
0.021960999999999998,0.38799999999999996,1554.808,Guyana,2009-12-01,30.0,,,2025565089.48272,0.0636474806482714,165.060449689736,288.0,0.033,0.239,0.145414083333333,68.147,62.99,0.625478359398506,0.37635120391845706,0.590643424987793,0.0330066394805908,781055,0.28221,The Americas,35000000.0,52000000.0
0.015538,0.449,1642.816,"Bahamas, The",2009-12-01,30.5,,,7820420000.0,0.0743192010493042,1639.55927182713,58.0,0.0116,0.33880000000000005,0.055,77.536,71.46,1.0121864527267201,0.23005033493042,0.702199172973633,0.0677504730224609,354492,0.8249500000000001,The Americas,2025000000.0,386000000.0
0.024503,0.35,4517.744,Paraguay,2009-12-01,35.0,,4475.748,15929903100.3616,0.0746659490590112,187.43268423239,328.0,0.0211,0.18899999999999997,0.28257203428668304,74.121,69.839,0.885189849107892,0.33962043762207,0.6095693206787111,0.050810232162475606,6347383,0.5826,The Americas,225000000.0,229000000.0
0.032624,0.409,11844.41,Guatemala,2009-12-01,37.0,,9317.885,37733606155.6558,0.0705842776456928,190.393579627135,344.0,0.0293,0.09300000000000001,0.138491666666667,74.291,67.243,1.2372202335151001,0.418796844482422,0.5373450088500981,0.0438582134246826,13988988,0.48884,The Americas,1179000000.0,862000000.0
0.024274,0.632,4495.742,Nicaragua,2009-12-01,39.0,,2902.69,8380736989.60151,0.0769355476815434,109.259332906648,240.0,0.0228,0.073,0.14044674626165599,76.589,70.449,0.582338744654886,0.35125553131103504,0.603616828918457,0.0451276588439941,5743329,0.5697399999999999,The Americas,334000000.0,300000000.0
0.02084,0.37200000000000005,47355.638,Peru,2009-12-01,40.5,,17199.538,121203519256.308,0.05342040190808919,234.387950991034,380.0,0.0162,0.314,0.210419233333333,76.368,70.971,0.853670503139474,0.30399795532226603,0.637319107055664,0.0586829423904419,28934303,0.7655200000000001,The Americas,2440000000.0,1404000000.0
0.015245,0.331,48177.046,Trinidad and Tobago,2009-12-01,43.0,,20276.631,19332270662.3097,0.0611737897233127,886.957367436711,210.0,0.0214,0.44299999999999995,0.119375,73.137,66.002,1.39608307788627,0.20793819427490198,0.711439056396484,0.0806234741210938,1322518,0.09249,The Americas,548000000.0,136000000.0
0.024803000000000002,0.332,414.371,Belize,2009-12-01,44.0,,,1338500000.0,0.0577290719644181,258.7087837353,147.0,0.0162,0.1173,0.140816666666667,76.036,70.193,0.5374564807186331,0.359668579101563,0.601187324523926,0.0391440987586975,301016,0.45232,The Americas,256000000.0,43000000.0
0.026812000000000002,0.8,14407.643,Bolivia,2009-12-01,50.0,,6203.299,17339992165.2422,0.0576479720181737,100.027456555408,1080.0,0.0362,0.168,0.12359624999999999,68.212,63.904,0.646865543139146,0.36493354797363303,0.58877872467041,0.0462881231307983,9993406,0.65991,The Americas,306000000.0,388000000.0
0.015941,0.552,7818.044,Costa Rica,2009-12-01,59.5,,4560.99,29382692643.1392,0.0968658882562497,618.54402272754,282.0,0.0088,0.3433,0.197233333333333,81.497,76.783,0.423850964397108,0.254525127410889,0.68193717956543,0.0635372877120972,4601424,0.70573,The Americas,2001000000.0,462000000.0
0.022135000000000002,0.349,30472.77,Ecuador,2009-12-01,64.0,,12678.342,62519686000.0,0.071326395020762,302.194151441203,600.0,0.0215,0.24600000000000002,,78.409,72.533,0.8973554839573601,0.312869567871094,0.626568183898926,0.0605621671676636,14756424,0.62495,The Americas,674000000.0,806000000.0
0.014898,0.419,7891.384,Uruguay,2009-12-01,65.0,,4134.49,30461322555.1438,0.08926155285255771,802.969289450636,336.0,0.011,0.418,0.15284842385802,80.066,73.028,1.2235216256486101,0.227579135894775,0.634350776672363,0.138070087432861,3360431,0.94209,The Americas,1460000000.0,442000000.0
0.015896,0.6559999999999999,367147.374,Brazil,2009-12-01,119.0,,240464.259,1620188056416.93,0.0875364727585692,732.972634995739,2600.0,0.0156,0.3922,0.4465,76.514,69.271,0.875418765124288,0.259334583282471,0.67328125,0.06738412857055659,193490922,0.84044,The Americas,5635000000.0,12897000000.0
0.020989999999999998,0.604,185341.181,"Venezuela, RB",2009-12-01,141.0,,69596.642,329419189566.837,0.057738054268005594,665.429951315363,864.0,0.014,0.327,0.198933333333333,77.048,71.102,0.983925082846331,0.298084735870361,0.647218551635742,0.0546966648101807,28583040,0.88728,The Americas,1055000000.0,2275000000.0
0.027121,0.40399999999999997,2262.539,Haiti,2009-12-01,195.0,,2732.451,6584649419.28348,0.0645938559127248,42.7990015654023,184.0,0.0599,0.081,0.173291666666667,63.194,59.662,0.37357325584145995,0.365370826721191,0.590470428466797,0.0441587543487549,9765153,0.5052300000000001,The Americas,312000000.0,433000000.0
0.018712,0.27899999999999997,2467.891,Suriname,2009-12-01,694.0,,,3875409836.06557,0.0613576800310209,457.131623719904,199.0,0.023,0.3136,0.1165,73.447,66.848,1.4685729555359501,0.289690170288086,0.6465522003173829,0.0637595558166504,520173,0.66412,The Americas,70000000.0,35000000.0
0.010804000000000001,,2321.211,Aruba,2010-12-01,,,,2467703910.61453,,,,,0.62,0.1065,77.429,72.593,1.29728240007087,0.208096694946289,0.688908157348633,0.10299516677856399,101597,0.43059,The Americas,1256000000.0,264000000.0
0.012859,,1503.47,Barbados,2010-12-01,,,,4433700000.0,0.0667449500206838,978.203894828816,,0.0136,0.6809999999999999,0.087,77.247,72.473,1.24845218904692,0.19316608428955098,0.702763214111328,0.104070672988892,280396,0.3206,The Americas,1074000000.0,351000000.0
0.01207,,476.71,Bermuda,2010-12-01,,,,5744414000.0,,,,,0.8421,,82.08,76.63,1.35794675986513,,,,65124,1.0,The Americas,442000000.0,417000000.0
0.015,,590.387,Cayman Islands,2010-12-01,,,,,,,,,0.66,,,,1.8117422399971201,,,,55509,1.0,The Americas,465000000.0,129000000.0
0.009908,,38364.154,Cuba,2010-12-01,,,11308.001,64328220000.0,0.10563636656518299,583.37188200548,,0.0054,0.159,,80.827,76.709,0.088905834617411,0.173148307800293,0.702497177124023,0.12435453414917,11281768,0.7659699999999999,The Americas,2218000000.0,
0.0136,,,Curacao,2010-12-01,,,,,,,,,,,,,1.38265112496612,0.198326110839844,0.669788589477539,0.13188533782959,149311,0.89905,The Americas,438000000.0,282000000.0
0.015300000000000001,,634.391,Greenland,2010-12-01,,,,,,,,,0.63,,73.45,68.73,1.01420082764475,,,,56905,0.84383,The Americas,,
,,,Sint Maarten (Dutch part),2010-12-01,,,,,,,,,,,,,,,,,37850,1.0,The Americas,681000000.0,105000000.0
0.016800000000000002,,,St. Martin (French part),2010-12-01,,,,,,,,,,,82.0,75.6,,,,,30235,,The Americas,,
,,161.348,Turks and Caicos Islands,2010-12-01,,,,,,,,,,,,,,,,,30993,0.90228,The Americas,,
0.011300000000000001,,,Virgin Islands (U.S.),2010-12-01,,,,,,,,,0.3122,,82.4,76.1,,0.206792507171631,0.656238861083984,0.136968660354614,106267,0.9459399999999999,The Americas,1013000000.0,
0.0111,0.27699999999999997,499137.372,Canada,2010-12-01,5.0,,250992.102,1614072093764.07,0.11373758358939501,5272.99170565528,131.0,0.004900000000000001,0.8029999999999999,0.0260416666666667,83.162,78.733,0.756760779974588,0.164718322753906,0.6937245178222661,0.141557140350342,34005274,0.8093699999999999,The Americas,18438000000.0,36975000000.0
0.013,0.465,5433056.536,United States,2010-12-01,5.0,,2215504.11,14958300000000.0,0.176572072907365,8254.15884540665,187.0,0.0063,0.7169,0.0325,81.0,76.2,0.91311652018589,0.19839155197143601,0.670960998535156,0.130647430419922,309326295,0.8077200000000001,The Americas,164606000000.0,110313000000.0
0.019544,0.505,443673.997,Mexico,2010-12-01,7.0,,178923.57,1051627949327.0,0.0632985230314725,603.352423563181,404.0,0.0144,0.3105,0.0528666666666667,79.156,74.342,0.775182632596037,0.300446815490723,0.639725723266602,0.0598274755477905,117886404,0.77825,The Americas,12628000000.0,9001000000.0
0.011300000000000001,0.636,,Puerto Rico,2010-12-01,7.0,,,98381268000.0,,,218.0,,0.45299999999999996,,82.141,74.412,0.7909024816486421,0.204689846038818,0.665333099365234,0.129977025985718,3721208,0.93825,The Americas,3211000000.0,1180000000.0
0.015050000000000001,0.48700000000000004,7157.984,Jamaica,2010-12-01,8.0,,2830.271,13230844040.0431,0.0528339872086028,254.982027516474,414.0,0.0157,0.2767,0.204544535988841,75.509,70.312,1.16068298750495,0.29039663314819303,0.631167793273926,0.0784355926513672,2690824,0.5374300000000001,The Americas,2095000000.0,235000000.0
0.020402999999999998,0.43799999999999994,9633.209,Panama,2010-12-01,9.0,,3709.554,28814100000.0,0.08525736386315749,627.076113293984,482.0,0.016800000000000002,0.401,0.07735,79.964,74.077,1.80699203507871,0.293175220489502,0.639162368774414,0.067662410736084,3678128,0.6511499999999999,The Americas,2552000000.0,575000000.0
0.017100999999999998,0.387,209.019,St. Vincent and the Grenadines,2010-12-01,10.0,,,681481481.481481,0.0471056158116491,293.423368025911,111.0,0.0185,0.385,0.0917183767616861,74.33,70.142,1.20559661897618,0.265075569152832,0.6675601196289059,0.0673643398284912,109316,0.48784999999999995,The Americas,86000000.0,15000000.0
0.0131100088524176,0.37,135.679,Dominica,2010-12-01,13.0,,,475185185.185185,0.0599449202827303,399.986598233754,117.0,0.0111,0.47450000000000003,0.09455013988508311,,,1.4833701013109999,,,,71167,0.68094,The Americas,95000000.0,13000000.0
0.019779,0.8029999999999999,75679.546,Colombia,2010-12-01,14.0,,32235.053,287018184637.529,0.0675753711992337,417.599481691458,208.0,0.0159,0.365,0.0938148993683401,77.14,69.775,0.957645525770184,0.287609252929688,0.656230697631836,0.056160044670105,46444798,0.75036,The Americas,2727000000.0,2373000000.0
0.026831,0.441,8107.737,Honduras,2010-12-01,14.0,,4567.481,15839344591.9842,0.0869196082318665,175.639876053658,224.0,0.021,0.1109,0.188646641666667,75.357,70.463,1.2471875834841801,0.367950782775879,0.589012832641602,0.043036375045776405,7621204,0.51696,The Americas,627000000.0,406000000.0
0.016338000000000002,0.34,403.37,St. Lucia,2010-12-01,14.0,,,1252222222.22222,0.0777104356781243,525.459669756566,92.0,0.0136,0.433,0.10616538864254901,77.14,71.812,1.11733569338828,0.252540912628174,0.6627169799804691,0.08474213600158689,177397,0.1845,The Americas,309000000.0,48000000.0
0.019457000000000002,0.45299999999999996,260.357,Grenada,2010-12-01,15.0,,,771111097.492798,0.0595828423958137,438.1107135326,140.0,0.0115,0.27,0.105750130912526,74.841,69.952,1.16497415860218,0.275103416442871,0.652435607910156,0.0724609994888306,104677,0.35680999999999996,The Americas,112000000.0,10000000.0
0.020433,0.348,6248.568,El Salvador,2010-12-01,16.5,,4210.378,21418300000.0,0.0690935649317012,238.096233636744,320.0,0.0152,0.159,,76.447,67.051,1.23835550348614,0.320867729187012,0.610430526733398,0.0687017679214478,6218195,0.64286,The Americas,646000000.0,280000000.0
0.021907,0.401,20964.239,Dominican Republic,2010-12-01,19.0,,7178.242,50980167048.1899,0.054630359261888396,278.039534536248,324.0,0.0256,0.314,0.12136666666666701,76.02,69.718,0.887787084034947,0.311744556427002,0.628222160339355,0.0600332641601563,10016797,0.73752,The Americas,4209000000.0,554000000.0
,0.525,249.356,St. Kitts and Nevis,2010-12-01,19.0,,,692222222.222222,0.0540780366019082,739.0879054795,155.0,0.0087,0.76,0.0861681004027483,,,1.5281173594132,,,,52352,0.31806,The Americas,90000000.0,13000000.0
0.016966000000000002,0.41,513.38,Antigua and Barbuda,2010-12-01,21.0,,,1135555555.55556,0.056516538294883206,735.718630058466,207.0,0.0086,0.47,0.109993475073677,77.795,72.99,1.92553276856236,0.26233192443847697,0.665333099365234,0.0723350095748901,87233,0.26239,The Americas,298000000.0,52000000.0
0.014329000000000001,0.245,72258.235,Chile,2010-12-01,21.5,,30919.992,217501911333.709,0.0706823719372274,894.406162543595,316.0,0.0075,0.45,0.047548268051870304,82.055,76.189,1.15751383612155,0.22140209197998,0.686777725219727,0.091820182800293,17150760,0.88586,The Americas,2422000000.0,1808000000.0
0.015531000000000001,0.449,2464.224,"Bahamas, The",2010-12-01,23.5,,,7888087000.0,0.0743214840556399,1626.22560943135,58.0,0.0112,0.43,0.055,77.705,71.628,1.1882923067534399,0.22491386413574202,0.705512924194336,0.0695732021331787,360498,0.8254900000000001,The Americas,2159000000.0,369000000.0
0.021585,0.38799999999999996,1701.488,Guyana,2010-12-01,24.0,,,2259288396.24467,0.0655182620138587,188.295351763911,288.0,0.032299999999999995,0.299,0.14541700000000002,68.328,63.202,0.712859007334702,0.375583572387695,0.5919063949584961,0.032510056495666496,786126,0.28239000000000003,The Americas,80000000.0,73000000.0
0.017188,1.0759999999999998,180511.742,Argentina,2010-12-01,25.0,,78162.085,462703793707.187,0.0818773989266296,750.880184837362,453.0,0.013,0.45,0.10557499999999999,79.462,72.046,1.41383021999383,0.248763313293457,0.6450208282470701,0.106215887069702,40374224,0.9096599999999999,The Americas,5629000000.0,6375000000.0
0.020547,0.371,57579.234,Peru,2010-12-01,26.0,,19206.624,148509857546.629,0.0487802612589177,256.518059488239,380.0,0.0152,0.3477,0.189768683333333,76.673,71.269,0.994953290573742,0.299939270019531,0.6401182556152339,0.059942493438720705,29262830,0.7691500000000001,The Americas,2475000000.0,1640000000.0
0.024294,0.35,5075.128,Paraguay,2010-12-01,35.0,,4788.545,20030529733.4432,0.0874481687488472,271.392378913861,311.0,0.0205,0.198,0.260357467975156,74.246,69.913,0.916581072154664,0.335403022766113,0.612908515930176,0.0516884565353394,6459721,0.58487,The Americas,243000000.0,269000000.0
0.032193,0.409,11118.344,Guatemala,2010-12-01,37.0,,10250.874,41338007892.9733,0.0685327440625879,197.549929545354,344.0,0.028399999999999998,0.105,0.13341666666666702,74.609,67.555,1.2598315554720099,0.41521865844726596,0.5405972290039059,0.0441841268539429,14341576,0.49323,The Americas,1379000000.0,1002000000.0
0.023929,0.632,4547.08,Nicaragua,2010-12-01,39.0,,2951.011,8938210559.83218,0.0762291122038621,112.423762066411,222.0,0.022,0.1,0.13319966855687398,76.94,70.8,0.6805401523717199,0.345068855285645,0.609176864624023,0.04575428485870361,5822209,0.57255,The Americas,309000000.0,329000000.0
0.015132,0.331,50681.607,Trinidad and Tobago,2010-12-01,41.0,,21370.405,20758191857.9814,0.051928434629223696,805.173180317445,210.0,0.0208,0.485,0.092825,73.257,66.112,1.4262835113452,0.2072336769104,0.709852066040039,0.0829142475128174,1328095,0.09092,The Americas,630000000.0,97000000.0
0.024443000000000003,0.332,421.705,Belize,2010-12-01,44.0,,,1398500000.0,0.0584005216303182,264.656932922878,147.0,0.0157,0.14,0.138833333333333,76.295,70.39,0.629307020528525,0.35454883575439505,0.606458320617676,0.0389928555488586,308595,0.44963000000000003,The Americas,264000000.0,39000000.0
0.026482,0.8,15456.405,Bolivia,2010-12-01,49.0,,7341.145,19649631308.1648,0.0546985960399601,105.824030781299,1080.0,0.0347,0.22399999999999998,0.09909927148683771,68.537,64.208,0.7068598047713011,0.360442733764648,0.592657127380371,0.046900138854980504,10156601,0.6642600000000001,The Americas,339000000.0,421000000.0
0.021794,0.353,32636.3,Ecuador,2010-12-01,55.5,,12428.132,67513698000.0,0.07232450540018691,335.344810277534,654.0,0.0209,0.2903,,78.642,72.796,0.9853115830655299,0.30953260421752904,0.62879077911377,0.0616765928268433,15001072,0.6269,The Americas,786000000.0,863000000.0
0.015704,0.5529999999999999,7770.373,Costa Rica,2010-12-01,59.5,,4646.183,36298327669.8974,0.0965259353848759,750.313195618131,272.0,0.0087,0.365,0.170908333333333,81.665,77.008,0.669932126042763,0.24915576934814498,0.685843658447266,0.0650005292892456,4669685,0.71734,The Americas,2179000000.0,533000000.0
0.01478,0.419,6644.604,Uruguay,2010-12-01,65.0,,4174.112,38881102074.9532,0.086654888241263,998.288525378035,336.0,0.0106,0.46399999999999997,0.10326222182008299,80.198,73.205,1.31589017972219,0.225057849884033,0.63619556427002,0.138746585845947,3371982,0.94414,The Americas,1669000000.0,549000000.0
0.02675,0.40399999999999997,2119.526,Haiti,2010-12-01,105.0,,2409.002,6622541528.56888,0.067022078878196,44.9318223465082,184.0,0.0727,0.0837,0.174816666666667,63.704,60.117,0.404187381269957,0.36151985168457,0.593869285583496,0.044610867500305205,9896400,0.52016,The Americas,169000000.0,431000000.0
0.015576000000000001,0.6629999999999999,419754.156,Brazil,2010-12-01,119.0,,265887.244,2143067871759.89,0.0900820306503514,988.928980587276,2600.0,0.0146,0.4065,0.39991666666666703,76.779,69.548,1.00881011548201,0.25491785049438503,0.676001129150391,0.0690809917449951,195210154,0.8433499999999999,The Americas,6180000000.0,19340000000.0
0.020690999999999998,0.519,201747.339,"Venezuela, RB",2010-12-01,141.0,,75502.104,393801556872.313,0.0471463975275459,639.27371375732,864.0,0.013699999999999999,0.3737,0.183475,77.217,71.269,0.9599511184737619,0.294732837677002,0.649010620117188,0.0562565183639526,29043283,0.8876900000000001,The Americas,794000000.0,2238000000.0
0.018446999999999998,0.27899999999999997,2383.55,Suriname,2010-12-01,694.0,,,4368033801.99607,0.0580705130544666,483.063411194109,199.0,0.0223,0.3159,0.115905430605278,73.682,67.149,0.9927727826882049,0.286370391845703,0.6491885375976559,0.0644410991668701,524960,0.6634399999999999,The Americas,69000000.0,41000000.0
0.010584,,,Aruba,2011-12-01,,,,2584463687.15084,,,,,0.69,0.0965833333333333,77.563,72.716,,0.20434211730957,0.6890377807617191,0.106610288619995,101932,0.42698,The Americas,1360000000.0,289000000.0
0.0119,,,Bermuda,2011-12-01,,,,5550771000.0,,,,,0.88336,,82.08,76.63,,,,,64564,1.0,The Americas,472000000.0,413000000.0
0.0145,,,Cayman Islands,2011-12-01,,,,,,,,,0.6946594499,,,,1.7098107807282599,,,,56601,1.0,The Americas,472000000.0,145000000.0
0.009744,,,Cuba,2011-12-01,,,11186.615,68233900000.0,0.105969343383099,648.349821080964,,0.0055,0.160172907996413,,80.98,76.907,0.116631324808424,0.169342136383057,0.7033819580078131,0.127276010513306,11276053,0.76689,The Americas,2503000000.0,
0.013099999999999999,,,Curacao,2011-12-01,,,,,,,,,,,80.7,74.4,1.36146987586043,0.196795196533203,0.669040374755859,0.134177646636963,150612,0.89775,The Americas,540000000.0,321000000.0
0.0144,,,Greenland,2011-12-01,,,,,,,,,0.64,,,,1.0373679935012199,,,,56890,0.8475499999999999,The Americas,,
,,,Sint Maarten (Dutch part),2011-12-01,,,,,,,,,,,,,,,,,38486,1.0,The Americas,729000000.0,112000000.0
0.0166,,,St. Martin (French part),2011-12-01,,,,,,,,,,,82.2,75.7,,,,,30615,,The Americas,,
,,,Turks and Caicos Islands,2011-12-01,,,,,,,,,,,,,,,,,31726,0.90668,The Americas,,
0.0111,,,Virgin Islands (U.S.),2011-12-01,,,,,,,,,0.35600000000000004,,82.6,76.3,,0.20605655670166,0.6494020843505859,0.144531984329224,105784,0.9476,The Americas,,
0.011,0.261,,Canada,2011-12-01,5.0,,251845.189,1778632046932.59,0.10923797209222,5656.3777263227,131.0,0.0047,0.83,0.03,83.302,78.941,0.79412158882078,0.16389471054077098,0.691403732299805,0.144701538085938,34342780,0.8111499999999999,The Americas,19989000000.0,41234000000.0
0.0127,0.465,,United States,2011-12-01,5.0,,2191193.385,15533800000000.0,0.176829758513271,8467.04494537923,187.0,0.0060999999999999995,0.697294607619268,0.0325,81.1,76.3,0.943972392621283,0.19731201171875,0.6694132995605471,0.133274698257446,311582564,0.8094,The Americas,184536000000.0,117327000000.0
0.019149999999999997,0.527,,Mexico,2011-12-01,6.0,,186171.014,1170085556895.86,0.0603079385584417,608.776126013927,347.0,0.013800000000000002,0.371762954125184,0.0491583333333333,79.364,74.581,0.7924118293918759,0.295352573394775,0.6434206390380859,0.0612268209457397,119361233,0.78118,The Americas,12458000000.0,9704000000.0
0.0111,0.631,,Puerto Rico,2011-12-01,6.0,,,100351670000.0,,,218.0,,0.48,,82.271,74.633,0.839788910763654,0.201286926269531,0.6662319946289059,0.13248218536377,3686580,0.93771,The Americas,3143000000.0,1196000000.0
0.014672000000000001,0.419,,Uruguay,2011-12-01,6.5,,4429.515,47236710623.1139,0.08836703969548611,1212.74094073069,336.0,0.0103,0.514046610563616,0.09781820741827729,80.323,73.375,1.40607202157775,0.222690448760986,0.637837142944336,0.139473609924316,3383486,0.94612,The Americas,2401000000.0,797000000.0
0.01469,0.44299999999999995,,Jamaica,2011-12-01,7.0,,3065.628,14433926128.591,0.051959978805475704,272.703092614229,414.0,0.0152,0.37438613414848,0.195092792933096,75.706,70.572,1.06923735664793,0.284419651031494,0.63692699432373,0.07865409374237059,2699838,0.5393,The Americas,2055000000.0,213000000.0
0.014191,0.245,,Chile,2011-12-01,7.5,,33573.547,251162316597.843,0.07096731051903679,1021.60976842643,316.0,0.0074,0.522496072877744,0.0903015252269429,82.267,76.487,1.28926907315612,0.21731895446777302,0.6883039855957029,0.0943771457672119,17308449,0.8879,The Americas,2751000000.0,2047000000.0
0.020068000000000003,0.436,,Panama,2011-12-01,8.0,,4058.247,33270500000.0,0.0792505056885023,663.531336167346,482.0,0.016300000000000002,0.42700000000000005,0.0690583333333333,80.147,74.309,1.80078106410158,0.289909152984619,0.6409225463867191,0.0691683149337769,3740282,0.65405,The Americas,2925000000.0,665000000.0
0.016846,0.387,,St. Vincent and the Grenadines,2011-12-01,10.0,,,677037037.037037,0.0490959449890011,310.270462488824,111.0,0.0181,0.4301,0.0913637805336276,74.465,70.237,1.2053092166025001,0.26110811233520503,0.6713424682617191,0.0675585460662842,109357,0.4914,The Americas,92000000.0,13000000.0
,0.371,,Dominica,2011-12-01,12.0,,,491481481.481481,0.0602577714108031,402.119933862434,117.0,0.0108,0.513135,0.0884037965492994,,,1.5255248525931,,,,71401,0.68389,The Americas,113000000.0,12000000.0
0.019448,0.764,,Colombia,2011-12-01,14.0,,31612.992,335415156702.186,0.0652025179613072,465.827496435562,193.0,0.0154,0.403509157546318,0.112199184470583,77.339,69.988,0.981342533172899,0.283877277374268,0.658329315185547,0.057793345451355,47078792,0.7532099999999999,The Americas,2992000000.0,2842000000.0
0.026486999999999997,0.436,,Honduras,2011-12-01,14.0,,4739.784,17710325578.4449,0.083520927032293,187.158124775244,224.0,0.020300000000000002,0.159,0.18557531666666702,75.664,70.801,1.03672009185424,0.362425880432129,0.594119415283203,0.0434545946121216,7776669,0.5231600000000001,The Americas,642000000.0,446000000.0
0.019464,0.45299999999999996,,Grenada,2011-12-01,15.0,,,778518504.769386,0.064801577259726,481.268581686283,140.0,0.011300000000000001,0.3,0.106859790060702,75.002,70.071,1.15018939033443,0.27211297988891603,0.65609001159668,0.0717875003814697,105074,0.35634,The Americas,117000000.0,10000000.0
0.016027999999999997,0.344,,St. Lucia,2011-12-01,15.0,,,1295925925.92593,0.075899907894989,512.71629268081,92.0,0.013300000000000001,0.45,0.100020504342406,77.285,71.951,1.2078361809774,0.247580471038818,0.666086502075195,0.0863274002075195,179271,0.1845,The Americas,321000000.0,48000000.0
0.020345,0.348,,El Salvador,2011-12-01,16.5,,4318.688,23139000000.0,0.06820970682092739,251.798204672455,320.0,0.0146,0.18899999999999997,,76.669,67.297,1.32925644500325,0.313484992980957,0.616813430786133,0.06970142841339111,6256242,0.6479,The Americas,729000000.0,244000000.0
0.012802,0.41100000000000003,,Barbados,2011-12-01,18.0,,,4368900000.0,0.0715070635006784,935.07284953868,245.0,0.0136,0.717657,0.087,77.418,72.633,1.2346063221246,0.191388339996338,0.7037976837158201,0.104810438156128,281804,0.31905,The Americas,,
0.021547,0.41200000000000003,,Dominican Republic,2011-12-01,18.5,,7381.895,55433248935.4356,0.05364090192345419,293.024230132763,324.0,0.0249,0.38,0.1555,76.245,69.935,0.864320797887342,0.308434066772461,0.6306554412841799,0.060910472869873,10147598,0.74929,The Americas,4436000000.0,545000000.0
,0.525,,St. Kitts and Nevis,2011-12-01,19.0,,,728148148.148148,0.0580825693156045,820.278151853949,203.0,0.008400000000000001,0.7759999999999999,0.0944508791429837,,,1.45362556870741,,,,52971,0.31815,The Americas,94000000.0,14000000.0
0.02114,0.359,,Guyana,2011-12-01,20.0,,,2576602497.33479,0.0679707830277822,221.441403364661,263.0,0.0315,0.31,0.144514027777778,68.523,63.363,0.6685662336480029,0.37263839721679703,0.59485107421875,0.0325092744827271,790882,0.28271,The Americas,95000000.0,79000000.0
0.016763,0.41,,Antigua and Barbuda,2011-12-01,21.0,,,1127037037.03704,0.055093752133921495,702.866831159009,207.0,0.008199999999999999,0.53,0.109144525231277,77.963,73.155,1.99664216353571,0.257918148040771,0.670160598754883,0.0719098806381226,88152,0.25667,The Americas,312000000.0,50000000.0
0.015479,0.466,,"Bahamas, The",2011-12-01,23.5,,,7872584000.0,0.075455199981353,1621.56361774902,58.0,0.011,0.65,0.050625,77.867,71.791,0.8156284889894659,0.220298042297363,0.707971725463867,0.0717247533798218,366331,0.8260599999999999,The Americas,2223000000.0,347000000.0
0.017057,1.077,,Argentina,2011-12-01,25.0,,80112.354,557727273772.913,0.07872689163621159,866.284220369641,415.0,0.0127,0.51,0.140875,79.614,72.243,1.49090622449436,0.246366271972656,0.6464280700683589,0.10720562934875501,40728738,0.91133,The Americas,6060000000.0,7477000000.0
0.02026,0.366,,Peru,2011-12-01,25.0,,20582.203,170563949735.564,0.0474174284968608,282.859570746647,309.0,0.0143,0.3601,0.18677924999999998,76.981,71.572,1.09611814490462,0.295853633880615,0.642908325195313,0.0612379503250122,29614887,0.7726900000000001,The Americas,2912000000.0,1764000000.0
0.024106000000000002,0.35,,Paraguay,2011-12-01,35.0,,4857.559,25071193102.1055,0.08904946711134229,351.647710740865,387.0,0.019899999999999998,0.247635158793993,0.173980540247749,74.362,69.972,0.993299353409816,0.331455459594727,0.615928382873535,0.0526161432266235,6573097,0.58714,The Americas,281000000.0,309000000.0
0.031784,0.409,,Guatemala,2011-12-01,37.0,,10163.493,47654789734.6315,0.0673066670457857,215.011103680304,344.0,0.0275,0.12300000000000001,0.1343,74.944,67.884,1.32451648507219,0.41161430358886697,0.5437895965576169,0.0445960998535156,14706578,0.49765,The Americas,1350000000.0,935000000.0
0.023546,0.669,,Nicaragua,2011-12-01,39.0,,3038.209,9898547557.7833,0.0761295621021712,124.230163814727,207.0,0.0213,0.106,0.10537835089206499,77.276,71.143,0.81683568873657,0.339208374023438,0.614664726257324,0.0461268854141235,5905146,0.57544,The Americas,378000000.0,380000000.0
0.014955,0.29100000000000004,,Trinidad and Tobago,2011-12-01,41.0,,20917.781,23676348287.279,0.0531229394934736,934.944172414425,210.0,0.0202,0.552,0.0796916666666667,73.381,66.211,1.36990822770092,0.20704502105712902,0.707724685668945,0.0852273178100586,1333082,0.08936999999999999,The Americas,650000000.0,192000000.0
0.024097,0.332,,Belize,2011-12-01,44.0,,,1489000000.0,0.0575819996545769,263.53213766283,147.0,0.0152,0.187,0.133633333333333,76.562,70.56,0.7031965347160739,0.34930759429931596,0.611641578674316,0.0390508413314819,316280,0.44718,The Americas,248000000.0,37000000.0
0.026201000000000002,0.8,,Bolivia,2011-12-01,49.0,,7703.654,23948541156.1194,0.0497586477552419,115.420639283413,1080.0,0.0334,0.3,0.10915392341297,68.856,64.504,0.8090771949484941,0.356253623962402,0.596178092956543,0.047567982673645,10324445,0.6685500000000001,The Americas,499000000.0,410000000.0
0.021460999999999997,0.353,,Ecuador,2011-12-01,55.5,,12941.611,76769729000.0,0.0691777734235397,361.985373917783,654.0,0.020300000000000002,0.313668083587433,,78.894,73.081,1.00565599366831,0.306199378967285,0.630995063781738,0.0628057050704956,15246481,0.62885,The Americas,849000000.0,917000000.0
0.015502,0.5529999999999999,,Costa Rica,2011-12-01,59.5,,4655.08,41237296806.8532,0.101937699099248,882.840305416913,246.0,0.0087,0.392121959961842,0.161458333333333,81.839,77.252,0.87660352746492,0.24412137985229498,0.6892837524414059,0.0665956735610962,4737680,0.72866,The Americas,2375000000.0,522000000.0
0.026376,0.40399999999999997,,Haiti,2011-12-01,105.0,,3210.927,7516834160.25277,0.0853450019844669,62.490432275115,184.0,0.0573,0.09,0.1161,64.176,60.525,0.418624233319618,0.357562217712402,0.597541236877441,0.044896354675293,10032864,0.53456,The Americas,162000000.0,458000000.0
0.015332,0.6629999999999999,,Brazil,2011-12-01,119.0,,270027.529,2476694763271.16,0.0889761080831954,1118.96172260565,2600.0,0.013699999999999999,0.4569,0.43883333333333296,77.049,69.822,1.1900238532348402,0.250359077453613,0.678682479858398,0.0709584426879883,196935134,0.84623,The Americas,6830000000.0,25070000000.0
0.020385999999999998,0.628,,"Venezuela, RB",2011-12-01,141.0,,70197.564,316482176578.929,0.0453661791470659,486.687496663807,864.0,0.0135,0.4022,0.17149999999999999,77.377,71.43,0.975640312705239,0.291492137908936,0.650545883178711,0.0579619932174683,29500625,0.8881,The Americas,805000000.0,2922000000.0
0.018202000000000003,0.27899999999999997,,Suriname,2011-12-01,694.0,,,4363219094.24725,0.060255229219449806,489.583554659837,199.0,0.0216,0.32,0.117611090271062,73.894,67.426,1.0070994278552,0.282557601928711,0.6523602294921881,0.0650897312164307,529761,0.66276,The Americas,69000000.0,49000000.0
0.010409,,,Aruba,2012-12-01,,,,,,,,,0.74,0.0918333333333333,77.695,72.837,1.31856540084388,0.19947452545166,0.690312957763672,0.110202770233154,102384,0.42363999999999996,The Americas,1414000000.0,296000000.0
0.011699999999999999,,,Bermuda,2012-12-01,,,,5473536000.0,,,,,0.912993045243401,,82.08,76.63,1.39536310107949,,,,64798,1.0,The Americas,461000000.0,411000000.0
0.0134,,,Cayman Islands,2012-12-01,,,,,,,,,0.7412653068725651,,,,1.7167622025360398,,,,57570,1.0,The Americas,,
0.009614000000000001,,,Cuba,2012-12-01,,,,,0.08590699325523611,558.248809329463,,0.0053,0.256417038674676,,81.124,77.108,0.149201616153801,0.165754432678223,0.7040896606445309,0.130156030654907,11270957,0.7678100000000001,The Americas,2614000000.0,
0.0134,,,Curacao,2012-12-01,,,,,,,,,,,,,1.31816630498477,0.195269584655762,0.6680339813232421,0.13668999671936,152056,0.89652,The Americas,676000000.0,357000000.0
0.013900000000000001,,,Greenland,2012-12-01,,,,,,,,,0.648960100995989,,,,1.04698258404212,,,,56810,0.852,The Americas,,
,,,Sint Maarten (Dutch part),2012-12-01,,,,,,,,,,,,,,,,,39088,1.0,The Americas,854000000.0,120000000.0
0.016300000000000002,,,St. Martin (French part),2012-12-01,,,,,,,,,,,82.3,75.9,,,,,30959,,The Americas,,
,,,Turks and Caicos Islands,2012-12-01,,,,,,,,,,,,,,,,,32427,0.9109,The Americas,,
0.0109,,,Virgin Islands (U.S.),2012-12-01,,,,,,,,,0.405479,,82.7,76.4,,0.206186237335205,0.641402587890625,0.15242997169494601,105275,0.94916,The Americas,,
0.0126,0.46399999999999997,,United States,2012-12-01,5.0,4.0,2132446.106,16244600000000.0,0.179090584514944,8895.11575843666,175.0,0.0060999999999999995,0.7929999999999999,0.0325,81.2,76.4,0.960239191749343,0.196328601837158,0.6673801422119141,0.136291246414185,313873685,0.81108,The Americas,200092000000.0,126573000000.0
0.011,0.24600000000000002,,Canada,2012-12-01,5.0,17.0,252651.312,1821445449562.2,0.109285191544682,5740.69943274376,131.0,0.0047,0.83,0.03,83.441,79.14,0.800504638931685,0.16365680694580098,0.688127059936523,0.148216209411621,34754312,0.81293,The Americas,20696000000.0,43010000000.0
0.0106,0.507,,Puerto Rico,2012-12-01,6.0,37.0,,101080738000.0,,,218.0,,0.689999826014151,,82.398,74.857,0.8255282484583419,0.197955360412598,0.6667035675048829,0.135340261459351,3651545,0.9372199999999999,The Americas,3193000000.0,1156000000.0
0.018771,0.525,,Mexico,2012-12-01,6.0,51.0,191924.496,1186460890129.93,0.0614749286824968,618.260554644882,337.0,0.013099999999999999,0.3975,0.047308333333333306,79.568,74.818,0.833507082650968,0.290085067749023,0.6472747802734381,0.0626401805877686,120847477,0.7840699999999999,The Americas,13320000000.0,10735000000.0
0.014570999999999999,0.419,,Uruguay,2012-12-01,6.5,85.0,,50004354666.9539,0.0889613491552799,1307.95564714387,310.0,0.01,0.5445376868074601,0.111991921565682,80.443,73.541,1.4713068510653,0.220466041564941,0.639278717041016,0.14025493621826202,3395253,0.9480299999999999,The Americas,2222000000.0,1028000000.0
0.019748,0.405,,Panama,2012-12-01,7.0,61.0,,37956200000.0,0.0758568374594855,723.250260370094,431.0,0.0159,0.403018952210488,0.0691,80.325,74.552,1.63416749051425,0.286485404968262,0.642790222167969,0.0707246541976929,3802281,0.6569799999999999,The Americas,3784000000.0,605000000.0
0.01453,0.44299999999999995,,Jamaica,2012-12-01,7.0,91.0,,14794802080.8803,0.0592644058370482,318.477242995838,368.0,0.0148,0.3379,0.176282722449123,75.887,70.802,0.980496875881429,0.27784774780273397,0.6432936096191411,0.0788590288162231,2707805,0.54127,The Americas,2070000000.0,165000000.0
0.014055,0.27699999999999997,,Chile,2012-12-01,7.5,34.0,32720.392,266259263033.373,0.0718198260122546,1103.35558253026,291.0,0.0072,0.614181545577569,0.100572624433615,82.485,76.799,1.37081179335778,0.213798961639404,0.689178161621094,0.0970226764678955,17464814,0.8898600000000001,The Americas,3180000000.0,2348000000.0
0.016576,0.387,,St. Vincent and the Grenadines,2012-12-01,10.0,75.0,,694444444.444444,0.0521832098226334,339.994378579,111.0,0.0177,0.4752,0.09414408973302059,74.597,70.31,1.1610909456630099,0.25703784942627,0.674618072509766,0.0683441066741943,109373,0.49495,The Americas,93000000.0,14000000.0
,0.371,,Dominica,2012-12-01,12.0,69.0,,495555555.555556,0.0585261584331555,391.621339079034,117.0,0.0105,0.551770141638519,0.0904298186920945,,,1.5247475029295199,,,,71684,0.6868099999999999,The Americas,110000000.0,13000000.0
0.02614,0.4,,Honduras,2012-12-01,14.0,125.0,,18564264544.5129,0.085993343606461,195.073747796515,224.0,0.019600000000000003,0.1812,0.18450699166666698,75.953,71.151,0.9287017414400429,0.357174034118652,0.5988955688476559,0.0439304161071777,7935846,0.5293,The Americas,666000000.0,464000000.0
0.019112999999999998,0.76,,Colombia,2012-12-01,15.0,42.0,,370328075210.144,0.0683451705379111,529.823220843635,203.0,0.015,0.48979999999999996,0.125850402049247,77.533,70.2,1.0285493838968,0.280258941650391,0.6601113128662109,0.0596297073364258,47704427,0.75603,The Americas,3257000000.0,3364000000.0
0.015718,0.34600000000000003,,St. Lucia,2012-12-01,15.0,59.0,,1318148148.14815,0.08477102105607451,555.965774804494,92.0,0.013099999999999999,0.3482,0.0950031901972522,77.397,72.081,1.19422789849063,0.24308067321777302,0.669514007568359,0.08742190361022949,180870,0.1845,The Americas,335000000.0,49000000.0
0.019414999999999998,0.45299999999999996,,Grenada,2012-12-01,15.0,102.0,,801481467.326808,0.0638152946901259,477.67237482268,140.0,0.011,0.32,0.0972590000699412,75.158,70.184,1.23159182048292,0.26963586807251,0.659120407104492,0.07124370574951171,105483,0.35601,The Americas,110000000.0,10000000.0
0.020242,0.348,,El Salvador,2012-12-01,16.5,115.0,,23813600000.0,0.067119999327358,253.528440308699,320.0,0.014,0.203213877242007,,76.891,67.546,1.3734252613065,0.306218090057373,0.623199844360352,0.0705826902389526,6297394,0.6528700000000001,The Americas,894000000.0,286000000.0
0.01274,0.408,,Barbados,2012-12-01,18.0,84.0,,4224850000.0,0.062862068561014,937.72618586258,237.0,0.0135,0.733298136924294,0.087,77.588,72.793,1.2332983782982199,0.18992588043212902,0.7038425445556641,0.106231527328491,283221,0.31769,The Americas,,
0.021186,0.434,,Dominican Republic,2012-12-01,18.5,112.0,,58920504571.4068,0.0541518010507412,310.357107342897,324.0,0.0242,0.41200000000000003,0.154825,76.468,70.152,0.869370973202184,0.305300350189209,0.632790565490723,0.061909065246582,10276621,0.76039,The Americas,4736000000.0,545000000.0
,0.519,,St. Kitts and Nevis,2012-12-01,19.0,97.0,,731851851.851852,0.059046523934424305,824.703947806736,203.0,0.008199999999999999,0.7934889895529351,0.0873398885413872,,,1.41833383099433,,,,53584,0.31844,The Americas,94000000.0,14000000.0
0.020683,0.359,,Guyana,2012-12-01,20.0,113.0,,2851154075.95385,0.0655857891876802,235.104499616019,263.0,0.030699999999999998,0.33,0.138611111111111,68.723,63.497,0.687790195494167,0.367743759155273,0.599296684265137,0.032959544658660904,795369,0.28319,The Americas,64000000.0,82000000.0
0.016595,0.41,,Antigua and Barbuda,2012-12-01,21.0,66.0,,1194074074.07407,0.0515636322383228,681.001700160922,207.0,0.008,0.59,0.10157196642267101,78.13,73.318,1.43013843200216,0.253578681945801,0.675016021728516,0.071416540145874,89069,0.25135,The Americas,,
0.015404,0.466,,"Bahamas, The",2012-12-01,23.5,76.0,,8149004000.0,0.0751572094417919,1646.56522306162,58.0,0.0107,0.7174820281469629,0.0475,78.024,71.953,0.80653833745564,0.216219482421875,0.709595108032227,0.074188084602356,371960,0.82667,The Americas,2415000000.0,384000000.0
0.019977,0.364,,Peru,2012-12-01,25.0,39.0,,192636058713.622,0.0506915298166228,337.292112328963,293.0,0.0136,0.382,0.192369083333333,77.286,71.877,0.980001100447515,0.291770610809326,0.645656433105469,0.0625729131698608,29987800,0.77616,The Americas,3288000000.0,1950000000.0
0.016911000000000002,1.078,,Argentina,2012-12-01,25.0,121.0,,603153016502.593,0.0849336164063353,995.177064704567,405.0,0.0123,0.5579999999999999,0.140608333333333,79.764,72.44,1.5656475598674,0.24415052413940402,0.647575759887695,0.108273735046387,41086927,0.91295,The Americas,5655000000.0,8213000000.0
0.023922000000000002,0.35,,Paraguay,2012-12-01,35.0,107.0,,24611040342.6795,0.103207235981501,392.057335415777,387.0,0.0193,0.2934,0.171584673198116,74.473,70.023,1.0159019379991598,0.327756500244141,0.618651504516602,0.0535918426513672,6687361,0.5893999999999999,The Americas,265000000.0,341000000.0
0.023142,0.649,,Nicaragua,2012-12-01,39.0,123.0,,10644973605.6433,0.08234220160870001,144.403382073779,207.0,0.0206,0.135,0.119943081563015,77.599,71.481,0.9766328038983041,0.333661727905273,0.620019111633301,0.0463191556930542,5991733,0.57841,The Americas,422000000.0,372000000.0
0.031386,0.409,,Guatemala,2012-12-01,40.0,93.0,,50388454861.1111,0.0674375825826054,225.765821744085,332.0,0.026600000000000002,0.16,0.134866666666667,75.282,68.218,1.3781948494947698,0.40797306060791,0.546951103210449,0.045075755119323706,15082831,0.50212,The Americas,1419000000.0,914000000.0
0.014724000000000001,0.29100000000000004,,Trinidad and Tobago,2012-12-01,41.0,63.0,,23436342519.9322,0.0544057753322694,971.724153228284,210.0,0.019600000000000003,0.595162,0.07708333333333331,73.507,66.303,1.40842535622185,0.207296924591064,0.7051125335693359,0.08758829116821291,1337439,0.08795,The Americas,,
0.023755,0.332,,Belize,2012-12-01,44.0,104.0,,1572500000.0,0.05806629834254139,259.458125038573,147.0,0.0148,0.25,0.124408333333333,76.822,70.725,0.532071221378757,0.343998031616211,0.616709861755371,0.0392951917648315,324060,0.44496,The Americas,299000000.0,40000000.0
0.025948,0.8340000000000001,,Bolivia,2012-12-01,49.0,158.0,,27035110130.246,0.0577485519429567,148.741932981023,1025.0,0.0322,0.355,0.111349478606743,69.168,64.792,0.9044349500799569,0.352325706481934,0.5993885421752929,0.048285846710205096,10496285,0.67279,The Americas,581000000.0,559000000.0
0.021134,0.34600000000000003,,Ecuador,2012-12-01,55.5,134.0,,84039856000.0,0.06395047717012399,361.170481259674,654.0,0.0197,0.351351464545516,,79.151,73.375,1.06225532949865,0.3028737449646,0.633157806396484,0.0639683151245117,15492264,0.63088,The Americas,1039000000.0,944000000.0
0.015313,0.5529999999999999,,Costa Rica,2012-12-01,59.5,109.0,,45374788701.1671,0.10129303446068799,950.84114709297,226.0,0.0086,0.475,0.18212499999999998,82.014,77.506,1.11919913345591,0.239422550201416,0.692238693237305,0.06833794593811039,4805295,0.7394,The Americas,2544000000.0,567000000.0
0.026003000000000002,0.40399999999999997,,Haiti,2012-12-01,105.0,177.0,,7890216507.68913,0.064408767250101,52.5461818161643,184.0,0.056,0.098,0.0893416666666668,64.607,60.889,0.5990841157780671,0.35353809356689503,0.60140625,0.0450555467605591,10173775,0.5484100000000001,The Americas,170000000.0,474000000.0
0.015129,0.685,,Brazil,2012-12-01,119.0,118.0,,2248780912395.68,0.0930940500897551,1056.47410203959,2600.0,0.0129,0.48560000000000003,0.366366666666666,77.319,70.093,1.25001852070739,0.24567958831787098,0.681312942504883,0.0730074882507324,198656019,0.8490099999999999,The Americas,6890000000.0,26202000000.0
0.020078,0.619,,"Venezuela, RB",2012-12-01,144.0,180.0,,381286223859.371,0.046464330271184,593.19735114813,792.0,0.0132,0.490500830729861,0.1638,77.532,71.588,1.0205072766011098,0.288359375,0.651835098266602,0.059805474281311,29954782,0.88851,The Americas,904000000.0,3202000000.0
0.017969000000000002,0.27899999999999997,,Suriname,2012-12-01,694.0,165.0,,5012121212.12121,0.0587746226656434,520.980372815596,199.0,0.021,0.34681199999999995,0.11741666666666699,74.092,67.687,1.0645937355600399,0.278304195404053,0.655964660644531,0.0657274198532104,534541,0.66208,The Americas,79000000.0,58000000.0
