Birth Rate,Business Tax Rate,CO2 Emissions,Country/Region,Days to Start Business,Ease of Business,Energy Usage,GDP,Health Exp % GDP,Health Exp/Capita,Hours to do Tax,Infant Mortality Rate,Internet Usage,Lending Interest,Life Expectancy Female,Life Expectancy Male,Mobile Phone Usage,Population 0-14,Population 15-64,Population 65+,Population Total,Population Urban,Region,Tourism Inbound,Tourism Outbound,Year
0.02,,87931.0,Algeria,,,26998.0,54790058957.0,0.035,60.0,,0.034,0.005,0.1,71.0,67.0,0.003,0.342,0.619,0.039,31719449,0.599,Africa,102000000.0,193000000.0,2000-12-01
0.05,,9542.0,Angola,,,7499.0,9129594819.0,0.034,22.0,,0.128,0.001,1.032,47.0,44.0,0.002,0.476,0.499,0.025,13924930,0.324,Africa,34000000.0,146000000.0,2000-12-01
0.043,,1617.0,Benin,,,1983.0,2359122303.0,0.043,15.0,,0.09,0.002,,57.0,53.0,0.008,0.454,0.517,0.029,6949366,0.383,Africa,77000000.0,50000000.0,2000-12-01
0.027,,4276.0,Botswana,,,1836.0,5788311645.0,0.047,152.0,,0.054,0.029,0.155,52.0,49.0,0.127,0.383,0.587,0.029,1755375,0.532,Africa,227000000.0,209000000.0,2000-12-01
0.046,,1041.0,Burkina Faso,,,,2610959139.0,0.051,12.0,,0.096,0.001,,52.0,49.0,0.002,0.468,0.505,0.028,11607944,0.178,Africa,23000000.0,30000000.0,2000-12-01
0.042,,301.0,Burundi,,,,870486066.0,0.063,7.0,,0.092,0.001,0.158,49.0,47.0,0.002,0.49,0.481,0.029,6674286,0.082,Africa,1400000.0,14000000.0,2000-12-01
0.041,,3432.0,Cameroon,,,6310.0,9287367569.0,0.044,26.0,,0.093,0.003,0.22,53.0,51.0,0.006,0.453,0.513,0.034,15927713,0.455,Africa,132000000.0,241000000.0,2000-12-01
0.039,,268.0,Central African Republic,,,,914500332.0,0.043,11.0,,0.113,0.001,0.22,45.0,42.0,0.001,0.423,0.537,0.04,3638316,0.376,Africa,5000000.0,33000000.0,2000-12-01
0.051,,176.0,Chad,,,,1385058212.0,0.063,10.0,,0.106,0.0,0.22,48.0,46.0,0.001,0.49,0.482,0.028,8301151,0.216,Africa,14000000.0,56000000.0,2000-12-01
0.039,,84.0,Comoros,,,,201899884.0,0.035,13.0,,0.073,0.003,0.12,59.0,56.0,,0.415,0.554,0.031,528312,0.281,Africa,15000000.0,,2000-12-01
0.048,,1646.0,Congo (Kinshasa),,,16679.0,19088046305.0,0.048,14.0,,0.115,0.0,,48.0,45.0,0.0,0.464,0.507,0.028,46949244,0.351,Africa,,,2000-12-01
0.039,,1049.0,Congo (Brazzaville),,,814.0,3219910666.0,0.021,22.0,,0.077,0.0,0.22,53.0,51.0,0.022,0.419,0.545,0.036,3126204,0.587,Africa,12400000.0,59000000.0,2000-12-01
0.038,,6791.0,Cote d'Ivoire,,,6734.0,10417060605.0,0.065,42.0,,0.1,0.002,,47.0,46.0,0.029,0.421,0.55,0.029,16131332,0.435,Africa,53000000.0,291000000.0,2000-12-01
0.03,,403.0,Djibouti,,,,551230862.0,0.058,44.0,,0.08,0.002,,59.0,55.0,0.0,0.414,0.556,0.03,722887,0.765,Africa,8100000.0,14800000.0,2000-12-01
0.025,,141326.0,Egypt,,,40658.0,99838540997.0,0.054,79.0,,0.036,0.006,0.132,71.0,66.0,0.021,0.354,0.592,0.053,66136590,0.428,Africa,4657000000.0,1206000000.0,2000-12-01
0.04,,455.0,Equatorial Guinea,,,,1045998534.0,0.024,57.0,,0.099,0.001,0.22,49.0,46.0,0.01,0.426,0.537,0.037,518179,0.388,Africa,5000000.0,19000000.0,2000-12-01
0.04,,609.0,Eritrea,,,708.0,706370812.0,0.045,7.0,,0.058,0.001,,58.0,54.0,,0.47,0.512,0.018,3939348,0.176,Africa,36000000.0,,2000-12-01
0.044,,5831.0,Ethiopia,,,25242.0,8091384891.0,0.043,5.0,,0.09,0.0,0.109,53.0,51.0,0.0,0.466,0.503,0.031,66024199,0.147,Africa,205000000.0,80000000.0,2000-12-01
0.034,,1052.0,Gabon,,,1463.0,5067865503.0,0.029,118.0,,0.056,0.012,0.22,61.0,59.0,0.098,0.406,0.535,0.059,1225527,0.801,Africa,99000000.0,183000000.0,2000-12-01
0.045,,275.0,"Gambia, The",,,,782913866.0,0.045,29.0,,0.063,0.009,0.24,56.0,54.0,0.005,0.459,0.514,0.027,1228863,0.479,Africa,,,2000-12-01
0.035,,6289.0,Ghana,,,7736.0,4982849054.0,0.048,13.0,,0.065,0.002,,58.0,56.0,0.007,0.414,0.556,0.03,18825034,0.439,Africa,357000000.0,162000000.0,2000-12-01
0.042,,1280.0,Guinea,,,,2995360969.0,0.056,19.0,,0.103,0.001,0.194,51.0,51.0,0.005,0.44,0.525,0.034,8746128,0.31,Africa,7800000.0,13000000.0,2000-12-01
0.042,,147.0,Guinea-Bissau,,,,361858968.0,0.049,16.0,,0.109,0.002,,53.0,50.0,,0.435,0.534,0.031,1273312,0.367,Africa,,,2000-12-01
0.039,,10418.0,Kenya,,,14055.0,12705350153.0,0.047,19.0,,0.069,0.003,0.223,54.0,52.0,0.004,0.442,0.531,0.028,31285050,0.199,Africa,500000000.0,156000000.0,2000-12-01
0.031,,,Lesotho,,,,771200632.0,0.069,29.0,,0.081,0.002,0.171,48.0,47.0,0.012,0.412,0.543,0.045,1856225,0.195,Africa,18000000.0,195000000.0,2000-12-01
0.043,,436.0,Liberia,,,,529064647.0,0.059,11.0,,0.119,0.0,0.205,53.0,52.0,0.001,0.432,0.537,0.031,2891968,0.443,Africa,,,2000-12-01
0.022,,47114.0,Libya,,,15901.0,33896600871.0,0.034,252.0,,0.024,0.002,0.07,74.0,70.0,0.008,0.333,0.628,0.039,5176185,0.763,Africa,84000000.0,495000000.0,2000-12-01
0.041,,1874.0,Madagascar,,,,3877673635.0,0.05,12.0,,0.071,0.002,0.265,60.0,57.0,0.004,0.455,0.515,0.03,15744811,0.271,Africa,152000000.0,139000000.0,2000-12-01
0.045,,906.0,Malawi,,,,1743506287.0,0.061,9.0,,0.103,0.001,0.531,46.0,46.0,0.004,0.458,0.511,0.031,11321496,0.146,Africa,29000000.0,53000000.0,2000-12-01
0.048,,543.0,Mali,,,,2422482318.0,0.063,16.0,,0.116,0.001,,49.0,49.0,0.001,0.461,0.504,0.035,10260577,0.284,Africa,47000000.0,66000000.0,2000-12-01
0.038,,1236.0,Mauritania,,,,1293653473.0,0.06,24.0,,0.076,0.002,0.256,61.0,58.0,0.006,0.428,0.54,0.032,2708095,0.492,Africa,,,2000-12-01
0.017,,2769.0,Mauritius,,,,4582562398.0,0.037,146.0,,0.016,0.073,0.208,75.0,68.0,0.152,0.258,0.681,0.061,1186873,0.427,Africa,732000000.0,203000000.0,2000-12-01
0.022,,33905.0,Morocco,,,10238.0,37020609825.0,0.042,54.0,,0.043,0.007,0.133,70.0,67.0,0.082,0.341,0.613,0.047,28710123,0.533,Africa,2280000000.0,506000000.0,2000-12-01
0.044,,1349.0,Mozambique,,,7173.0,4310090791.0,0.062,15.0,,0.114,0.001,0.19,49.0,46.0,0.003,0.438,0.53,0.032,18275618,0.291,Africa,74000000.0,122000000.0,2000-12-01
0.032,,1643.0,Namibia,,,978.0,3908645566.0,0.061,126.0,,0.049,0.016,0.153,57.0,53.0,0.043,0.405,0.562,0.033,1897953,0.324,Africa,193000000.0,86000000.0,2000-12-01
0.053,,796.0,Niger,,,,1798374533.0,0.064,10.0,,0.101,0.0,,51.0,51.0,0.0,0.479,0.495,0.025,10989815,0.162,Africa,23000000.0,32000000.0,2000-12-01
0.043,,79182.0,Nigeria,,,90596.0,46385996027.0,0.046,17.0,,0.113,0.001,0.213,47.0,46.0,0.0,0.435,0.537,0.028,122876727,0.348,Africa,186000000.0,610000000.0,2000-12-01
0.041,,686.0,Rwanda,,,,1734938190.0,0.042,9.0,,0.108,0.001,0.17,49.0,47.0,0.005,0.466,0.505,0.03,8395577,0.149,Africa,27000000.0,35000000.0,2000-12-01
0.036,,48.0,Sao Tome and Principe,,,,76709305.0,0.089,46.0,,0.058,0.046,0.397,65.0,62.0,,0.44,0.52,0.04,139428,0.534,Africa,9900000.0,2200000.0,2000-12-01
0.04,,3938.0,Senegal,,,2398.0,4679604922.0,0.046,22.0,,0.069,0.004,,59.0,56.0,0.025,0.451,0.517,0.032,9861679,0.403,Africa,152000000.0,125000000.0,2000-12-01
0.019,,565.0,Seychelles,,,,614877971.0,0.048,371.0,,0.012,0.074,0.107,,,0.325,0.282,0.637,0.081,81131,0.501,Africa,225000000.0,44000000.0,2000-12-01
0.044,,425.0,Sierra Leone,,,,635874002.0,0.184,28.0,,0.141,0.001,0.263,39.0,37.0,0.003,0.43,0.546,0.025,4139757,0.356,Africa,10000000.0,35000000.0,2000-12-01
0.049,,517.0,Somalia,,,,,,,,0.105,0.0,,52.0,49.0,0.011,0.472,0.499,0.029,7385416,0.332,Africa,,,2000-12-01
0.024,,368611.0,South Africa,,,109264.0,133000000000.0,0.083,246.0,,0.052,0.053,0.145,58.0,54.0,0.186,0.33,0.636,0.034,44000000,0.569,Africa,3338000000.0,2684000000.0,2000-12-01
0.043,,,South Sudan,,,,,,,,0.11,,,50.0,48.0,,0.447,0.523,0.03,6652984,0.165,Africa,,,2000-12-01
0.04,,5534.0,Sudan,,,13340.0,12257299163.0,0.034,15.0,,0.069,0.0,,60.0,56.0,0.001,0.437,0.533,0.03,27729798,0.325,Africa,5000000.0,55000000.0,2000-12-01
0.033,,1188.0,Eswatini,,,,1524490159.0,0.053,75.0,,0.08,0.009,0.14,49.0,48.0,0.031,0.446,0.524,0.029,1063715,0.227,Africa,24000000.0,32000000.0,2000-12-01
0.042,,2651.0,Tanzania,,,13390.0,10185786171.0,0.034,10.0,,0.08,0.001,0.216,51.0,49.0,0.003,0.448,0.523,0.029,34020512,0.223,Africa,381000000.0,369000000.0,2000-12-01
0.039,,1357.0,Togo,,,2111.0,1294250280.0,0.053,14.0,,0.077,0.008,,54.0,53.0,0.01,0.442,0.529,0.029,4864753,0.329,Africa,11000000.0,15000000.0,2000-12-01
0.017,,19923.0,Tunisia,,,7306.0,21473188882.0,0.054,123.0,,0.026,0.028,,75.0,71.0,0.012,0.298,0.641,0.06,9563500,0.634,Africa,1977000000.0,310000000.0,2000-12-01
0.048,,1533.0,Uganda,,,,6193246632.0,0.066,16.0,,0.089,0.002,0.229,48.0,48.0,0.005,0.493,0.481,0.027,24275641,0.121,Africa,165000000.0,,2000-12-01
0.045,,1819.0,Zambia,,,6244.0,3253551750.0,0.056,18.0,,0.1,0.002,0.388,42.0,42.0,0.01,0.457,0.515,0.027,10100981,0.348,Africa,67000000.0,102000000.0,2000-12-01
0.032,,13887.0,Zimbabwe,,,9865.0,6689957610.0,,,,0.061,0.004,0.682,44.0,44.0,0.021,0.422,0.545,0.034,12503652,0.338,Africa,125000000.0,,2000-12-01
0.05,,781.0,Afghanistan,,,,,,,,0.095,,,56.0,54.0,,0.495,0.485,0.02,20595360,0.213,Asia,,,2000-12-01
0.013,,3465.0,Armenia,,,2015.0,1911563665.0,0.063,39.0,,0.027,0.013,0.316,75.0,68.0,0.006,0.259,0.641,0.1,3076098,0.647,Asia,52000000.0,56000000.0,2000-12-01
0.015,,29508.0,Azerbaijan,,,11296.0,5272617196.0,0.047,30.0,,0.061,0.001,0.197,70.0,64.0,0.052,0.311,0.633,0.056,8048600,0.514,Asia,68000000.0,138000000.0,2000-12-01
0.027,,27869.0,Bangladesh,,,18591.0,47124925462.0,0.028,10.0,,0.064,0.001,0.155,66.0,65.0,0.002,0.37,0.59,0.041,132383265,0.236,Asia,50000000.0,471000000.0,2000-12-01
0.028,,400.0,Bhutan,,,,439158233.0,0.067,52.0,,0.059,0.004,0.16,60.0,60.0,,0.406,0.556,0.038,564350,0.254,Asia,10000000.0,,2000-12-01
0.023,,6527.0,Brunei,,,2385.0,6001153318.0,0.03,543.0,,0.008,0.09,0.055,78.0,74.0,0.286,0.304,0.668,0.028,331801,0.712,Asia,,,2000-12-01
0.028,,1977.0,Cambodia,,,3412.0,3654031716.0,0.063,19.0,,0.082,0.0,,65.0,59.0,0.011,0.408,0.554,0.038,12222871,0.186,Asia,345000000.0,52000000.0,2000-12-01
0.014,,3405180.0,China,,,1161353.0,1200000000000.0,0.046,43.0,,0.03,0.018,0.059,74.0,71.0,0.067,0.256,0.675,0.069,1262645000,0.359,Asia,17318000000.0,14169000000.0,2000-12-01
0.012,,4536.0,Georgia,,,2869.0,3057453461.0,0.069,45.0,,0.031,0.005,0.247,75.0,68.0,0.041,0.219,0.656,0.125,4418300,0.526,Asia,107000000.0,129000000.0,2000-12-01
0.008,,40465.0,"Hong Kong SAR, China",,,13392.0,172000000000.0,,,,,0.278,0.095,84.0,78.0,0.797,0.173,0.717,0.11,6665000,1.0,Asia,8198000000.0,12502000000.0,2000-12-01
0.026,,1186663.0,India,,,457198.0,476999999999.99994,0.043,20.0,,0.067,0.005,0.123,63.0,61.0,0.003,0.342,0.614,0.044,1042261758,0.277,Asia,3598000000.0,3686000000.0,2000-12-01
0.022,,263419.0,Indonesia,,,154768.0,165000000000.0,0.02,15.0,,0.041,0.009,0.185,69.0,65.0,0.018,0.307,0.647,0.047,208938698,0.42,Asia,4975000000.0,3197000000.0,2000-12-01
0.009,,1219589.0,Japan,,,518964.0,4730000000000.0,0.076,2834.0,,0.003,0.3,0.021,85.0,78.0,0.531,0.146,0.682,0.172,126870000,0.786,Asia,5970000000.0,42643000000.0,2000-12-01
0.015,,127769.0,Kazakhstan,,,35679.0,18291990619.0,0.042,52.0,,0.038,0.007,,71.0,60.0,0.014,0.277,0.655,0.068,14883626,0.557,Asia,403000000.0,483000000.0,2000-12-01
0.018,,76699.0,North Korea,,,19717.0,,,,,0.045,,,69.0,61.0,,0.26,0.681,0.059,22840225,0.594,Asia,,,2000-12-01
0.013,,447561.0,South Korea,,,188161.0,562000000000.0,0.043,491.0,,0.005,0.447,0.085,80.0,72.0,0.583,0.21,0.717,0.073,47008111,0.796,Asia,8527000000.0,7945000000.0,2000-12-01
0.02,,4529.0,Kyrgyzstan,,,2317.0,1369691955.0,0.047,13.0,,0.042,0.01,0.519,72.0,65.0,0.002,0.35,0.596,0.055,4898400,0.353,Asia,20000000.0,28000000.0,2000-12-01
0.031,,972.0,Laos,,,,1731198022.0,0.033,11.0,,0.083,0.001,0.32,63.0,60.0,0.002,0.435,0.529,0.036,5388281,0.22,Asia,114000000.0,8000000.0,2000-12-01
0.009,,1635.0,"Macao SAR, China",,,,6101794939.0,,,,,0.136,0.099,80.0,75.0,0.327,0.228,0.698,0.074,431907,1.0,Asia,3205000000.0,,2000-12-01
0.023,,126603.0,Malaysia,,,47110.0,93789473684.0,0.03,120.0,,0.009,0.214,0.077,75.0,71.0,0.219,0.333,0.628,0.038,23420751,0.62,Asia,5873000000.0,2543000000.0,2000-12-01
0.025,,499.0,Maldives,,,,624337144.0,0.071,162.0,,0.035,0.022,0.13,70.0,69.0,0.028,0.413,0.549,0.038,272745,0.277,Asia,321000000.0,60000000.0,2000-12-01
0.019,,7506.0,Mongolia,,,2397.0,1136896162.0,0.047,22.0,,0.049,0.013,0.37,66.0,60.0,0.064,0.348,0.615,0.037,2397473,0.571,Asia,43000000.0,54000000.0,2000-12-01
0.021,,10088.0,Myanmar,,,12841.0,,0.021,3.0,,0.059,,0.153,64.0,60.0,0.0,0.307,0.645,0.047,48453000,0.27,Asia,195000000.0,30000000.0,2000-12-01
0.033,,3234.0,Nepal,,,8108.0,5494252208.0,0.05,12.0,,0.06,0.002,0.095,63.0,61.0,0.0,0.404,0.558,0.038,23184177,0.134,Asia,219000000.0,109000000.0,2000-12-01
0.031,,106449.0,Pakistan,,,64067.0,73952374970.0,0.03,15.0,,0.088,,,65.0,63.0,0.002,0.415,0.546,0.039,143832014,0.332,Asia,551000000.0,574000000.0,2000-12-01
0.03,,73307.0,Philippines,,,39872.0,81026294681.0,0.032,33.0,,0.03,0.02,0.109,70.0,64.0,0.083,0.385,0.583,0.032,77651848,0.48,Asia,2334000000.0,1841000000.0,2000-12-01
0.012,,49006.0,Singapore,,,18692.0,95835970989.0,0.027,662.0,,0.003,0.36,0.058,80.0,76.0,0.701,0.215,0.712,0.073,4027900,1.0,Asia,5142000000.0,4535000000.0,2000-12-01
0.018,,10161.0,Sri Lanka,,,8327.0,16330810304.0,0.037,32.0,,0.014,0.006,0.162,75.0,68.0,0.023,0.269,0.669,0.063,19102000,0.184,Asia,388000000.0,383000000.0,2000-12-01
0.03,,2237.0,Tajikistan,,,2149.0,860550294.0,0.046,6.0,,0.075,0.0,0.256,68.0,60.0,0.0,0.429,0.536,0.035,6186152,0.265,Asia,,,2000-12-01
0.015,,188355.0,Thailand,,,72284.0,123000000000.0,0.034,67.0,,0.019,0.037,0.078,75.0,67.0,0.049,0.242,0.693,0.066,62343379,0.314,Asia,9935000000.0,3218000000.0,2000-12-01
0.043,,,Timor-Leste,,,,350100000.0,0.051,19.0,,0.084,,,61.0,58.0,,0.498,0.479,0.024,853585,0.243,Asia,,,2000-12-01
0.024,,35365.0,Turkmenistan,,,14871.0,2904662605.0,0.039,44.0,,0.066,0.001,,68.0,60.0,0.002,0.363,0.594,0.043,4501419,0.459,Asia,,,2000-12-01
0.021,,119951.0,Uzbekistan,,,50757.0,13760374488.0,0.053,29.0,,0.053,0.005,,70.0,64.0,0.002,0.373,0.584,0.043,24650400,0.374,Asia,63000000.0,,2000-12-01
0.017,,53645.0,Vietnam,,,28736.0,33640085728.0,0.053,20.0,,0.027,0.003,0.106,78.0,69.0,0.01,0.316,0.62,0.064,77630900,0.244,Asia,,,2000-12-01
0.019,,3022.0,Albania,,,1763.0,3686649387.0,0.064,70.0,,0.023,0.001,0.221,77.0,71.0,0.009,0.303,0.628,0.068,3089027,0.417,Europe,398000000.0,290000000.0,2000-12-01
0.011,,524.0,Andorra,,,,1133644295.0,0.062,1330.0,,0.004,0.105,,,,0.36,,,,65399,0.924,Europe,,,2000-12-01
0.01,,63696.0,Austria,,,28558.0,192000000000.0,0.1,2403.0,,0.005,0.337,,81.0,75.0,0.763,0.17,0.675,0.155,8011566,0.658,Europe,11382000000.0,7001000000.0,2000-12-01
0.009,,53469.0,Belarus,,,24695.0,12736856485.0,0.061,64.0,,0.011,0.019,0.677,75.0,63.0,0.005,0.186,0.679,0.134,10005000,0.7,Europe,188000000.0,247000000.0,2000-12-01
0.011,,115709.0,Belgium,,,58508.0,233000000000.0,0.081,1845.0,,0.005,0.294,0.08,81.0,75.0,0.548,0.176,0.655,0.169,10251250,0.971,Europe,6592000000.0,9429000000.0,2000-12-01
0.01,,23223.0,Bosnia and Herzegovina,,,4346.0,5505984456.0,0.071,103.0,,0.008,0.011,0.305,77.0,72.0,0.024,0.202,0.691,0.107,3834364,0.393,Europe,246000000.0,92000000.0,2000-12-01
0.009,,43531.0,Bulgaria,,,18688.0,12903546765.0,0.062,98.0,,0.018,0.054,0.113,75.0,68.0,0.092,0.157,0.677,0.166,8170172,0.689,Europe,1364000000.0,764000000.0,2000-12-01
0.01,,19644.0,Croatia,,,7790.0,21517784659.0,0.078,377.0,,0.007,0.066,0.121,77.0,69.0,0.231,0.172,0.673,0.156,4426000,0.556,Europe,2871000000.0,634000000.0,2000-12-01
0.013,,6850.0,Cyprus,,,2137.0,9314937556.0,0.058,744.0,,0.006,0.153,0.08,80.0,76.0,0.231,0.224,0.674,0.102,943287,0.686,Europe,2137000000.0,543000000.0,2000-12-01
0.009,,124649.0,Czechia,,,40993.0,58807244368.0,0.063,361.0,,0.006,0.098,0.072,78.0,72.0,0.424,0.165,0.697,0.138,10255063,0.74,Europe,2973000000.0,1276000000.0,2000-12-01
0.013,,47260.0,Denmark,,,18634.0,160000000000.0,0.087,2613.0,,0.005,0.392,0.081,79.0,74.0,0.63,0.185,0.667,0.149,5339616,0.851,Europe,3671000000.0,4669000000.0,2000-12-01
0.01,,15181.0,Estonia,,,4715.0,5675697575.0,0.053,213.0,,0.009,0.286,0.074,76.0,65.0,0.408,0.18,0.669,0.152,1396985,0.694,Europe,657000000.0,253000000.0,2000-12-01
,,711.0,Faroe Islands,,,,1062339944.0,,,,,0.329,,82.0,76.0,0.365,,,,46491,0.363,Europe,,,2000-12-01
0.011,,52141.0,Finland,,,32233.0,122000000000.0,0.072,1700.0,,0.004,0.372,0.056,81.0,74.0,0.72,0.182,0.669,0.149,5176209,0.822,Europe,2035000000.0,2293000000.0,2000-12-01
0.013,,365560.0,France,,,251981.0,1330000000000.0,0.101,2209.0,,0.004,0.143,0.067,83.0,75.0,0.491,0.189,0.65,0.16,60911057,0.759,Europe,38534000000.0,26703000000.0,2000-12-01
0.009,,829978.0,Germany,,,336584.0,1890000000000.0002,0.104,2387.0,,0.004,0.302,0.096,81.0,75.0,0.577,0.156,0.681,0.163,82211508,0.731,Europe,24943000000.0,57601000000.0,2000-12-01
0.01,,91616.0,Greece,,,27086.0,124000000000.0,0.079,918.0,,0.007,0.091,0.123,81.0,75.0,0.54,0.152,0.68,0.168,10917482,0.727,Europe,9262000000.0,4564000000.0,2000-12-01
0.01,,57238.0,Hungary,,,24999.0,46385589534.0,0.072,326.0,,0.01,0.07,0.126,76.0,67.0,0.301,0.168,0.68,0.151,10210971,0.646,Europe,3809000000.0,1722000000.0,2000-12-01
0.014,,2164.0,Iceland,,,3100.0,8697298234.0,0.095,2961.0,,0.003,0.445,0.168,82.0,78.0,0.764,0.233,0.651,0.116,281205,0.924,Europe,386000000.0,471000000.0,2000-12-01
0.014,,41345.0,Ireland,,,13574.0,97331522066.0,0.061,1572.0,,0.006,0.179,0.048,79.0,74.0,0.647,0.218,0.67,0.112,3805174,0.591,Europe,3517000000.0,2626000000.0,2000-12-01
,,,Isle of Man,,,,1563667800.0,,,,,,,,,,,,,76806,0.518,Europe,,,2000-12-01
0.01,,451441.0,Italy,,,171522.0,1100000000000.0,0.079,1527.0,,0.005,0.231,0.07,83.0,77.0,0.741,0.143,0.674,0.183,56942108,0.672,Europe,28706000000.0,18169000000.0,2000-12-01
0.023,,,Kosovo,,,1545.0,1849196082.0,,,,,,,70.0,66.0,,,,,1700000,,Europe,,,2000-12-01
0.009,,6241.0,Latvia,,,3832.0,7833068425.0,0.06,197.0,,0.015,0.063,0.119,76.0,65.0,0.169,0.179,0.671,0.15,2367550,0.681,Europe,172000000.0,281000000.0,2000-12-01
0.013,,,Liechtenstein,,,,2483890594.0,,,,,0.365,,80.0,74.0,0.302,,,,33093,0.151,Europe,,,2000-12-01
0.01,,12200.0,Lithuania,,,7131.0,11434200000.0,0.065,212.0,,0.01,0.064,0.121,78.0,67.0,0.15,0.199,0.662,0.139,3499536,0.67,Europe,430000000.0,261000000.0,2000-12-01
0.013,,8240.0,Luxembourg,,,3335.0,20267551133.0,0.075,3495.0,,0.004,0.229,,81.0,75.0,0.695,0.189,0.67,0.141,436300,0.842,Europe,1686000000.0,1309000000.0,2000-12-01
0.013,,12064.0,North Macedonia,,,2668.0,3586883989.0,0.087,153.0,,0.014,0.025,0.189,76.0,71.0,0.056,0.224,0.676,0.1,2052129,0.585,Europe,88000000.0,58000000.0,2000-12-01
0.012,,2065.0,Malta,,,676.0,3957418083.0,0.066,643.0,,0.007,0.131,0.073,80.0,76.0,0.281,0.207,0.686,0.107,381363,0.924,Europe,731000000.0,224000000.0,2000-12-01
0.012,,3513.0,Moldova,,,2883.0,1288420223.0,0.067,24.0,,0.025,0.013,0.338,71.0,63.0,0.034,0.237,0.663,0.1,3639592,0.458,Europe,57000000.0,86000000.0,2000-12-01
,,,Monaco,,,,2647883820.0,0.033,2685.0,,0.004,0.422,,,,0.434,,,,32081,1.0,Europe,,,2000-12-01
0.013,,,Montenegro,,,,984279596.0,0.075,121.0,,0.013,,,77.0,71.0,,0.213,0.673,0.113,611196,0.585,Europe,,,2000-12-01
0.013,,165363.0,Netherlands,,,73223.0,385000000000.0,0.08,1932.0,,0.005,0.44,0.048,81.0,76.0,0.678,0.186,0.679,0.136,15925513,0.768,Europe,11285000000.0,13649000000.0,2000-12-01
0.013,,38808.0,Norway,,,26092.0,168000000000.00003,0.091,3432.0,,0.004,0.52,0.089,81.0,76.0,0.718,0.2,0.648,0.152,4490967,0.761,Europe,2521000000.0,4893000000.0,2000-12-01
0.01,,301691.0,Poland,,,89116.0,171000000000.0,0.055,247.0,,0.008,0.073,0.2,78.0,70.0,0.176,0.194,0.684,0.123,38258629,0.617,Europe,6128000000.0,3417000000.0,2000-12-01
0.012,,62966.0,Portugal,,,24673.0,117000000000.0,0.093,1070.0,,0.006,0.164,,80.0,73.0,0.647,0.162,0.676,0.162,10289898,0.544,Europe,6027000000.0,2754000000.0,2000-12-01
0.01,,89985.0,Romania,,,36228.0,37305099928.0,0.043,72.0,,0.023,0.036,0.539,75.0,68.0,0.112,0.186,0.68,0.134,22442971,0.53,Europe,394000000.0,447000000.0,2000-12-01
0.009,,1558112.0,Russia,,,619265.0,260000000000.0,0.054,96.0,,0.02,0.02,0.244,72.0,59.0,0.022,0.182,0.694,0.124,146596870,0.734,Europe,3429000000.0,8848000000.0,2000-12-01
,,,San Marino,,,,773907642.0,0.053,2161.0,,0.005,0.488,0.092,84.0,77.0,0.538,,,,26969,0.934,Europe,,,2000-12-01
0.01,,,Serbia,,,13728.0,6082791506.0,0.074,51.0,,0.011,,0.063,75.0,70.0,,0.202,0.669,0.129,7516346,0.532,Europe,,,2000-12-01
0.01,,37312.0,Slovakia,,,17743.0,28724041828.0,0.055,208.0,,0.01,0.094,0.149,77.0,69.0,0.231,0.197,0.689,0.114,5388720,0.562,Europe,441000000.0,341000000.0,2000-12-01
0.009,,14265.0,Slovenia,,,6413.0,19979467790.0,0.083,831.0,,0.005,0.151,0.158,79.0,72.0,0.611,0.159,0.7,0.141,1988925,0.508,Europe,1016000000.0,544000000.0,2000-12-01
0.01,,294434.0,Spain,,,121856.0,580000000000.0,0.072,1045.0,,0.005,0.136,0.052,83.0,76.0,0.602,0.148,0.684,0.169,40263216,0.763,Europe,32656000000.0,7710000000.0,2000-12-01
0.01,,49794.0,Sweden,,,47556.0,246999999999.99997,0.082,2282.0,,0.003,0.457,0.058,82.0,77.0,0.718,0.184,0.643,0.173,8872109,0.84,Europe,4825000000.0,8959000000.0,2000-12-01
0.011,,39050.0,Switzerland,,,25005.0,256000000000.0,0.099,3541.0,,0.005,0.471,0.043,83.0,77.0,0.647,0.174,0.673,0.153,7184250,0.733,Europe,8988000000.0,7360000000.0,2000-12-01
0.021,,216148.0,Türkiye,,,76348.0,267000000000.0,0.049,196.0,,0.034,0.038,,74.0,66.0,0.255,0.307,0.634,0.06,63174483,0.647,Europe,7636000000.0,1713000000.0,2000-12-01
0.008,,320774.0,Ukraine,,,133794.0,31261527363.0,0.056,36.0,,0.016,0.007,0.415,74.0,62.0,0.017,0.175,0.688,0.138,49175848,0.671,Europe,563000000.0,561000000.0,2000-12-01
0.012,,543662.0,United Kingdom,,,222940.0,1490000000000.0,0.07,1761.0,,0.006,0.268,0.06,80.0,75.0,0.737,0.19,0.652,0.158,58892514,0.787,Europe,29978000000.0,47009000000.0,2000-12-01
0.021,,18643.0,Bahrain,,,5865.0,9063147901.0,0.035,476.0,,0.011,0.062,0.116,76.0,74.0,0.308,0.308,0.667,0.024,668239,0.884,Middle East,854000000.0,425000000.0,2000-12-01
0.019,,372703.0,Iran,,,122983.0,101000000000.0,0.046,231.0,,0.029,0.009,,71.0,69.0,0.015,0.347,0.611,0.042,65911052,0.64,Middle East,677000000.0,671000000.0,2000-12-01
0.036,,72445.0,Iraq,,,25937.0,,0.008,7.0,,0.036,,,73.0,69.0,,0.428,0.537,0.035,23801156,0.685,Middle East,2000000.0,9000000.0,2000-12-01
0.022,,62691.0,Israel,,,18234.0,125000000000.0,0.074,1454.0,,0.006,0.209,0.128,81.0,77.0,0.732,0.281,0.619,0.1,6289000,0.912,Middle East,4611000000.0,3733000000.0,2000-12-01
0.031,,15508.0,Jordan,,,4864.0,8457923945.0,0.097,171.0,,0.023,0.026,0.118,73.0,70.0,0.082,0.394,0.575,0.031,4797000,0.798,Middle East,935000000.0,387000000.0,2000-12-01
0.024,,55181.0,Kuwait,,,18805.0,37718011469.0,0.025,494.0,,0.011,0.067,0.089,74.0,72.0,0.25,0.257,0.712,0.031,1906231,0.981,Middle East,394000000.0,2852000000.0,2000-12-01
0.019,,15354.0,Lebanon,,,4907.0,17260364842.0,0.109,579.0,,0.017,0.08,0.182,76.0,73.0,0.23,0.286,0.643,0.071,3235380,0.86,Middle East,742000000.0,,2000-12-01
0.024,,21896.0,Oman,,,8083.0,19867880550.0,0.031,264.0,,0.014,0.035,0.101,74.0,70.0,0.074,0.372,0.605,0.023,2192535,0.716,Middle East,377000000.0,629000000.0,2000-12-01
0.019,,34730.0,Qatar,,,10876.0,17759889598.0,0.022,652.0,,0.011,0.049,,78.0,76.0,0.204,0.259,0.724,0.017,593693,0.963,Middle East,128000000.0,307000000.0,2000-12-01
0.027,,296935.0,Saudi Arabia,,,101325.0,188000000000.0,0.042,398.0,,0.019,0.022,,74.0,71.0,0.068,0.384,0.581,0.035,20144584,0.798,Middle East,,,2000-12-01
0.03,,51048.0,Syria,,,15765.0,19325894913.0,0.049,59.0,,0.02,0.002,0.09,75.0,72.0,0.002,0.408,0.558,0.034,16371208,0.519,Middle East,1082000000.0,669000000.0,2000-12-01
0.017,,112562.0,United Arab Emirates,,,33944.0,104000000000.0,0.022,752.0,,0.01,0.236,0.097,75.0,73.0,0.472,0.254,0.736,0.01,3026352,0.802,Middle East,1063000000.0,3019000000.0,2000-12-01
0.039,,14639.0,Yemen,,,4747.0,9636342275.0,0.041,25.0,,0.069,0.001,0.195,62.0,59.0,0.002,0.486,0.485,0.029,17522537,0.263,Middle East,73000000.0,127000000.0,2000-12-01
,,,American Samoa,,,,,,,,,,,,,0.035,,,,57522,0.886,Oceania,,,2000-12-01
0.013,,329605.0,Australia,,,108110.0,415000000000.00006,0.081,1713.0,,0.005,0.468,0.093,82.0,77.0,0.445,0.207,0.669,0.124,19153000,0.872,Oceania,13016000000.0,8780000000.0,2000-12-01
0.025,,865.0,Fiji Islands,,,,1684109743.0,0.039,80.0,,0.021,0.015,0.084,70.0,65.0,0.068,0.351,0.615,0.034,811647,0.479,Oceania,291000000.0,96000000.0,2000-12-01
0.02,,631.0,French Polynesia,,,,3447543138.0,,,,,0.064,,75.0,70.0,0.168,0.318,0.64,0.043,237267,0.561,Oceania,,,2000-12-01
0.022,,,Guam,,,,,,,,,0.161,,78.0,73.0,0.175,0.305,0.642,0.054,155328,0.931,Oceania,,,2000-12-01
0.029,,33.0,Kiribati,,,,67512715.0,0.079,65.0,,0.054,0.018,,68.0,62.0,0.004,0.399,0.567,0.034,82788,0.43,Oceania,2700000.0,,2000-12-01
,,77.0,Marshall Islands,,,,110937729.0,0.225,466.0,,0.034,0.015,,68.0,63.0,0.009,,,,52161,0.684,Oceania,3000000.0,200000.0,2000-12-01
0.03,,136.0,"Micronesia, Fed. Sts.",,,,233226323.0,0.078,170.0,,0.042,0.037,0.153,68.0,67.0,,0.403,0.56,0.037,107430,0.223,Oceania,17000000.0,5000000.0,2000-12-01
0.021,,2299.0,New Caledonia,,,,2682347064.0,,,,,0.139,,78.0,72.0,0.238,0.287,0.654,0.059,213230,0.618,Oceania,111000000.0,,2000-12-01
0.015,,32897.0,New Zealand,,,17056.0,52011621745.0,0.076,1052.0,,0.006,0.474,0.078,81.0,76.0,0.4,0.227,0.655,0.118,3857700,0.857,Oceania,2272000000.0,1235000000.0,2000-12-01
0.035,,2688.0,Papua New Guinea,,,,3521348155.0,0.04,26.0,,0.058,0.008,0.175,61.0,57.0,0.002,0.402,0.573,0.025,5379226,0.132,Oceania,7000000.0,50000000.0,2000-12-01
0.031,,139.0,Samoa,,,,239698992.0,0.06,80.0,,0.019,0.006,,73.0,66.0,0.014,0.407,0.548,0.045,174614,0.22,Oceania,41000000.0,,2000-12-01
0.036,,165.0,Solomon Islands,,,,435101217.0,0.046,48.0,,0.028,0.005,0.146,64.0,62.0,0.003,0.419,0.553,0.028,412336,0.158,Oceania,4000000.0,12200000.0,2000-12-01
0.028,,121.0,Tonga,,,,188623258.0,0.048,92.0,,0.015,0.024,0.113,73.0,69.0,0.002,0.384,0.559,0.057,97962,0.23,Oceania,7000000.0,,2000-12-01
0.032,,81.0,Vanuatu,,,,272014693.0,0.036,52.0,,0.02,0.021,0.099,69.0,66.0,0.002,0.415,0.552,0.033,185058,0.217,Oceania,69000000.0,9000000.0,2000-12-01
0.02,,345.0,Antigua and Barbuda,,,,787693391.0,0.04,408.0,,0.014,0.065,0.122,76.0,71.0,0.283,0.292,0.637,0.071,77648,0.321,The Americas,291000000.0,31000000.0,2000-12-01
0.019,,141077.0,Argentina,,,60954.0,344000000000.0,0.092,710.0,,0.018,0.07,0.111,78.0,70.0,0.176,0.279,0.621,0.099,36903067,0.891,The Americas,3195000000.0,5460000000.0,2000-12-01
0.014,,2233.0,Aruba,,,,1873452514.0,,,,,0.154,0.121,76.0,71.0,0.165,0.232,0.692,0.076,90858,0.467,The Americas,850000000.0,163000000.0,2000-12-01
0.018,,1668.0,"Bahamas, The",,,,6327552000.0,0.052,1107.0,,0.013,0.08,0.06,75.0,69.0,0.106,0.293,0.654,0.054,297759,0.82,The Americas,1753000000.0,348000000.0,2000-12-01
0.013,,1188.0,Barbados,,,,3119500000.0,0.063,602.0,,0.015,0.04,0.102,75.0,71.0,0.107,0.219,0.666,0.115,267190,0.338,The Americas,733000000.0,141000000.0,2000-12-01
0.029,,689.0,Belize,,,,831750000.0,0.04,139.0,,0.021,0.06,0.16,74.0,67.0,0.07,0.402,0.555,0.043,238586,0.477,The Americas,111000000.0,44000000.0,2000-12-01
0.014,,495.0,Bermuda,,,,3480219000.0,,,,,0.429,,81.0,75.0,0.207,,,,61833,1.0,The Americas,431000000.0,,2000-12-01
0.031,,10224.0,Bolivia,,,3737.0,8397858185.0,0.061,60.0,,0.057,0.014,0.346,65.0,61.0,0.069,0.398,0.56,0.042,8495271,0.618,The Americas,101000000.0,116000000.0,2000-12-01
0.021,,327984.0,Brazil,,,187442.0,645000000000.0,0.072,265.0,,0.029,0.029,0.568,74.0,67.0,0.133,0.296,0.649,0.055,174504898,0.812,The Americas,1969000000.0,4548000000.0,2000-12-01
0.011,,534484.0,Canada,,,251450.0,739000000000.0,0.088,2090.0,,0.005,0.513,0.073,82.0,77.0,0.284,0.192,0.683,0.125,30769700,0.795,The Americas,13035000000.0,15125000000.0,2000-12-01
,,455.0,Cayman Islands,,,,,,,,,,,,,0.257,,,,41685,1.0,The Americas,559000000.0,,2000-12-01
0.017,,58694.0,Chile,,,25174.0,79328640264.0,0.077,390.0,,0.009,0.166,0.148,80.0,74.0,0.22,0.278,0.65,0.072,15454402,0.861,The Americas,1179000000.0,904000000.0,2000-12-01
0.023,,57924.0,Colombia,,,25814.0,99886577576.0,0.059,148.0,,0.021,0.022,0.188,75.0,67.0,0.057,0.328,0.624,0.047,39897984,0.721,The Americas,1313000000.0,1452000000.0,2000-12-01
0.02,,5475.0,Costa Rica,,,2874.0,15946443103.0,0.071,287.0,,0.011,0.058,0.249,80.0,75.0,0.054,0.315,0.631,0.055,3929588,0.59,The Americas,1477000000.0,551000000.0,2000-12-01
0.013,,26039.0,Cuba,,,12859.0,30565200000.0,0.061,166.0,,0.007,0.005,,79.0,75.0,0.001,0.216,0.685,0.099,11138416,0.753,The Americas,1948000000.0,,2000-12-01
,,,Curacao,,,,,,,,,,,,,,0.249,0.648,0.103,133860,0.908,The Americas,227000000.0,,2000-12-01
,,103.0,Dominica,,,,324463833.0,0.05,231.0,,0.014,0.088,0.117,,,0.017,,,,69679,0.653,The Americas,48000000.0,9000000.0,2000-12-01
0.025,,20117.0,Dominican Republic,,,7499.0,23996656676.0,0.063,173.0,,0.033,0.037,0.268,74.0,68.0,0.081,0.349,0.599,0.051,8663421,0.617,The Americas,2860000000.0,440000000.0,2000-12-01
0.025,,20942.0,Ecuador,,,7815.0,18327386416.0,0.036,53.0,,0.028,0.015,0.171,76.0,71.0,0.038,0.345,0.604,0.051,12533087,0.603,The Americas,451000000.0,416000000.0,2000-12-01
0.025,,5743.0,El Salvador,,,3968.0,13134100000.0,0.081,179.0,,0.027,0.012,0.14,74.0,65.0,0.125,0.383,0.562,0.055,5958794,0.589,The Americas,437000000.0,219000000.0,2000-12-01
0.016,,532.0,Greenland,,,,1068024994.0,,,,,0.317,,70.0,64.0,0.269,,,,56200,0.816,The Americas,,,2000-12-01
0.019,,191.0,Grenada,,,,523256355.0,0.066,339.0,,0.014,0.041,0.116,73.0,68.0,0.042,0.35,0.572,0.078,101620,0.359,The Americas,93000000.0,8000000.0,2000-12-01
0.037,,9916.0,Guatemala,,,7041.0,19290566570.0,0.056,96.0,,0.04,0.007,0.209,71.0,64.0,0.076,0.441,0.519,0.04,11204183,0.451,The Americas,498000000.0,216000000.0,2000-12-01
0.022,,1610.0,Guyana,,,,712667925.0,0.058,56.0,,0.039,0.066,0.173,67.0,60.0,0.054,0.354,0.602,0.045,744471,0.287,The Americas,80000000.0,77000000.0,2000-12-01
0.031,,1368.0,Haiti,,,2010.0,3664503846.0,0.061,26.0,,0.075,0.002,0.314,59.0,56.0,0.006,0.403,0.557,0.04,8578234,0.356,The Americas,128000000.0,173000000.0,2000-12-01
0.032,,5031.0,Honduras,,,2990.0,7105529647.0,0.066,76.0,,0.031,0.012,0.268,73.0,68.0,0.025,0.424,0.537,0.039,6235561,0.455,The Americas,263000000.0,198000000.0,2000-12-01
0.021,,10319.0,Jamaica,,,3829.0,9008629729.0,0.055,189.0,,0.02,0.031,0.233,73.0,68.0,0.142,0.327,0.599,0.075,2589389,0.518,The Americas,1577000000.0,238000000.0,2000-12-01
0.024,,381518.0,Mexico,,,145384.0,684000000000.0,0.051,328.0,,0.022,0.051,0.169,77.0,72.0,0.136,0.341,0.61,0.049,103873607,0.747,The Americas,9133000000.0,6365000000.0,2000-12-01
0.028,,3762.0,Nicaragua,,,2522.0,5107329010.0,0.054,54.0,,0.033,0.01,0.181,72.0,67.0,0.018,0.409,0.554,0.037,5100920,0.547,The Americas,129000000.0,126000000.0,2000-12-01
0.024,,5790.0,Panama,,,2569.0,11620500000.0,0.078,295.0,,0.022,0.066,0.105,78.0,73.0,0.134,0.321,0.623,0.055,3054812,0.622,The Americas,628000000.0,241000000.0,2000-12-01
0.028,,3689.0,Paraguay,,,3850.0,8195993231.0,0.081,124.0,,0.028,0.007,0.268,72.0,68.0,0.153,0.382,0.574,0.044,5350253,0.553,The Americas,88000000.0,154000000.0,2000-12-01
0.024,,30297.0,Peru,,,12222.0,50681123109.0,0.047,96.0,,0.03,0.031,0.3,73.0,68.0,0.049,0.341,0.611,0.048,26000080,0.73,The Americas,861000000.0,641000000.0,2000-12-01
0.016,,,Puerto Rico,,,,61701810000.0,,,,,0.105,,81.0,73.0,0.347,0.236,0.651,0.113,3810605,0.944,The Americas,2388000000.0,1333000000.0,2000-12-01
,,,Sint Maarten (Dutch part),,,,,,,,,,,,,,,,,30519,1.0,The Americas,511000000.0,127000000.0,2000-12-01
,,103.0,St. Kitts and Nevis,,,,416566954.0,0.043,392.0,,0.014,0.059,0.111,,,0.026,,,,45544,0.328,The Americas,58000000.0,9000000.0,2000-12-01
0.02,,330.0,St. Lucia,,,,764457723.0,0.056,272.0,,0.015,0.051,0.131,73.0,70.0,0.016,0.322,0.602,0.076,156949,0.278,The Americas,281000000.0,33000000.0,2000-12-01
0.017,,,St. Martin (French part),,,,,,,,,,,80.0,74.0,,,,,28384,,The Americas,,,2000-12-01
0.02,,158.0,St. Vincent and the Grenadines,,,,397447007.0,0.037,137.0,,0.019,0.032,0.115,73.0,68.0,0.022,0.314,0.616,0.069,107897,0.452,The Americas,82000000.0,10000000.0,2000-12-01
0.023,,2127.0,Suriname,,,,892164364.0,0.087,167.0,,0.03,0.025,0.29,71.0,65.0,0.088,0.306,0.637,0.057,466668,0.664,The Americas,42000000.0,67000000.0,2000-12-01
0.015,,24514.0,Trinidad and Tobago,,,10854.0,8154315708.0,0.04,260.0,,0.025,0.077,0.165,72.0,65.0,0.128,0.256,0.679,0.065,1267980,0.108,The Americas,371000000.0,190000000.0,2000-12-01
,,15.0,Turks and Caicos Islands,,,,,,,,,,,,,,,,,18876,0.846,The Americas,285000000.0,,2000-12-01
0.014,,5713560.0,United States,,,2273332.0,10300000000000.0,0.136,4790.0,,0.007,0.431,0.092,79.0,74.0,0.385,0.213,0.663,0.124,282162411,0.791,The Americas,121000000000.0,91473000000.0,2000-12-01
0.016,,5306.0,Uruguay,,,3092.0,22823255806.0,0.112,773.0,,0.015,0.105,0.461,78.0,71.0,0.124,0.246,0.624,0.131,3320841,0.92,The Americas,827000000.0,381000000.0,2000-12-01
0.024,,152415.0,Venezuela,,,56424.0,117000000000.0,0.057,273.0,,0.018,0.034,0.252,75.0,70.0,0.223,0.337,0.617,0.046,24407553,0.88,The Americas,469000000.0,1647000000.0,2000-12-01
0.019,,84293.0,Algeria,,,27072.0,54744716706.0,0.038,65.0,,0.033,0.006,0.095,71.0,68.0,0.003,0.33,0.63,0.04,32150198,0.607,Africa,100000000.0,194000000.0,2001-12-01
0.05,,9732.0,Angola,,,7883.0,8936079253.0,0.058,36.0,,0.127,0.001,0.96,47.0,45.0,0.005,0.477,0.499,0.025,14385283,0.332,Africa,35000000.0,80000000.0,2001-12-01
0.042,,1738.0,Benin,,,2109.0,2499269391.0,0.047,16.0,,0.088,0.004,,57.0,54.0,0.017,0.453,0.518,0.029,7174911,0.387,Africa,86000000.0,48000000.0,2001-12-01
0.027,,4334.0,Botswana,,,1868.0,5489646903.0,0.052,175.0,,0.054,0.034,0.158,51.0,48.0,0.186,0.377,0.593,0.03,1783349,0.541,Africa,235000000.0,215000000.0,2001-12-01
0.046,,997.0,Burkina Faso,,,,2812845486.0,0.049,12.0,,0.095,0.002,,52.0,50.0,0.006,0.467,0.506,0.027,11946080,0.185,Africa,25000000.0,35000000.0,2001-12-01
0.042,,216.0,Burundi,,,,876794723.0,0.068,7.0,,0.089,0.001,0.168,50.0,47.0,0.005,0.484,0.487,0.029,6839376,0.085,Africa,900000.0,12000000.0,2001-12-01
0.041,,3421.0,Cameroon,,,6384.0,9633109257.0,0.047,27.0,,0.09,0.003,0.207,53.0,51.0,0.026,0.451,0.515,0.034,16350440,0.461,Africa,182000000.0,199000000.0,2001-12-01
0.039,,246.0,Central African Republic,,,,931833294.0,0.04,10.0,,0.113,0.001,0.207,45.0,42.0,0.003,0.422,0.538,0.04,3704045,0.377,Africa,5000000.0,29000000.0,2001-12-01
0.051,,172.0,Chad,,,,1709347777.0,0.06,12.0,,0.105,0.0,0.207,48.0,46.0,0.003,0.491,0.481,0.028,8620917,0.217,Africa,23000000.0,56000000.0,2001-12-01
0.039,,88.0,Comoros,,,,220115655.0,0.028,11.0,,0.073,0.004,0.12,60.0,57.0,,0.414,0.555,0.031,541976,0.28,Africa,9000000.0,,2001-12-01
0.047,,1566.0,Congo (Kinshasa),,,17242.0,7438189100.0,0.043,6.0,,0.114,0.0,,48.0,45.0,0.003,0.464,0.507,0.028,48167045,0.356,Africa,,,2001-12-01
0.039,,862.0,Congo (Brazzaville),,,884.0,2794259756.0,0.024,21.0,,0.075,0.0,0.207,54.0,51.0,0.047,0.419,0.545,0.036,3205636,0.592,Africa,22600000.0,82000000.0,2001-12-01
0.038,,7726.0,Cote d'Ivoire,,,6483.0,10545285037.0,0.052,34.0,,0.098,0.004,,47.0,46.0,0.044,0.421,0.55,0.029,16420173,0.442,Africa,58000000.0,289000000.0,2001-12-01
0.03,,385.0,Djibouti,,,,572417441.0,0.054,41.0,,0.078,0.003,0.115,59.0,56.0,0.004,0.407,0.562,0.031,733732,0.766,Africa,8600000.0,12900000.0,2001-12-01
0.025,,125452.0,Egypt,,,45698.0,97632008051.0,0.058,76.0,,0.034,0.008,0.133,71.0,66.0,0.042,0.348,0.598,0.054,67204189,0.428,Africa,4119000000.0,1248000000.0,2001-12-01
0.039,,3095.0,Equatorial Guinea,,,,1461139008.0,0.015,50.0,,0.096,0.002,0.207,49.0,47.0,0.028,0.423,0.541,0.036,534592,0.388,Africa,14000000.0,30000000.0,2001-12-01
0.04,,631.0,Eritrea,,,742.0,752368494.0,0.039,7.0,,0.056,0.002,,59.0,54.0,,0.462,0.519,0.019,4101609,0.178,Africa,74000000.0,,2001-12-01
0.043,,4309.0,Ethiopia,,,26171.0,8080496318.0,0.047,6.0,,0.087,0.0,0.109,54.0,52.0,0.0,0.466,0.504,0.031,67956866,0.149,Africa,218000000.0,50000000.0,2001-12-01
0.034,,1782.0,Gabon,,,1579.0,4712849280.0,0.033,125.0,,0.055,0.013,0.207,61.0,58.0,0.119,0.404,0.538,0.058,1255299,0.809,Africa,46000000.0,256000000.0,2001-12-01
0.045,,282.0,"Gambia, The",,,,687410629.0,0.046,25.0,,0.062,0.013,0.24,57.0,54.0,0.043,0.459,0.515,0.027,1266691,0.488,Africa,,,2001-12-01
0.034,,6920.0,Ghana,,,8045.0,5314871684.0,0.056,15.0,,0.063,0.002,,58.0,56.0,0.013,0.412,0.557,0.031,19293392,0.446,Africa,374000000.0,165000000.0,2001-12-01
0.042,,1298.0,Guinea,,,,2833442750.0,0.059,19.0,,0.099,0.002,,51.0,51.0,0.006,0.44,0.526,0.034,8895353,0.314,Africa,8200000.0,26000000.0,2001-12-01
0.041,,150.0,Guinea-Bissau,,,,384270400.0,0.05,15.0,,0.106,0.003,,53.0,51.0,,0.434,0.535,0.031,1301748,0.375,Africa,2700000.0,5500000.0,2001-12-01
0.039,,9369.0,Kenya,,,14259.0,12985991723.0,0.046,19.0,,0.068,0.006,0.197,54.0,52.0,0.019,0.438,0.534,0.028,32126351,0.202,Africa,536000000.0,183000000.0,2001-12-01
0.031,,,Lesotho,,,,706430933.0,0.075,28.0,,0.082,0.003,0.166,46.0,45.0,0.03,0.41,0.545,0.046,1871500,0.201,Africa,16000000.0,166000000.0,2001-12-01
0.042,,502.0,Liberia,,,,515000000.0,0.064,11.0,,0.112,0.0,0.221,53.0,52.0,0.001,0.432,0.537,0.031,2998770,0.447,Africa,,,2001-12-01
0.022,,48100.0,Libya,,,16361.0,28420321952.0,0.041,261.0,,0.024,0.004,0.07,74.0,71.0,0.01,0.326,0.634,0.04,5258677,0.764,Africa,90000000.0,572000000.0,2001-12-01
0.04,,1742.0,Madagascar,,,,4529575233.0,0.05,14.0,,0.067,0.002,0.253,60.0,58.0,0.009,0.455,0.516,0.03,16235767,0.274,Africa,149000000.0,179000000.0,2001-12-01
0.045,,906.0,Malawi,,,,1716502069.0,0.051,8.0,,0.097,0.002,0.562,46.0,46.0,0.005,0.46,0.51,0.03,11623166,0.147,Africa,40000000.0,52000000.0,2001-12-01
0.048,,546.0,Mali,,,,2629739067.0,0.064,18.0,,0.113,0.002,,49.0,50.0,0.002,0.461,0.505,0.034,10562768,0.291,Africa,91000000.0,65000000.0,2001-12-01
0.038,,1349.0,Mauritania,,,,1295536829.0,0.048,19.0,,0.076,0.003,0.225,61.0,58.0,0.04,0.426,0.543,0.032,2791403,0.5,Africa,,,2001-12-01
0.016,,2967.0,Mauritius,,,,4536544699.0,0.038,147.0,,0.015,0.088,0.211,75.0,68.0,0.228,0.255,0.683,0.063,1199881,0.425,Africa,820000000.0,216000000.0,2001-12-01
0.021,,37715.0,Morocco,,,10894.0,37724674865.0,0.044,58.0,,0.041,0.014,0.133,70.0,67.0,0.164,0.333,0.619,0.048,29021156,0.537,Africa,2966000000.0,589000000.0,2001-12-01
0.045,,1580.0,Mozambique,,,7547.0,4075049537.0,0.056,12.0,,0.109,0.002,0.227,49.0,46.0,0.008,0.44,0.529,0.032,18785719,0.293,Africa,64000000.0,132000000.0,2001-12-01
0.031,,2017.0,Namibia,,,1127.0,3546791603.0,0.062,113.0,,0.049,0.024,0.145,56.0,52.0,0.055,0.403,0.564,0.033,1931282,0.329,Africa,264000000.0,71000000.0,2001-12-01
0.053,,759.0,Niger,,,,1945327546.0,0.074,12.0,,0.098,0.001,,51.0,51.0,0.0,0.481,0.494,0.025,11396434,0.163,Africa,30000000.0,33000000.0,2001-12-01
0.043,,83351.0,Nigeria,,,94633.0,44138014092.0,0.048,18.0,,0.11,0.001,0.234,47.0,46.0,0.002,0.435,0.538,0.028,126004992,0.357,Africa,168000000.0,858000000.0,2001-12-01
0.04,,689.0,Rwanda,,,,1674685126.0,0.044,8.0,,0.101,0.002,0.173,50.0,48.0,0.007,0.464,0.507,0.029,8760003,0.158,Africa,29000000.0,33000000.0,2001-12-01
0.037,,51.0,Sao Tome and Principe,,,,76553443.0,0.103,52.0,,0.056,0.063,0.37,65.0,62.0,,0.434,0.526,0.04,141783,0.544,Africa,6200000.0,2000000.0,2001-12-01
0.04,,4331.0,Senegal,,,2592.0,4877602012.0,0.05,24.0,,0.067,0.01,,60.0,57.0,0.03,0.449,0.519,0.032,10119118,0.405,Africa,175000000.0,112000000.0,2001-12-01
0.018,,642.0,Seychelles,,,,618433501.0,0.047,356.0,,0.012,0.11,0.106,,,0.452,0.275,0.645,0.08,81202,0.503,Africa,221000000.0,41000000.0,2001-12-01
0.044,,568.0,Sierra Leone,,,,1079478388.0,0.16,40.0,,0.139,0.002,0.243,40.0,38.0,0.006,0.429,0.547,0.024,4295667,0.359,Africa,14000000.0,42000000.0,2001-12-01
0.048,,502.0,Somalia,,,,,,,,0.105,0.001,,53.0,50.0,0.011,0.473,0.497,0.029,7609265,0.336,Africa,,,2001-12-01
0.024,,362743.0,South Africa,,,112399.0,118000000000.0,0.086,223.0,,0.053,0.063,0.138,57.0,53.0,0.237,0.325,0.64,0.036,44909738,0.574,Africa,3256000000.0,2366000000.0,2001-12-01
0.042,,,South Sudan,,,,,,,,0.105,,,51.0,48.0,,0.446,0.523,0.031,6924455,0.166,Africa,,,2001-12-01
0.039,,6370.0,Sudan,,,13988.0,13182872555.0,0.035,16.0,,0.067,0.001,,60.0,57.0,0.003,0.436,0.534,0.03,28434810,0.325,Africa,3000000.0,74000000.0,2001-12-01
0.032,,1144.0,Eswatini,,,,1349326983.0,0.052,65.0,,0.081,0.013,0.133,48.0,47.0,0.051,0.44,0.53,0.03,1074761,0.226,Africa,23000000.0,31000000.0,2001-12-01
0.042,,3128.0,Tanzania,,,14203.0,10383560998.0,0.035,11.0,,0.076,0.002,0.201,51.0,50.0,0.008,0.447,0.524,0.029,34895398,0.227,Africa,626000000.0,363000000.0,2001-12-01
0.039,,1162.0,Togo,,,2106.0,1332328986.0,0.052,14.0,,0.075,0.009,,54.0,53.0,0.019,0.439,0.532,0.028,4992225,0.334,Africa,14000000.0,20000000.0,2001-12-01
0.017,,20818.0,Tunisia,,,7711.0,22066101341.0,0.053,122.0,,0.024,0.043,,75.0,71.0,0.04,0.289,0.649,0.062,9673600,0.638,Africa,2061000000.0,322000000.0,2001-12-01
0.048,,1621.0,Uganda,,,,5840503703.0,0.072,17.0,,0.085,0.002,0.227,49.0,49.0,0.011,0.493,0.48,0.027,25088033,0.122,Africa,187000000.0,,2001-12-01
0.045,,1907.0,Zambia,,,6430.0,3653822712.0,0.06,21.0,,0.095,0.002,0.462,43.0,42.0,0.012,0.459,0.514,0.027,10362137,0.35,Africa,80000000.0,102000000.0,2001-12-01
0.032,,12563.0,Zimbabwe,,,9690.0,6777384733.0,,,,0.06,0.008,0.38,43.0,43.0,0.025,0.419,0.547,0.034,12586763,0.342,Africa,81000000.0,,2001-12-01
0.049,,645.0,Afghanistan,,,,2461666315.0,,,,0.093,0.0,,56.0,54.0,,0.495,0.484,0.02,21347782,0.216,Asia,,,2001-12-01
0.013,,3542.0,Armenia,,,2006.0,2118467913.0,0.059,41.0,,0.025,0.016,0.267,75.0,68.0,0.008,0.25,0.646,0.104,3059960,0.644,Asia,81000000.0,59000000.0,2001-12-01
0.014,,28771.0,Azerbaijan,,,11445.0,5707618247.0,0.045,31.0,,0.057,0.003,0.197,70.0,64.0,0.089,0.301,0.641,0.058,8111200,0.516,Asia,57000000.0,119000000.0,2001-12-01
0.026,,32457.0,Bangladesh,,,20223.0,46987842847.0,0.03,10.0,,0.062,0.001,0.158,66.0,66.0,0.004,0.364,0.595,0.041,134729503,0.241,Asia,48000000.0,341000000.0,2001-12-01
0.027,,389.0,Bhutan,,,,476360697.0,0.062,51.0,,0.056,0.009,0.158,61.0,61.0,,0.393,0.568,0.039,580888,0.265,Asia,9000000.0,,2001-12-01
0.022,,6197.0,Brunei,,,2208.0,5601090584.0,0.032,525.0,,0.008,0.129,0.055,78.0,74.0,0.422,0.301,0.671,0.028,339114,0.717,Asia,155000000.0,456000000.0,2001-12-01
0.027,,2252.0,Cambodia,,,3430.0,3979813388.0,0.062,20.0,,0.076,0.001,,66.0,60.0,0.018,0.397,0.564,0.039,12472586,0.187,Asia,429000000.0,59000000.0,2001-12-01
0.013,,3487566.0,China,,,1186797.0,1320000000000.0,0.046,47.0,,0.028,0.026,0.059,74.0,71.0,0.112,0.246,0.683,0.07,1271850000,0.371,Asia,19006000000.0,14992000000.0,2001-12-01
0.012,,3770.0,Georgia,,,2570.0,3219487823.0,0.078,54.0,,0.029,0.01,0.223,76.0,68.0,0.064,0.212,0.659,0.129,4386400,0.524,Asia,136000000.0,136000000.0,2001-12-01
0.007,,37972.0,"Hong Kong SAR, China",,,14145.0,169000000000.0,,,,,0.387,0.051,85.0,78.0,0.838,0.167,0.72,0.112,6714300,1.0,Asia,7923000000.0,12317000000.0,2001-12-01
0.025,,1203843.0,India,,,464501.0,493999999999.99994,0.045,21.0,,0.064,0.007,0.121,64.0,61.0,0.006,0.338,0.617,0.044,1059500888,0.279,Asia,3342000000.0,4367000000.0,2001-12-01
0.021,,294907.0,Indonesia,,,158963.0,160000000000.0,0.022,17.0,,0.039,0.02,0.185,70.0,66.0,0.031,0.304,0.649,0.047,211970371,0.428,Asia,5277000000.0,3406000000.0,2001-12-01
0.009,,1202266.0,Japan,,,510791.0,4160000000000.0,0.078,2554.0,,0.003,0.385,0.02,85.0,78.0,0.594,0.144,0.679,0.177,127149000,0.8,Asia,5750000000.0,35526000000.0,2001-12-01
0.015,,147908.0,Kazakhstan,,,34493.0,22152689130.0,0.035,53.0,,0.036,0.01,,71.0,61.0,0.04,0.271,0.661,0.069,14858335,0.555,Asia,502000000.0,761000000.0,2001-12-01
0.017,,79475.0,North Korea,,,20369.0,,,,,0.039,,,70.0,62.0,,0.258,0.68,0.062,23043449,0.595,Asia,,,2001-12-01
0.012,,450194.0,South Korea,,,191046.0,533000000000.0,0.05,528.0,,0.006,0.566,0.077,80.0,73.0,0.629,0.206,0.717,0.077,47357362,0.799,Asia,7919000000.0,8349000000.0,2001-12-01
0.02,,3781.0,Kyrgyzstan,,,2151.0,1525113501.0,0.048,15.0,,0.04,0.03,0.373,73.0,65.0,0.005,0.342,0.602,0.055,4945100,0.353,Asia,32000000.0,21000000.0,2001-12-01
0.03,,902.0,Laos,,,,1768619058.0,0.041,13.0,,0.08,0.002,0.262,64.0,61.0,0.005,0.43,0.533,0.036,5470169,0.23,Asia,108000000.0,4000000.0,2001-12-01
0.008,,1687.0,"Macao SAR, China",,,,6514271488.0,,,,,0.225,0.08,80.0,76.0,0.444,0.219,0.708,0.074,438080,1.0,Asia,3745000000.0,,2001-12-01
0.022,,136717.0,Malaysia,,,49255.0,92783947368.0,0.033,130.0,,0.008,0.267,0.071,75.0,71.0,0.309,0.327,0.634,0.039,23925742,0.629,Asia,7627000000.0,3391000000.0,2001-12-01
0.023,,576.0,Maldives,,,,802442810.0,0.053,153.0,,0.032,0.036,0.13,72.0,70.0,0.068,0.399,0.561,0.039,277825,0.289,Asia,327000000.0,59000000.0,2001-12-01
0.019,,7884.0,Mongolia,,,2415.0,1267997923.0,0.046,24.0,,0.047,0.017,0.374,67.0,60.0,0.081,0.336,0.627,0.037,2419669,0.582,Asia,49000000.0,59000000.0,2001-12-01
0.02,,8724.0,Myanmar,,,12547.0,,0.021,2.0,,0.057,0.0,0.15,64.0,60.0,0.0,0.301,0.651,0.048,48894203,0.273,Asia,132000000.0,32000000.0,2001-12-01
0.032,,3454.0,Nepal,,,8375.0,6007061224.0,0.053,13.0,,0.057,0.002,0.077,64.0,62.0,0.001,0.403,0.559,0.039,23655119,0.14,Asia,191000000.0,128000000.0,2001-12-01
0.03,,108283.0,Pakistan,,,65091.0,72309738921.0,0.028,13.0,,0.086,0.013,,65.0,63.0,0.005,0.409,0.552,0.04,146857081,0.334,Asia,533000000.0,555000000.0,2001-12-01
0.029,,71052.0,Philippines,,,38202.0,76261998623.0,0.03,29.0,,0.03,0.025,0.124,70.0,64.0,0.153,0.382,0.585,0.033,79297756,0.477,Asia,2011000000.0,1918000000.0,2001-12-01
0.012,,49541.0,Singapore,,,21229.0,89285087395.0,0.024,526.0,,0.003,0.417,0.056,80.0,76.0,0.744,0.211,0.714,0.075,4138000,1.0,Asia,4641000000.0,6600000000.0,2001-12-01
0.018,,10246.0,Sri Lanka,,,8050.0,15746224410.0,0.037,31.0,,0.013,0.008,0.194,76.0,68.0,0.035,0.265,0.672,0.064,18797000,0.184,Asia,347000000.0,402000000.0,2001-12-01
0.03,,2292.0,Tajikistan,,,2122.0,1080774006.0,0.046,8.0,,0.07,0.001,0.211,68.0,60.0,0.0,0.421,0.543,0.036,6289340,0.265,Asia,,,2001-12-01
0.014,,202132.0,Thailand,,,74385.0,115999999999.99998,0.033,61.0,,0.018,0.056,0.073,75.0,67.0,0.12,0.238,0.694,0.068,63069070,0.326,Asia,9378000000.0,3334000000.0,2001-12-01
0.041,,,Timor-Leste,,,,429700000.0,0.062,20.0,,0.08,,,62.0,59.0,,0.5,0.475,0.024,871353,0.246,Asia,,,2001-12-01
0.023,,39270.0,Turkmenistan,,,15153.0,3534771969.0,0.038,58.0,,0.065,0.002,,68.0,60.0,0.002,0.356,0.6,0.044,4551762,0.461,Asia,,,2001-12-01
0.021,,122038.0,Uzbekistan,,,51070.0,11401351420.0,0.053,24.0,,0.052,0.006,,70.0,64.0,0.005,0.365,0.591,0.044,24964450,0.373,Asia,72000000.0,,2001-12-01
0.017,,61140.0,Vietnam,,,30646.0,35291349277.0,0.056,22.0,,0.026,0.013,0.094,79.0,69.0,0.015,0.307,0.628,0.065,78621000,0.249,Asia,,,2001-12-01
0.018,,3223.0,Albania,,,1783.0,4091020249.0,0.06,75.0,,0.022,0.003,0.197,78.0,72.0,0.119,0.297,0.632,0.071,3064111,0.424,Europe,451000000.0,269000000.0,2001-12-01
0.012,,524.0,Andorra,,,,1264760246.0,0.056,1294.0,,0.004,,,,,0.433,,,,68000,0.921,Europe,,,2001-12-01
0.009,,65716.0,Austria,,,30177.0,192000000000.0,0.101,2406.0,,0.005,0.392,,82.0,76.0,0.813,0.168,0.676,0.156,8042293,0.658,Europe,11511000000.0,7408000000.0,2001-12-01
0.009,,52596.0,Belarus,,,24785.0,12354820144.0,0.066,83.0,,0.01,0.043,0.47,75.0,63.0,0.014,0.179,0.684,0.137,9928000,0.705,Europe,272000000.0,486000000.0,2001-12-01
0.011,,114766.0,Belgium,,,58391.0,231999999999.99997,0.083,1878.0,,0.005,0.313,0.085,81.0,75.0,0.747,0.175,0.655,0.17,10286570,0.972,Europe,8304000000.0,10878000000.0,2001-12-01
0.01,,20700.0,Bosnia and Herzegovina,,,4201.0,5748990555.0,0.072,108.0,,0.008,0.012,,77.0,73.0,0.115,0.199,0.689,0.112,3879353,0.393,Europe,279000000.0,96000000.0,2001-12-01
0.009,,46454.0,Bulgaria,,,19416.0,13868600710.0,0.074,129.0,,0.017,0.076,0.111,75.0,69.0,0.195,0.152,0.68,0.168,8020282,0.692,Europe,1262000000.0,836000000.0,2001-12-01
0.009,,20715.0,Croatia,,,7948.0,23052044813.0,0.072,376.0,,0.007,0.116,0.095,78.0,71.0,0.395,0.169,0.672,0.159,4440000,0.557,Europe,3463000000.0,677000000.0,2001-12-01
0.013,,6846.0,Cyprus,,,2114.0,9679304971.0,0.058,776.0,,0.005,0.188,0.075,80.0,76.0,0.327,0.219,0.678,0.103,961481,0.688,Europe,2203000000.0,568000000.0,2001-12-01
0.009,,124407.0,Czechia,,,42078.0,64375288107.0,0.064,403.0,,0.005,0.147,0.072,78.0,72.0,0.679,0.161,0.7,0.139,10216605,0.739,Europe,3104000000.0,1386000000.0,2001-12-01
0.012,,49035.0,Denmark,,,19203.0,160000000000.0,0.091,2730.0,,0.005,0.43,0.082,79.0,75.0,0.74,0.186,0.665,0.148,5358783,0.852,Europe,4003000000.0,4861000000.0,2001-12-01
0.009,,15596.0,Estonia,,,4919.0,6240147810.0,0.049,218.0,,0.008,0.315,0.078,76.0,65.0,0.48,0.174,0.671,0.155,1388115,0.692,Europe,661000000.0,253000000.0,2001-12-01
,,792.0,Faroe Islands,,,,1154899793.0,,,,,0.432,,82.0,77.0,0.52,,,,47135,0.372,Europe,,,2001-12-01
0.011,,56424.0,Finland,,,33150.0,125000000000.0,0.074,1786.0,,0.003,0.431,0.058,82.0,75.0,0.805,0.18,0.669,0.151,5188008,0.824,Europe,2065000000.0,2442000000.0,2001-12-01
0.013,,385827.0,France,,,260565.0,1340000000000.0,0.102,2241.0,,0.004,0.263,0.07,83.0,76.0,0.621,0.188,0.651,0.161,61355725,0.761,Europe,38385000000.0,26749000000.0,2001-12-01
0.009,,853663.0,Germany,,,346679.0,1880000000000.0,0.105,2402.0,,0.004,0.317,0.1,81.0,76.0,0.671,0.154,0.679,0.168,82349925,0.731,Europe,24175000000.0,56529000000.0,2001-12-01
0.009,,93806.0,Greece,,,28004.0,130000000000.0,0.088,1055.0,,0.006,0.109,0.086,81.0,76.0,0.723,0.15,0.678,0.172,10951764,0.729,Europe,9216000000.0,4189000000.0,2001-12-01
0.01,,57022.0,Hungary,,,25591.0,52720966883.0,0.072,374.0,,0.009,0.145,0.121,77.0,68.0,0.487,0.166,0.682,0.153,10187576,0.647,Europe,4191000000.0,1887000000.0,2001-12-01
0.014,,2101.0,Iceland,,,3238.0,7922983043.0,0.093,2612.0,,0.003,0.494,0.18,83.0,78.0,0.874,0.23,0.653,0.116,284968,0.925,Europe,383000000.0,372000000.0,2001-12-01
0.015,,44151.0,Ireland,,,14432.0,105000000000.0,0.067,1848.0,,0.006,0.231,0.048,80.0,75.0,0.768,0.214,0.674,0.112,3866243,0.594,Europe,3789000000.0,2956000000.0,2001-12-01
,,,Isle of Man,,,,1614595291.0,,,,,,,,,,,,,77616,0.518,Europe,,,2001-12-01
0.009,,450348.0,Italy,,,172142.0,1120000000000.0,0.081,1590.0,,0.004,0.272,0.073,83.0,77.0,0.896,0.143,0.672,0.186,56974100,0.673,Europe,26916000000.0,16997000000.0,2001-12-01
0.022,,,Kosovo,,,1902.0,2535333632.0,,,,,,,70.0,66.0,,,,,1701154,,Europe,,,2001-12-01
0.008,,6854.0,Latvia,,,4111.0,8313047744.0,0.062,215.0,,0.014,0.072,0.112,77.0,65.0,0.28,0.172,0.674,0.154,2337170,0.68,Europe,153000000.0,255000000.0,2001-12-01
0.012,,,Liechtenstein,,,,2491800559.0,,,,,0.451,,82.0,76.0,0.329,,,,33475,0.15,Europe,,,2001-12-01
0.009,,12919.0,Lithuania,,,8277.0,12159225000.0,0.063,220.0,,0.009,0.072,0.096,78.0,66.0,0.294,0.193,0.665,0.142,3470818,0.669,Europe,425000000.0,227000000.0,2001-12-01
0.012,,8801.0,Luxembourg,,,3509.0,20196868009.0,0.074,3405.0,,0.004,0.362,,81.0,75.0,0.929,0.19,0.669,0.142,441525,0.848,Europe,1780000000.0,1464000000.0,2001-12-01
0.012,,11998.0,North Macedonia,,,2577.0,3436961385.0,0.085,141.0,,0.014,0.035,0.194,76.0,71.0,0.108,0.219,0.679,0.103,2065098,0.583,Europe,49000000.0,60000000.0,2001-12-01
0.01,,2486.0,Malta,,,787.0,3917620728.0,0.07,675.0,,0.007,0.179,0.069,81.0,77.0,0.585,0.2,0.688,0.111,393028,0.926,Europe,704000000.0,204000000.0,2001-12-01
0.012,,3715.0,Moldova,,,3052.0,1480656884.0,0.071,29.0,,0.024,0.015,0.287,71.0,63.0,0.056,0.228,0.669,0.102,3631462,0.457,Europe,58000000.0,90000000.0,2001-12-01
,,,Monaco,,,,2671401083.0,0.033,2718.0,,0.004,0.466,,,,0.442,,,,32366,1.0,Europe,,,2001-12-01
0.013,,,Montenegro,,,,1159891560.0,0.085,160.0,,0.012,,,77.0,71.0,,0.21,0.673,0.117,611525,0.596,Europe,,,2001-12-01
0.013,,167274.0,Netherlands,,,75614.0,401000000000.0,0.083,2079.0,,0.005,0.494,0.05,81.0,76.0,0.765,0.186,0.678,0.136,16046180,0.778,Europe,11147000000.0,13061000000.0,2001-12-01
0.013,,41092.0,Norway,,,26823.0,171000000000.0,0.098,3705.0,,0.004,0.64,0.087,82.0,76.0,0.796,0.2,0.65,0.15,4513751,0.766,Europe,2380000000.0,4718000000.0,2001-12-01
0.01,,302806.0,Poland,,,89733.0,190000000000.0,0.059,292.0,,0.008,0.099,0.184,78.0,70.0,0.261,0.187,0.688,0.125,38248076,0.618,Europe,5121000000.0,3595000000.0,2001-12-01
0.011,,62863.0,Portugal,,,24815.0,120000000000.0,0.093,1087.0,,0.005,0.181,,80.0,73.0,0.771,0.16,0.676,0.164,10362722,0.55,Europe,6236000000.0,2606000000.0,2001-12-01
0.01,,95672.0,Romania,,,36819.0,40585886769.0,0.044,79.0,,0.022,0.045,0.454,75.0,68.0,0.172,0.181,0.683,0.137,22131970,0.529,Europe,419000000.0,475000000.0,2001-12-01
0.009,,1558013.0,Russia,,,626014.0,307000000000.0,0.057,119.0,,0.019,0.029,0.179,72.0,59.0,0.053,0.175,0.698,0.127,145976473,0.733,Europe,4726000000.0,9760000000.0,2001-12-01
,,,San Marino,,,,815205233.0,0.052,2183.0,,0.005,0.503,0.088,84.0,78.0,0.577,,,,27467,0.938,Europe,,,2001-12-01
0.011,,,Serbia,,,14965.0,11390468619.0,0.076,84.0,,0.011,,0.345,75.0,70.0,,0.197,0.67,0.132,7503433,0.535,Europe,,,2001-12-01
0.01,,39358.0,Slovakia,,,18593.0,30318731991.0,0.055,216.0,,0.01,0.125,0.112,78.0,70.0,0.399,0.191,0.695,0.114,5378867,0.562,Europe,649000000.0,340000000.0,2001-12-01
0.009,,15163.0,Slovenia,,,6732.0,20498926981.0,0.086,883.0,,0.004,0.302,0.151,80.0,72.0,0.739,0.155,0.701,0.144,1992060,0.508,Europe,1059000000.0,560000000.0,2001-12-01
0.01,,297830.0,Spain,,,125038.0,609000000000.0,0.072,1089.0,,0.005,0.181,0.052,83.0,76.0,0.728,0.146,0.685,0.169,40756001,0.763,Europe,33829000000.0,8466000000.0,2001-12-01
0.01,,51129.0,Sweden,,,50532.0,227000000000.0,0.089,2268.0,,0.003,0.518,0.056,82.0,78.0,0.808,0.183,0.645,0.172,8895960,0.841,Europe,5200000000.0,7916000000.0,2001-12-01
0.01,,42963.0,Switzerland,,,26557.0,263000000000.0,0.103,3748.0,,0.005,0.551,0.043,83.0,77.0,0.733,0.173,0.673,0.154,7229854,0.733,Europe,9290000000.0,7085000000.0,2001-12-01
0.021,,194538.0,Türkiye,,,70402.0,196000000000.0,0.052,148.0,,0.032,0.052,,74.0,67.0,0.305,0.302,0.637,0.061,64100297,0.653,Europe,10067000000.0,1738000000.0,2001-12-01
0.008,,321651.0,Ukraine,,,134096.0,38009344577.0,0.057,44.0,,0.015,0.012,0.323,74.0,63.0,0.046,0.168,0.691,0.141,48683865,0.672,Europe,759000000.0,676000000.0,2001-12-01
0.011,,550552.0,United Kingdom,,,223770.0,1490000000000.0,0.073,1819.0,,0.006,0.335,0.051,80.0,76.0,0.782,0.188,0.654,0.158,59119673,0.788,Europe,26137000000.0,46410000000.0,2001-12-01
0.021,,13927.0,Bahrain,,,6069.0,8976446420.0,0.038,488.0,,0.011,0.15,0.107,76.0,74.0,0.429,0.305,0.67,0.024,698749,0.884,Middle East,886000000.0,423000000.0,2001-12-01
0.018,,398827.0,Iran,,,133435.0,114999999999.99998,0.051,294.0,,0.027,0.015,,71.0,69.0,0.031,0.328,0.629,0.043,66857624,0.648,Middle East,1122000000.0,714000000.0,2001-12-01
0.036,,85342.0,Iraq,,,26935.0,,0.011,8.0,,0.035,0.001,,73.0,69.0,,0.426,0.539,0.035,24516842,0.686,Middle East,15000000.0,31000000.0,2001-12-01
0.021,,65749.0,Israel,,,19143.0,123000000000.0,0.079,1499.0,,0.005,0.174,0.1,81.0,78.0,0.897,0.28,0.619,0.1,6439000,0.913,Middle East,2854000000.0,3887000000.0,2001-12-01
0.031,,16003.0,Jordan,,,4818.0,8972965061.0,0.099,184.0,,0.023,0.047,0.109,73.0,71.0,0.179,0.392,0.577,0.031,4917000,0.801,Middle East,884000000.0,420000000.0,2001-12-01
0.023,,55122.0,Kuwait,,,20067.0,34890773740.0,0.036,634.0,,0.011,0.086,0.079,74.0,73.0,0.443,0.257,0.711,0.033,1980604,0.981,Middle East,286000000.0,3207000000.0,2001-12-01
0.018,,16208.0,Lebanon,,,5258.0,17649751244.0,0.109,571.0,,0.016,0.068,0.172,77.0,73.0,0.228,0.285,0.644,0.072,3357600,0.861,Middle East,837000000.0,,2001-12-01
0.023,,20286.0,Oman,,,8420.0,19949284975.0,0.031,263.0,,0.013,0.059,0.092,75.0,71.0,0.144,0.369,0.607,0.024,2239025,0.715,Middle East,538000000.0,703000000.0,2001-12-01
0.019,,30363.0,Qatar,,,12452.0,17538461033.0,0.026,732.0,,0.01,0.062,,78.0,76.0,0.291,0.263,0.72,0.017,611808,0.965,Middle East,272000000.0,366000000.0,2001-12-01
0.026,,297214.0,Saudi Arabia,,,106657.0,183000000000.0,0.045,397.0,,0.019,0.047,,75.0,71.0,0.121,0.376,0.589,0.035,20891594,0.801,Middle East,,,2001-12-01
0.03,,48786.0,Syria,,,15638.0,21099833784.0,0.049,58.0,,0.019,0.004,0.09,75.0,72.0,0.012,0.404,0.563,0.034,16700984,0.523,Middle East,1150000000.0,670000000.0,2001-12-01
0.016,,101415.0,United Arab Emirates,,,37365.0,103000000000.0,0.025,815.0,,0.009,0.263,0.081,76.0,74.0,0.61,0.249,0.741,0.01,3132104,0.807,Middle East,1200000000.0,3321000000.0,2001-12-01
0.039,,16252.0,Yemen,,,5265.0,9854042165.0,0.043,27.0,,0.067,0.001,0.175,62.0,59.0,0.008,0.481,0.491,0.028,18029989,0.268,Middle East,38000000.0,136000000.0,2001-12-01
,,,American Samoa,,,,,,,,,,,,,0.037,,,,58176,0.885,Oceania,,,2001-12-01
0.013,,324860.0,Australia,,,105751.0,379000000000.0,0.082,1632.0,,0.005,0.527,0.087,82.0,77.0,0.571,0.206,0.669,0.125,19413000,0.874,Oceania,12804000000.0,8053000000.0,2001-12-01
0.024,,1115.0,Fiji Islands,,,,1660102346.0,0.033,67.0,,0.02,0.019,0.083,70.0,65.0,0.099,0.343,0.621,0.036,814700,0.483,Oceania,316000000.0,84000000.0,2001-12-01
0.02,,737.0,French Polynesia,,,,,,,,,0.063,,76.0,70.0,0.279,0.31,0.645,0.044,241276,0.56,Oceania,,,2001-12-01
0.021,,,Guam,,,,,,,,,0.254,,78.0,73.0,0.208,0.303,0.641,0.055,156417,0.932,Oceania,,,2001-12-01
0.028,,26.0,Kiribati,,,,63101272.0,0.088,67.0,,0.053,0.023,,68.0,62.0,0.005,0.394,0.572,0.034,84261,0.435,Oceania,3200000.0,,2001-12-01
,,81.0,Marshall Islands,,,,115152143.0,0.194,412.0,,0.033,0.017,,,,0.009,,,,52184,0.687,Oceania,3100000.0,300000.0,2001-12-01
0.029,,176.0,"Micronesia, Fed. Sts.",,,,240051900.0,0.085,190.0,,0.041,0.047,0.153,68.0,67.0,,0.399,0.563,0.038,107170,0.223,Oceania,15000000.0,5000000.0,2001-12-01
0.02,,1907.0,New Caledonia,,,,,,,,,0.182,,78.0,72.0,0.317,0.284,0.655,0.061,217324,0.622,Oceania,94000000.0,,2001-12-01
0.014,,34510.0,New Zealand,,,17120.0,53305639461.0,0.077,1052.0,,0.006,0.532,0.076,81.0,76.0,0.586,0.225,0.657,0.118,3880500,0.858,Oceania,2340000000.0,1255000000.0,2001-12-01
0.035,,3231.0,Papua New Guinea,,,,3081029666.0,0.045,25.0,,0.058,0.009,0.162,61.0,57.0,0.002,0.402,0.573,0.025,5518971,0.132,Oceania,5200000.0,38000000.0,2001-12-01
0.03,,143.0,Samoa,,,,243324190.0,0.058,79.0,,0.018,0.017,,73.0,67.0,0.014,0.406,0.549,0.045,175567,0.221,Oceania,39000000.0,,2001-12-01
0.035,,172.0,Solomon Islands,,,,400464593.0,0.064,61.0,,0.029,0.005,0.146,65.0,62.0,0.002,0.418,0.554,0.029,423529,0.162,Oceania,8800000.0,10500000.0,2001-12-01
0.028,,143.0,Tonga,,,,167042880.0,0.057,96.0,,0.015,0.028,0.113,73.0,69.0,0.002,0.382,0.56,0.058,98504,0.23,Oceania,6800000.0,3200000.0,2001-12-01
0.032,,88.0,Vanuatu,,,,257926882.0,0.037,50.0,,0.019,0.028,0.088,70.0,66.0,0.002,0.411,0.556,0.033,189285,0.22,Oceania,58000000.0,8000000.0,2001-12-01
0.02,,345.0,Antigua and Barbuda,,,,778311557.0,0.044,429.0,,0.013,0.089,0.116,76.0,71.0,0.317,0.291,0.639,0.07,78972,0.317,The Americas,272000000.0,32000000.0,2001-12-01
0.018,,132632.0,Argentina,,,57835.0,325000000000.0,0.094,676.0,,0.018,0.098,0.277,78.0,70.0,0.181,0.276,0.624,0.1,37273361,0.893,The Americas,2756000000.0,4888000000.0,2001-12-01
0.014,,2237.0,Aruba,,,,1920262570.0,,,,,0.171,0.121,76.0,71.0,0.571,0.229,0.694,0.078,92894,0.463,The Americas,825000000.0,156000000.0,2001-12-01
0.017,,1569.0,"Bahamas, The",,,,6516651000.0,0.051,1107.0,,0.013,0.118,0.06,76.0,70.0,0.2,0.286,0.659,0.055,303005,0.821,The Americas,1665000000.0,342000000.0,2001-12-01
0.013,,1221.0,Barbados,,,,3112350000.0,0.067,635.0,,0.015,0.119,0.096,76.0,71.0,0.198,0.217,0.669,0.115,268296,0.337,The Americas,706000000.0,149000000.0,2001-12-01
0.029,,711.0,Belize,,,,871840755.0,0.045,160.0,,0.021,,0.155,74.0,67.0,0.16,0.397,0.56,0.042,245198,0.474,The Americas,111000000.0,45000000.0,2001-12-01
0.013,,495.0,Bermuda,,,,3680483000.0,,,,,0.475,,81.0,75.0,0.211,,,,62504,1.0,The Americas,351000000.0,,2001-12-01
0.031,,9824.0,Bolivia,,,2903.0,8141513292.0,0.063,59.0,,0.054,0.021,0.201,65.0,61.0,0.09,0.396,0.562,0.042,8669066,0.623,The Americas,119000000.0,114000000.0,2001-12-01
0.02,,337434.0,Brazil,,,190712.0,554000000000.0,0.073,228.0,,0.027,0.045,0.576,74.0,67.0,0.162,0.291,0.653,0.056,176968205,0.816,The Americas,1844000000.0,3765000000.0,2001-12-01
0.011,,525690.0,Canada,,,247878.0,733000000000.0,0.093,2152.0,,0.005,0.602,0.058,82.0,77.0,0.344,0.189,0.685,0.127,31081900,0.798,The Americas,12680000000.0,14634000000.0,2001-12-01
,,455.0,Cayman Islands,,,,,,,,,,,,,0.392,,,,43317,1.0,The Americas,585000000.0,,2001-12-01
0.016,,52757.0,Chile,,,24697.0,72336972322.0,0.077,348.0,,0.009,0.191,0.119,80.0,74.0,0.326,0.273,0.654,0.074,15639289,0.864,The Americas,1184000000.0,939000000.0,2001-12-01
0.023,,56274.0,Colombia,,,25708.0,98203544965.0,0.06,144.0,,0.021,0.029,0.207,75.0,68.0,0.081,0.324,0.628,0.048,40558648,0.724,The Americas,1483000000.0,1556000000.0,2001-12-01
0.02,,5761.0,Costa Rica,,,2889.0,16403602943.0,0.071,291.0,,0.011,0.096,0.238,80.0,76.0,0.081,0.308,0.637,0.055,4013488,0.604,The Americas,1339000000.0,434000000.0,2001-12-01
0.013,,25453.0,Cuba,,,12588.0,31683300000.0,0.063,178.0,,0.006,0.011,,79.0,75.0,0.001,0.213,0.687,0.101,11175465,0.756,The Americas,1840000000.0,,2001-12-01
,,,Curacao,,,,,,,,,,,,,,0.242,0.651,0.107,128905,0.91,The Americas,271000000.0,,2001-12-01
,,114.0,Dominica,,,,330949850.0,0.05,236.0,,0.013,0.132,0.111,,,0.111,,,,69660,0.654,The Americas,46000000.0,9000000.0,2001-12-01
0.025,,20235.0,Dominican Republic,,,7291.0,24894907435.0,0.062,173.0,,0.032,0.044,0.243,74.0,68.0,0.144,0.345,0.602,0.053,8799298,0.626,The Americas,2798000000.0,425000000.0,2001-12-01
0.025,,23447.0,Ecuador,,,8442.0,24468324000.0,0.04,77.0,,0.027,0.027,0.162,77.0,71.0,0.067,0.342,0.606,0.052,12780869,0.608,The Americas,438000000.0,465000000.0,2001-12-01
0.024,,5948.0,El Salvador,,,4151.0,13812700000.0,0.08,184.0,,0.025,0.015,,75.0,65.0,0.143,0.379,0.564,0.057,5985299,0.595,The Americas,452000000.0,247000000.0,2001-12-01
0.017,,539.0,Greenland,,,,1086170639.0,,,,,0.355,,70.0,65.0,0.282,,,,56350,0.818,The Americas,,,2001-12-01
0.019,,194.0,Grenada,,,,523279846.0,0.076,392.0,,0.013,0.051,0.102,73.0,68.0,0.063,0.341,0.582,0.077,101849,0.361,The Americas,83000000.0,8000000.0,2001-12-01
0.036,,10627.0,Guatemala,,,7188.0,18702820735.0,0.064,105.0,,0.039,0.017,0.19,72.0,65.0,0.1,0.439,0.52,0.041,11478984,0.455,The Americas,588000000.0,266000000.0,2001-12-01
0.022,,1595.0,Guyana,,,,696281469.0,0.058,54.0,,0.038,0.132,0.17,67.0,60.0,0.101,0.356,0.601,0.044,747657,0.286,The Americas,65000000.0,62000000.0,2001-12-01
0.031,,1569.0,Haiti,,,2054.0,3507981946.0,0.056,23.0,,0.073,0.003,0.34,59.0,56.0,0.01,0.398,0.561,0.04,8720247,0.373,The Americas,105000000.0,168000000.0,2001-12-01
0.031,,5713.0,Honduras,,,3224.0,7566517572.0,0.069,83.0,,0.03,0.014,0.238,73.0,68.0,0.037,0.419,0.541,0.04,6365040,0.46,The Americas,260000000.0,205000000.0,2001-12-01
0.019,,10627.0,Jamaica,,,3841.0,9104515930.0,0.051,178.0,,0.02,0.039,0.206,74.0,68.0,0.229,0.324,0.601,0.075,2605556,0.521,The Americas,1494000000.0,227000000.0,2001-12-01
0.024,,394800.0,Mexico,,,146302.0,725000000000.0,0.054,373.0,,0.02,0.07,0.128,77.0,72.0,0.207,0.337,0.613,0.05,105339877,0.75,The Americas,9190000000.0,6685000000.0,2001-12-01
0.027,,3964.0,Nicaragua,,,2544.0,5323146568.0,0.053,54.0,,0.031,0.014,0.186,73.0,67.0,0.032,0.403,0.559,0.038,5176685,0.55,The Americas,135000000.0,128000000.0,2001-12-01
0.024,,7008.0,Panama,,,2816.0,11807500000.0,0.077,293.0,,0.021,0.073,0.11,78.0,73.0,0.152,0.318,0.625,0.056,3116409,0.625,The Americas,665000000.0,227000000.0,2001-12-01
0.028,,3821.0,Paraguay,,,3919.0,7662595076.0,0.076,107.0,,0.027,0.011,0.283,73.0,68.0,0.211,0.377,0.578,0.045,5460621,0.56,The Americas,91000000.0,130000000.0,2001-12-01
0.024,,27165.0,Peru,,,11795.0,51295103189.0,0.047,96.0,,0.028,0.076,0.25,74.0,68.0,0.068,0.337,0.614,0.049,26372358,0.734,The Americas,763000000.0,773000000.0,2001-12-01
0.015,,,Puerto Rico,,,,69668635000.0,,,,,0.156,,81.0,73.0,0.429,0.233,0.652,0.115,3818774,0.943,The Americas,2728000000.0,1456000000.0,2001-12-01
,,,Sint Maarten (Dutch part),,,,,,,,,,,,,,,,,31189,1.0,The Americas,484000000.0,137000000.0,2001-12-01
0.017,,183.0,St. Kitts and Nevis,,,,455905602.0,0.038,378.0,,0.013,0.077,0.111,,,0.045,,,,46214,0.326,The Americas,62000000.0,8000000.0,2001-12-01
0.019,,363.0,St. Lucia,,,,708290496.0,0.062,278.0,,0.015,0.082,0.13,74.0,70.0,0.017,0.315,0.61,0.075,158650,0.275,The Americas,233000000.0,32000000.0,2001-12-01
0.017,,,St. Martin (French part),,,,,,,,,,,81.0,74.0,,,,,27782,,The Americas,,,2001-12-01
0.019,,180.0,St. Vincent and the Grenadines,,,,431017935.0,0.036,145.0,,0.019,0.051,0.116,73.0,68.0,0.069,0.308,0.622,0.07,107989,0.455,The Americas,89000000.0,12000000.0,2001-12-01
0.022,,2266.0,Suriname,,,,763465571.0,0.084,136.0,,0.029,0.031,0.257,72.0,65.0,0.184,0.304,0.638,0.058,473312,0.665,The Americas,26000000.0,62000000.0,2001-12-01
0.015,,25024.0,Trinidad and Tobago,,,11762.0,8824873156.0,0.044,305.0,,0.025,0.154,0.157,72.0,65.0,0.201,0.246,0.687,0.067,1272347,0.106,The Americas,361000000.0,172000000.0,2001-12-01
,,15.0,Turks and Caicos Islands,,,,,,,,,,,,,,,,,20186,0.854,The Americas,311000000.0,,2001-12-01
0.014,,5601405.0,United States,,,2230817.0,10600000000000.0,0.142,5138.0,,0.007,0.491,0.069,79.0,74.0,0.447,0.212,0.665,0.123,284968955,0.792,The Americas,109000000000.00002,85610000000.0,2001-12-01
0.016,,5090.0,Uruguay,,,2712.0,20898788420.0,0.112,703.0,,0.014,0.111,0.486,79.0,71.0,0.156,0.244,0.624,0.132,3326762,0.923,The Americas,700000000.0,338000000.0,2001-12-01
0.023,,172525.0,Venezuela,,,57871.0,123000000000.0,0.06,295.0,,0.018,0.046,0.225,76.0,70.0,0.26,0.332,0.621,0.046,24870441,0.883,The Americas,677000000.0,1718000000.0,2001-12-01
0.019,,90854.0,Algeria,,,28773.0,56760288962.0,0.037,65.0,,0.032,0.016,0.086,71.0,68.0,0.014,0.318,0.641,0.041,32572977,0.615,Africa,111000000.0,248000000.0,2002-12-01
0.05,,12666.0,Angola,,,8304.0,12497346043.0,0.044,33.0,,0.126,0.003,0.973,48.0,45.0,0.009,0.477,0.499,0.025,14886574,0.339,Africa,51000000.0,52000000.0,2002-12-01
0.042,,2054.0,Benin,,,2262.0,2807657386.0,0.043,16.0,,0.085,0.007,,58.0,54.0,0.03,0.451,0.52,0.028,7414744,0.39,Africa,95000000.0,49000000.0,2002-12-01
0.026,,4485.0,Botswana,,,1916.0,5438856515.0,0.057,193.0,,0.054,0.034,0.162,49.0,48.0,0.184,0.372,0.598,0.03,1808976,0.544,Africa,324000000.0,197000000.0,2002-12-01
0.046,,1005.0,Burkina Faso,,,,3205592273.0,0.05,13.0,,0.094,0.002,,52.0,50.0,0.009,0.467,0.507,0.027,12296399,0.193,Africa,37000000.0,36000000.0,2002-12-01
0.043,,220.0,Burundi,,,,825394484.0,0.071,6.0,,0.086,0.001,0.195,50.0,48.0,0.007,0.476,0.495,0.028,7037727,0.087,Africa,1600000.0,14000000.0,2002-12-01
0.041,,3418.0,Cameroon,,,6518.0,10879778328.0,0.048,31.0,,0.087,0.004,0.18,53.0,51.0,0.042,0.449,0.518,0.034,16782044,0.467,Africa,124000000.0,205000000.0,2002-12-01
0.039,,246.0,Central African Republic,,,,991387865.0,0.042,11.0,,0.113,0.001,0.18,46.0,42.0,0.003,0.422,0.539,0.04,3767248,0.378,Africa,3000000.0,29000000.0,2002-12-01
0.051,,169.0,Chad,,,,1987622269.0,0.08,18.0,,0.104,0.002,0.18,48.0,46.0,0.004,0.491,0.481,0.028,8959964,0.217,Africa,25000000.0,80000000.0,2002-12-01
0.039,,92.0,Comoros,,,,251162421.0,0.034,15.0,,0.072,0.006,0.12,60.0,57.0,,0.413,0.556,0.031,556028,0.28,Africa,11000000.0,,2002-12-01
0.047,,1544.0,Congo (Kinshasa),,,17841.0,8728037672.0,0.042,5.0,,0.113,0.001,,48.0,46.0,0.011,0.464,0.508,0.028,49516960,0.361,Africa,,,2002-12-01
0.039,,708.0,Congo (Brazzaville),,,869.0,3019993723.0,0.025,23.0,,0.073,0.002,0.18,54.0,52.0,0.068,0.42,0.545,0.036,3283719,0.596,Africa,25600000.0,85000000.0,2002-12-01
0.038,,7286.0,Cote d'Ivoire,,,6946.0,11486664265.0,0.047,33.0,,0.096,0.005,,47.0,46.0,0.062,0.422,0.549,0.029,16674987,0.449,Africa,56000000.0,490000000.0,2002-12-01
0.029,,400.0,Djibouti,,,,591122040.0,0.054,42.0,,0.076,0.005,0.113,59.0,56.0,0.02,0.398,0.57,0.032,744434,0.766,Africa,8900000.0,7700000.0,2002-12-01
0.024,,127194.0,Egypt,,,47162.0,87850680573.0,0.061,74.0,,0.031,0.027,0.138,71.0,67.0,0.066,0.342,0.604,0.054,68302914,0.429,Africa,4133000000.0,1309000000.0,2002-12-01
0.039,,4980.0,Equatorial Guinea,,,,1806742733.0,0.018,71.0,,0.094,0.003,0.18,49.0,47.0,0.058,0.419,0.546,0.035,551399,0.388,Africa,,,2002-12-01
0.04,,605.0,Eritrea,,,748.0,729321364.0,0.04,6.0,,0.054,0.002,,59.0,55.0,,0.454,0.527,0.019,4281576,0.18,Africa,73000000.0,,2002-12-01
0.042,,4481.0,Ethiopia,,,26867.0,7707034813.0,0.047,5.0,,0.083,0.001,0.087,55.0,53.0,0.001,0.465,0.504,0.031,69948344,0.151,Africa,261000000.0,55000000.0,2002-12-01
0.033,,1778.0,Gabon,,,1583.0,4931503836.0,0.037,142.0,,0.054,0.019,0.18,61.0,58.0,0.217,0.402,0.54,0.058,1285318,0.816,Africa,77000000.0,234000000.0,2002-12-01
0.045,,315.0,"Gambia, The",,,,578235310.0,0.038,17.0,,0.061,0.018,0.24,57.0,55.0,0.077,0.459,0.515,0.026,1306667,0.497,Africa,,,2002-12-01
0.034,,7437.0,Ghana,,,8264.0,6166197192.0,0.048,15.0,,0.062,0.008,,58.0,57.0,0.02,0.409,0.559,0.032,19786307,0.453,Africa,383000000.0,184000000.0,2002-12-01
0.041,,1324.0,Guinea,,,,2949637039.0,0.061,20.0,,0.095,0.004,,51.0,51.0,0.01,0.439,0.527,0.034,9045748,0.317,Africa,,38000000.0,2002-12-01
0.041,,154.0,Guinea-Bissau,,,,406669723.0,0.058,17.0,,0.104,0.01,,53.0,51.0,,0.433,0.537,0.03,1330849,0.383,Africa,2300000.0,10200000.0,2002-12-01
0.039,,7968.0,Kenya,,,14454.0,13147736954.0,0.045,18.0,,0.066,0.012,0.185,54.0,52.0,0.036,0.435,0.538,0.028,33000524,0.206,Africa,513000000.0,126000000.0,2002-12-01
0.03,,,Lesotho,,,,656802669.0,0.069,24.0,,0.082,0.011,0.171,45.0,44.0,0.073,0.407,0.547,0.046,1885487,0.206,Africa,14000000.0,164000000.0,2002-12-01
0.042,,502.0,Liberia,,,,536000000.0,0.054,9.0,,0.104,0.0,0.202,54.0,52.0,0.002,0.432,0.537,0.031,3070673,0.45,Africa,,,2002-12-01
0.023,,47832.0,Libya,,,16951.0,19842519685.0,0.049,185.0,,0.023,0.022,0.07,74.0,71.0,0.013,0.32,0.64,0.041,5340389,0.765,Africa,202000000.0,654000000.0,2002-12-01
0.04,,1236.0,Madagascar,,,,4397254715.0,0.052,14.0,,0.064,0.003,0.253,61.0,59.0,0.01,0.454,0.517,0.03,16736029,0.277,Africa,109000000.0,192000000.0,2002-12-01
0.044,,884.0,Malawi,,,,2665158943.0,0.048,11.0,,0.09,0.002,0.505,47.0,47.0,0.007,0.461,0.509,0.03,11926778,0.148,Africa,45000000.0,86000000.0,2002-12-01
0.048,,554.0,Mali,,,,3342824260.0,0.063,19.0,,0.109,0.002,,50.0,50.0,0.004,0.461,0.506,0.033,10882662,0.298,Africa,105000000.0,62000000.0,2002-12-01
0.038,,1434.0,Mauritania,,,,1324424463.0,0.06,24.0,,0.076,0.004,0.21,61.0,58.0,0.086,0.423,0.545,0.032,2877431,0.508,Africa,,,2002-12-01
0.017,,2981.0,Mauritius,,,,4767303153.0,0.042,168.0,,0.014,0.103,0.21,76.0,69.0,0.29,0.252,0.685,0.064,1210196,0.423,Africa,829000000.0,223000000.0,2002-12-01
0.021,,38254.0,Morocco,,,11079.0,40416114690.0,0.053,73.0,,0.04,0.024,0.131,70.0,67.0,0.211,0.327,0.625,0.048,29311443,0.54,Africa,3157000000.0,669000000.0,2002-12-01
0.045,,1588.0,Mozambique,,,7645.0,4201332885.0,0.064,14.0,,0.104,0.003,0.267,49.0,46.0,0.013,0.441,0.527,0.032,19319894,0.295,Africa,65000000.0,115000000.0,2002-12-01
0.031,,1760.0,Namibia,,,1010.0,3361236321.0,0.062,106.0,,0.049,0.026,0.138,56.0,52.0,0.077,0.402,0.565,0.033,1958303,0.338,Africa,251000000.0,65000000.0,2002-12-01
0.052,,814.0,Niger,,,,2170481498.0,0.07,12.0,,0.094,0.001,,52.0,52.0,0.005,0.483,0.491,0.025,11817297,0.164,Africa,20000000.0,29000000.0,2002-12-01
0.043,,98125.0,Nigeria,,,97389.0,59116868250.0,0.039,18.0,,0.106,0.003,0.248,48.0,47.0,0.012,0.434,0.538,0.028,129224641,0.365,Africa,256000000.0,910000000.0,2002-12-01
0.04,,689.0,Rwanda,,,,1677447003.0,0.042,8.0,,0.092,0.003,0.164,51.0,50.0,0.009,0.459,0.513,0.029,8987523,0.168,Africa,31000000.0,24000000.0,2002-12-01
0.037,,59.0,Sao Tome and Principe,,,,84617971.0,0.106,59.0,,0.054,0.076,0.374,66.0,62.0,0.014,0.429,0.53,0.04,144447,0.553,Africa,6900000.0,1800000.0,2002-12-01
0.04,,4547.0,Senegal,,,2632.0,5333862344.0,0.051,26.0,,0.065,0.01,,60.0,57.0,0.053,0.447,0.521,0.032,10390050,0.406,Africa,210000000.0,112000000.0,2002-12-01
0.018,,543.0,Seychelles,,,,698083345.0,0.044,371.0,,0.012,0.143,0.106,77.0,69.0,0.541,0.267,0.654,0.079,83700,0.505,Africa,247000000.0,53000000.0,2002-12-01
0.043,,609.0,Sierra Leone,,,,1239004288.0,0.16,44.0,,0.136,0.002,0.222,40.0,39.0,0.015,0.428,0.548,0.024,4493047,0.361,Africa,38000000.0,39000000.0,2002-12-01
0.048,,572.0,Somalia,,,,,,,,0.105,0.001,,53.0,50.0,0.013,0.475,0.496,0.029,7825924,0.34,Africa,,,2002-12-01
0.024,,347687.0,South Africa,,,109908.0,111000000000.00002,0.085,205.0,,0.053,0.067,0.158,55.0,52.0,0.297,0.32,0.643,0.037,45808736,0.579,Africa,3695000000.0,2251000000.0,2002-12-01
0.041,,,South Sudan,,,,,,,,0.1,,,51.0,49.0,,0.445,0.524,0.031,7186820,0.168,Africa,,,2002-12-01
0.039,,8119.0,Sudan,,,15205.0,14803423335.0,0.036,18.0,,0.066,0.004,,61.0,57.0,0.005,0.435,0.535,0.03,29186427,0.326,Africa,108000000.0,91000000.0,2002-12-01
0.032,,1126.0,Eswatini,,,,1224220675.0,0.052,58.0,,0.082,0.018,0.153,47.0,46.0,0.063,0.435,0.535,0.03,1082183,0.224,Africa,45000000.0,27000000.0,2002-12-01
0.042,,3590.0,Tanzania,,,14916.0,10805600069.0,0.034,10.0,,0.071,0.002,0.164,52.0,51.0,0.017,0.447,0.524,0.029,35806497,0.23,Africa,639000000.0,361000000.0,2002-12-01
0.039,,1232.0,Togo,,,2182.0,1474630199.0,0.05,14.0,,0.073,0.01,,55.0,53.0,0.032,0.436,0.536,0.028,5123674,0.338,Africa,16000000.0,26000000.0,2002-12-01
0.017,,21016.0,Tunisia,,,7814.0,23141757278.0,0.053,128.0,,0.023,0.053,,75.0,71.0,0.059,0.281,0.656,0.064,9781900,0.642,Africa,1831000000.0,303000000.0,2002-12-01
0.048,,1668.0,Uganda,,,,6178563467.0,0.075,18.0,,0.081,0.004,0.191,50.0,50.0,0.015,0.494,0.48,0.026,25943441,0.123,Africa,194000000.0,,2002-12-01
0.045,,1969.0,Zambia,,,6633.0,3711284087.0,0.067,24.0,,0.091,0.005,0.452,44.0,43.0,0.013,0.461,0.511,0.027,10625423,0.354,Africa,64000000.0,109000000.0,2002-12-01
0.032,,11932.0,Zimbabwe,,,9692.0,6342116354.0,,,,0.059,0.04,0.365,43.0,43.0,0.027,0.417,0.548,0.035,12640922,0.346,Africa,76000000.0,,2002-12-01
0.048,,359.0,Afghanistan,,,,4128818043.0,0.089,14.0,,0.091,0.0,,57.0,55.0,0.001,0.495,0.485,0.02,22202806,0.219,Asia,,,2002-12-01
0.013,,3044.0,Armenia,,,1876.0,2376335048.0,0.054,42.0,,0.024,0.02,0.211,76.0,69.0,0.023,0.241,0.651,0.108,3047002,0.643,Asia,81000000.0,85000000.0,2002-12-01
0.014,,29615.0,Azerbaijan,,,11559.0,6236024951.0,0.045,34.0,,0.053,0.05,0.174,70.0,65.0,0.096,0.291,0.649,0.06,8171950,0.518,Asia,63000000.0,110000000.0,2002-12-01
0.026,,33707.0,Bangladesh,,,20756.0,47571130071.0,0.031,11.0,,0.059,0.001,0.16,67.0,66.0,0.008,0.359,0.6,0.041,137006279,0.248,Asia,59000000.0,309000000.0,2002-12-01
0.026,,418.0,Bhutan,,,,537050133.0,0.079,71.0,,0.053,0.017,0.153,62.0,62.0,,0.38,0.581,0.039,598455,0.276,Asia,8000000.0,,2002-12-01
0.022,,5321.0,Brunei,,,2157.0,5843329102.0,0.031,526.0,,0.008,0.153,0.055,78.0,75.0,0.444,0.298,0.673,0.029,346407,0.721,Asia,113000000.0,398000000.0,2002-12-01
0.027,,2208.0,Cambodia,,,3994.0,4284028138.0,0.064,22.0,,0.069,0.002,,67.0,61.0,0.03,0.388,0.572,0.04,12709336,0.188,Asia,509000000.0,64000000.0,2002-12-01
0.013,,3694242.0,China,,,1253831.0,1450000000000.0,0.048,54.0,,0.026,0.046,0.053,74.0,72.0,0.159,0.236,0.692,0.072,1280400000,0.384,Asia,21742000000.0,16759000000.0,2002-12-01
0.012,,3388.0,Georgia,,,2544.0,3395778661.0,0.087,64.0,,0.028,0.016,0.236,76.0,69.0,0.109,0.205,0.661,0.134,4357000,0.523,Asia,144000000.0,189000000.0,2002-12-01
0.007,,36952.0,"Hong Kong SAR, China",,,13195.0,166000000000.0,,,,,0.431,0.05,85.0,79.0,0.925,0.161,0.724,0.115,6744100,1.0,Asia,9849000000.0,12418000000.0,2002-12-01
0.025,,1226791.0,India,,,477540.0,524000000000.0,0.044,21.0,,0.062,0.015,0.119,64.0,62.0,0.012,0.334,0.621,0.045,1076705723,0.282,Asia,3300000000.0,4350000000.0,2002-12-01
0.021,,306737.0,Indonesia,,,164879.0,196000000000.0,0.022,20.0,,0.038,0.021,0.189,70.0,66.0,0.054,0.302,0.651,0.048,215038285,0.436,Asia,5797000000.0,5042000000.0,2002-12-01
0.009,,1216751.0,Japan,,,510390.0,3980000000000.0,0.079,2455.0,,0.003,0.466,0.019,85.0,78.0,0.643,0.142,0.675,0.182,127445000,0.816,Asia,6069000000.0,34977000000.0,2002-12-01
0.015,,151946.0,Kazakhstan,,,39679.0,24636598581.0,0.036,61.0,,0.034,0.017,,72.0,61.0,0.07,0.263,0.665,0.071,14858948,0.553,Asia,680000000.0,863000000.0,2002-12-01
0.017,,76109.0,North Korea,,,19566.0,,,,,0.034,,,70.0,63.0,,0.256,0.68,0.065,23248059,0.596,Asia,,,2002-12-01
0.01,,465632.0,South Korea,,,198667.0,609000000000.0,0.048,581.0,,0.006,0.594,0.068,80.0,73.0,0.697,0.203,0.716,0.081,47622179,0.803,Asia,7621000000.0,11440000000.0,2002-12-01
0.019,,4848.0,Kyrgyzstan,,,2422.0,1605640633.0,0.054,17.0,,0.039,0.03,0.248,72.0,64.0,0.011,0.335,0.609,0.056,4990700,0.353,Asia,48000000.0,27000000.0,2002-12-01
0.029,,1177.0,Laos,,,,1758176653.0,0.04,13.0,,0.078,0.003,0.293,64.0,62.0,0.01,0.425,0.539,0.037,5545245,0.24,Asia,110000000.0,4000000.0,2002-12-01
0.008,,1525.0,"Macao SAR, China",,,,7008026415.0,,,,,0.252,0.061,80.0,76.0,0.622,0.208,0.718,0.074,444150,1.0,Asia,4428000000.0,512000000.0,2002-12-01
0.021,,135129.0,Malaysia,,,51009.0,101000000000.0,0.033,138.0,,0.008,0.323,0.065,75.0,71.0,0.371,0.321,0.639,0.04,24413795,0.639,Asia,8084000000.0,3330000000.0,2002-12-01
0.022,,689.0,Maldives,,,,828240882.0,0.052,152.0,,0.028,0.053,0.135,73.0,70.0,0.148,0.385,0.574,0.041,282743,0.3,Asia,337000000.0,60000000.0,2002-12-01
0.019,,8287.0,Mongolia,,,2586.0,1396555772.0,0.048,28.0,,0.044,0.02,0.355,67.0,61.0,0.088,0.323,0.64,0.037,2443231,0.593,Asia,143000000.0,125000000.0,2002-12-01
0.02,,9208.0,Myanmar,,,12968.0,,0.024,3.0,,0.056,0.0,0.15,65.0,61.0,0.001,0.296,0.656,0.048,49261313,0.277,Asia,136000000.0,34000000.0,2002-12-01
0.031,,2710.0,Nepal,,,8467.0,6050875807.0,0.056,14.0,,0.054,0.003,0.068,64.0,62.0,0.001,0.401,0.559,0.04,24102862,0.143,Asia,134000000.0,108000000.0,2002-12-01
0.029,,114084.0,Pakistan,,,65775.0,72306820396.0,0.03,15.0,,0.085,0.026,,65.0,64.0,0.011,0.402,0.558,0.04,149693684,0.338,Asia,562000000.0,491000000.0,2002-12-01
0.029,,71338.0,Philippines,,,38767.0,81357657790.0,0.028,28.0,,0.029,0.043,0.091,70.0,64.0,0.19,0.38,0.587,0.033,80953652,0.474,Asia,2018000000.0,1874000000.0,2002-12-01
0.011,,47231.0,Singapore,,,21005.0,91941791944.0,0.029,632.0,,0.003,0.47,0.053,81.0,77.0,0.801,0.206,0.717,0.077,4176000,1.0,Asia,4458000000.0,8212000000.0,2002-12-01
0.019,,11008.0,Sri Lanka,,,8199.0,17102623876.0,0.039,34.0,,0.013,0.011,0.132,76.0,69.0,0.048,0.261,0.673,0.065,18921000,0.184,Asia,594000000.0,438000000.0,2002-12-01
0.029,,1881.0,Tajikistan,,,2129.0,1221113795.0,0.045,9.0,,0.066,0.001,0.147,68.0,61.0,0.002,0.412,0.552,0.036,6404118,0.264,Asia,5000000.0,1700000.0,2002-12-01
0.014,,215975.0,Thailand,,,82257.0,127000000000.0,0.037,74.0,,0.018,0.075,0.069,75.0,68.0,0.274,0.234,0.696,0.07,63797841,0.338,Asia,10388000000.0,3888000000.0,2002-12-01
0.04,,161.0,Timor-Leste,,,,426700000.0,0.061,19.0,,0.076,,,63.0,60.0,,0.497,0.478,0.025,899367,0.25,Asia,,,2002-12-01
0.023,,40245.0,Turkmenistan,,,15811.0,4462028989.0,0.033,63.0,,0.063,0.003,,68.0,60.0,0.002,0.349,0.607,0.044,4600171,0.464,Asia,,,2002-12-01
0.021,,126915.0,Uzbekistan,,,53188.0,9687951055.0,0.054,21.0,,0.05,0.011,,70.0,64.0,0.007,0.357,0.598,0.045,25271850,0.371,Asia,68000000.0,,2002-12-01
0.017,,70806.0,Vietnam,,,33441.0,37947904054.0,0.051,22.0,,0.026,0.019,0.091,79.0,69.0,0.023,0.298,0.637,0.065,79538700,0.255,Asia,,,2002-12-01
0.017,,3751.0,Albania,,,1975.0,4449373456.0,0.065,89.0,,0.021,0.004,0.153,78.0,72.0,0.261,0.29,0.636,0.075,3051427,0.435,Europe,492000000.0,386000000.0,2002-12-01
0.011,,532.0,Andorra,,,,1456198796.0,0.058,1486.0,,0.004,0.113,,,,0.458,,,,71639,0.916,Europe,,,2002-12-01
0.01,,67179.0,Austria,,,30447.0,208000000000.0,0.101,2599.0,,0.004,0.366,,82.0,76.0,0.832,0.167,0.677,0.156,8081957,0.658,Europe,12334000000.0,7743000000.0,2002-12-01
0.009,,52390.0,Belarus,,,25262.0,14594925393.0,0.065,96.0,,0.009,0.09,0.369,74.0,62.0,0.047,0.172,0.687,0.14,9865000,0.709,Europe,295000000.0,527000000.0,2002-12-01
0.011,,107531.0,Belgium,,,56375.0,253000000000.00003,0.085,2075.0,,0.004,0.463,0.077,81.0,75.0,0.784,0.174,0.655,0.171,10332785,0.972,Europe,7598000000.0,11270000000.0,2002-12-01
0.009,,22919.0,Bosnia and Herzegovina,,,4407.0,6651226179.0,0.071,122.0,,0.007,0.026,0.127,77.0,73.0,0.192,0.197,0.686,0.117,3897579,0.393,Europe,307000000.0,112000000.0,2002-12-01
0.009,,44635.0,Bulgaria,,,18861.0,15979194511.0,0.076,154.0,,0.016,0.091,0.092,75.0,69.0,0.33,0.148,0.683,0.17,7868468,0.695,Europe,1392000000.0,1018000000.0,2002-12-01
0.009,,21877.0,Croatia,,,8245.0,26524896398.0,0.063,375.0,,0.007,0.178,0.128,78.0,71.0,0.522,0.167,0.671,0.163,4440000,0.559,Europe,3952000000.0,852000000.0,2002-12-01
0.013,,7022.0,Cyprus,,,2143.0,10557366162.0,0.061,882.0,,0.005,0.283,0.072,80.0,76.0,0.427,0.214,0.682,0.104,979877,0.687,Europe,2178000000.0,582000000.0,2002-12-01
0.009,,120193.0,Czechia,,,42535.0,78425201661.0,0.068,522.0,,0.005,0.239,0.067,79.0,72.0,0.843,0.157,0.704,0.139,10196916,0.738,Europe,3376000000.0,1797000000.0,2002-12-01
0.012,,49266.0,Denmark,,,19004.0,174000000000.0,0.093,3023.0,,0.004,0.643,0.071,79.0,75.0,0.834,0.187,0.664,0.149,5375931,0.853,Europe,4791000000.0,5838000000.0,2002-12-01
0.01,,14936.0,Estonia,,,4713.0,7324390332.0,0.048,256.0,,0.008,0.415,0.067,77.0,65.0,0.654,0.167,0.674,0.159,1379350,0.691,Europe,737000000.0,305000000.0,2002-12-01
,,763.0,Faroe Islands,,,,1268445919.0,,,,,0.533,,82.0,77.0,0.727,,,,47751,0.38,Europe,,,2002-12-01
0.011,,61078.0,Finland,,,34819.0,135000000000.00002,0.078,2032.0,,0.003,0.624,0.048,82.0,75.0,0.869,0.178,0.669,0.153,5200598,0.825,Europe,2235000000.0,2438000000.0,2002-12-01
0.013,,380840.0,France,,,261182.0,1450000000000.0,0.106,2497.0,,0.004,0.302,0.066,83.0,76.0,0.643,0.187,0.651,0.162,61803229,0.764,Europe,40537000000.0,27808000000.0,2002-12-01
0.009,,828771.0,Germany,,,338553.0,2009999999999.9998,0.107,2610.0,,0.004,0.488,0.097,81.0,75.0,0.707,0.151,0.676,0.173,82488495,0.732,Europe,26690000000.0,59496000000.0,2002-12-01
0.009,,93670.0,Greece,,,28321.0,146000000000.0,0.091,1223.0,,0.006,0.147,0.074,81.0,76.0,0.845,0.148,0.676,0.176,10983723,0.733,Europe,10005000000.0,2453000000.0,2002-12-01
0.01,,56094.0,Hungary,,,25601.0,66389489264.0,0.076,495.0,,0.009,0.167,0.102,77.0,68.0,0.677,0.163,0.683,0.154,10158608,0.651,Europe,3774000000.0,2211000000.0,2002-12-01
0.014,,2171.0,Iceland,,,3285.0,8907207933.0,0.102,3156.0,,0.003,0.791,0.154,83.0,79.0,0.908,0.228,0.656,0.117,287523,0.927,Europe,415000000.0,373000000.0,2002-12-01
0.015,,43762.0,Ireland,,,14673.0,123000000000.0,0.07,2221.0,,0.005,0.259,0.038,80.0,75.0,0.762,0.211,0.678,0.111,3931947,0.596,Europe,4228000000.0,3835000000.0,2002-12-01
0.011,,,Isle of Man,,,,1897606791.0,,,,,,,82.0,75.0,,,,,78338,0.519,Europe,,,2002-12-01
0.009,,452632.0,Italy,,,172396.0,1230000000000.0,0.082,1761.0,,0.004,0.28,0.065,83.0,77.0,0.943,0.142,0.669,0.189,57059007,0.674,Europe,28192000000.0,19636000000.0,2002-12-01
0.021,,,Kosovo,,,1894.0,2702427047.0,,,,,,,70.0,66.0,,,,,1702310,,Europe,,,2002-12-01
0.009,,6652.0,Latvia,,,4073.0,9314784080.0,0.063,248.0,,0.013,0.219,0.08,77.0,65.0,0.396,0.165,0.677,0.158,2310173,0.679,Europe,201000000.0,267000000.0,2002-12-01
0.012,,,Liechtenstein,,,,2688617885.0,,,,,0.595,,82.0,77.0,0.337,,,,33821,0.149,Europe,,,2002-12-01
0.009,,13212.0,Lithuania,,,8865.0,14163949142.0,0.064,263.0,,0.009,0.177,0.068,78.0,66.0,0.481,0.187,0.669,0.144,3443067,0.668,Europe,556000000.0,334000000.0,2002-12-01
0.012,,9417.0,Luxembourg,,,3646.0,22568793525.0,0.083,4202.0,,0.003,0.398,,82.0,75.0,1.066,0.189,0.668,0.143,446175,0.853,Europe,2547000000.0,1963000000.0,2002-12-01
0.012,,10935.0,North Macedonia,,,2527.0,3791306758.0,0.093,170.0,,0.013,0.173,0.184,76.0,71.0,0.176,0.213,0.681,0.106,2074441,0.581,Europe,55000000.0,60000000.0,2002-12-01
0.01,,2299.0,Malta,,,734.0,4296164768.0,0.079,839.0,,0.006,0.289,0.06,81.0,76.0,0.674,0.193,0.69,0.117,395969,0.929,Europe,757000000.0,180000000.0,2002-12-01
0.012,,3986.0,Moldova,,,3096.0,1661818168.0,0.081,37.0,,0.023,0.038,0.235,71.0,63.0,0.085,0.219,0.676,0.105,3623062,0.456,Europe,72000000.0,109000000.0,2002-12-01
,,,Monaco,,,,2905973022.0,0.034,2985.0,,0.004,0.48,,,,0.456,,,,32653,1.0,Europe,,,2002-12-01
0.013,,,Montenegro,,,,1284504509.0,0.086,180.0,,0.011,,,77.0,71.0,,0.207,0.671,0.121,612325,0.606,Europe,,,2002-12-01
0.013,,172364.0,Netherlands,,,75706.0,438000000000.0,0.089,2411.0,,0.005,0.613,0.04,81.0,76.0,0.754,0.186,0.677,0.137,16148929,0.791,Europe,11745000000.0,14201000000.0,2002-12-01
0.012,,37429.0,Norway,,,24912.0,192000000000.0,0.104,4418.0,,0.004,0.728,0.087,82.0,77.0,0.835,0.2,0.651,0.149,4538159,0.77,Europe,2581000000.0,5610000000.0,2002-12-01
0.009,,296932.0,Poland,,,88855.0,198000000000.0,0.063,328.0,,0.007,0.212,0.12,79.0,70.0,0.363,0.18,0.692,0.127,38230364,0.618,Europe,4971000000.0,3440000000.0,2002-12-01
0.011,,66820.0,Portugal,,,25824.0,132000000000.0,0.093,1190.0,,0.005,0.194,,81.0,74.0,0.834,0.159,0.675,0.166,10419631,0.557,Europe,6595000000.0,2631000000.0,2002-12-01
0.01,,92174.0,Romania,,,38140.0,45988510814.0,0.046,97.0,,0.022,0.066,0.354,75.0,67.0,0.23,0.174,0.686,0.14,21730496,0.528,Europe,400000000.0,448000000.0,2002-12-01
0.01,,1557665.0,Russia,,,623098.0,345000000000.0,0.06,142.0,,0.018,0.041,0.157,72.0,59.0,0.121,0.168,0.702,0.13,145408033,0.733,Europe,5278000000.0,11362000000.0,2002-12-01
,,,San Marino,,,,879957210.0,0.065,2894.0,,0.004,0.508,0.08,85.0,78.0,0.597,,,,28064,0.939,Europe,,,2002-12-01
0.01,,,Serbia,,,15891.0,15102567925.0,0.089,179.0,,0.01,,0.197,75.0,70.0,,0.193,0.672,0.135,7500031,0.537,Europe,77000000.0,105000000.0,2002-12-01
0.01,,39252.0,Slovakia,,,18733.0,34638306042.0,0.056,256.0,,0.009,0.401,0.103,78.0,70.0,0.543,0.185,0.7,0.115,5376912,0.56,Europe,742000000.0,506000000.0,2002-12-01
0.009,,15420.0,Slovenia,,,6830.0,23136352386.0,0.086,1000.0,,0.004,0.278,0.132,80.0,72.0,0.838,0.151,0.702,0.147,1994530,0.508,Europe,1152000000.0,647000000.0,2002-12-01
0.01,,314519.0,Spain,,,128757.0,686000000000.0,0.073,1215.0,,0.005,0.204,0.043,83.0,76.0,0.811,0.145,0.686,0.169,41431558,0.765,Europe,35468000000.0,9366000000.0,2002-12-01
0.011,,57425.0,Sweden,,,51784.0,250999999999.99997,0.092,2599.0,,0.003,0.706,0.056,82.0,78.0,0.892,0.181,0.647,0.172,8924958,0.841,Europe,5671000000.0,8221000000.0,2002-12-01
0.01,,40718.0,Switzerland,,,25888.0,287000000000.0,0.106,4190.0,,0.005,0.614,0.039,83.0,78.0,0.792,0.171,0.675,0.155,7284753,0.734,Europe,9117000000.0,7210000000.0,2002-12-01
0.021,,205678.0,Türkiye,,,74248.0,233000000000.0,0.054,180.0,,0.03,0.114,,75.0,68.0,0.359,0.297,0.64,0.063,65022300,0.66,Europe,11901000000.0,1880000000.0,2002-12-01
0.009,,318684.0,Ukraine,,,135601.0,42392896031.0,0.063,55.0,,0.014,0.019,0.253,74.0,63.0,0.077,0.162,0.692,0.145,48202500,0.673,Europe,1001000000.0,794000000.0,2002-12-01
0.011,,531939.0,United Kingdom,,,218306.0,1620000000000.0,0.076,2065.0,,0.005,0.565,0.04,81.0,76.0,0.828,0.186,0.656,0.158,59370479,0.79,Europe,27819000000.0,51125000000.0,2002-12-01
0.02,,15698.0,Bahrain,,,6433.0,9632411109.0,0.039,510.0,,0.01,0.181,0.084,76.0,74.0,0.531,0.301,0.675,0.024,732541,0.884,Middle East,985000000.0,550000000.0,2002-12-01
0.018,,402178.0,Iran,,,138011.0,115999999999.99998,0.051,102.0,,0.026,0.046,,72.0,69.0,0.034,0.308,0.647,0.045,67727274,0.655,Middle East,1607000000.0,3990000000.0,2002-12-01
0.035,,87260.0,Iraq,,,27981.0,,0.014,9.0,,0.035,0.005,,73.0,68.0,0.001,0.424,0.541,0.035,25238267,0.686,Middle East,45000000.0,26000000.0,2002-12-01
0.021,,63146.0,Israel,,,18809.0,112999999999.99998,0.078,1334.0,,0.005,0.178,0.099,82.0,78.0,1.01,0.28,0.62,0.1,6570000,0.913,Middle East,2426000000.0,3322000000.0,2002-12-01
0.031,,16887.0,Jordan,,,5060.0,9580161951.0,0.097,189.0,,0.022,0.06,0.102,74.0,71.0,0.249,0.39,0.579,0.031,5038000,0.804,Middle East,1254000000.0,504000000.0,2002-12-01
0.022,,52753.0,Kuwait,,,20639.0,38138801497.0,0.036,661.0,,0.011,0.102,0.065,74.0,73.0,0.599,0.256,0.71,0.034,2048232,0.981,Middle East,320000000.0,3412000000.0,2002-12-01
0.017,,16039.0,Lebanon,,,5220.0,19152238806.0,0.1,546.0,,0.015,0.07,0.166,77.0,74.0,0.22,0.284,0.643,0.072,3515604,0.862,Middle East,4284000000.0,2683000000.0,2002-12-01
0.023,,25471.0,Oman,,,8818.0,20049414986.0,0.032,278.0,,0.013,0.069,0.085,75.0,71.0,0.201,0.366,0.609,0.024,2308409,0.715,Middle East,539000000.0,702000000.0,2002-12-01
0.018,,28482.0,Qatar,,,13711.0,19363735706.0,0.027,833.0,,0.01,0.102,,78.0,76.0,0.424,0.268,0.716,0.016,629745,0.967,Middle East,285000000.0,423000000.0,2002-12-01
0.025,,326407.0,Saudi Arabia,,,116953.0,189000000000.0,0.043,375.0,,0.018,0.064,,75.0,71.0,0.229,0.368,0.598,0.034,21825217,0.803,Middle East,,7370000000.0,2002-12-01
0.029,,39068.0,Syria,,,16735.0,21582248882.0,0.049,57.0,,0.018,0.021,0.09,76.0,72.0,0.024,0.4,0.567,0.034,16994676,0.527,Middle East,970000000.0,760000000.0,2002-12-01
0.016,,84704.0,United Arab Emirates,,,40578.0,110000000000.00002,0.027,917.0,,0.009,0.283,,76.0,74.0,0.753,0.243,0.746,0.01,3223969,0.811,Middle East,1332000000.0,3651000000.0,2002-12-01
0.038,,15764.0,Yemen,,,5100.0,10693278292.0,0.042,27.0,,0.064,0.005,0.177,62.0,60.0,0.026,0.476,0.497,0.028,18551068,0.273,Middle East,38000000.0,135000000.0,2002-12-01
,,,American Samoa,,,,,,,,,,,,,0.035,,,,58729,0.884,Oceania,,,2002-12-01
0.013,,341002.0,Australia,,,109461.0,394000000000.0,0.084,1847.0,,0.005,,0.082,83.0,77.0,0.643,0.204,0.67,0.126,19651400,0.875,Oceania,13624000000.0,8494000000.0,2002-12-01
0.024,,836.0,Fiji Islands,,,,1842691481.0,0.035,79.0,,0.02,0.062,0.081,71.0,65.0,0.11,0.334,0.629,0.037,816237,0.487,Oceania,384000000.0,79000000.0,2002-12-01
0.019,,737.0,French Polynesia,,,,,,,,,0.082,,76.0,70.0,0.213,0.303,0.652,0.045,245032,0.559,Oceania,471000000.0,264000000.0,2002-12-01
0.021,,,Guam,,,,,,,,,0.312,,78.0,73.0,0.448,0.302,0.641,0.058,157241,0.933,Oceania,,,2002-12-01
0.027,,40.0,Kiribati,,,,72259046.0,0.088,76.0,,0.052,0.025,,68.0,63.0,0.006,0.389,0.576,0.035,85799,0.435,Oceania,,,2002-12-01
,,84.0,Marshall Islands,,,,124735072.0,0.182,418.0,,0.033,0.023,,,,0.011,,,,52161,0.69,Oceania,3400000.0,300000.0,2002-12-01
0.028,,147.0,"Micronesia, Fed. Sts.",,,,241543396.0,0.079,178.0,,0.04,0.056,0.153,68.0,67.0,0.001,0.395,0.566,0.039,106983,0.223,Oceania,17000000.0,5000000.0,2002-12-01
0.019,,2428.0,New Caledonia,,,,,,,,,0.224,,79.0,71.0,0.367,0.281,0.657,0.062,221490,0.626,Oceania,156000000.0,104000000.0,2002-12-01
0.014,,33201.0,New Zealand,,,17119.0,66021205382.0,0.08,1244.0,,0.006,0.591,0.072,81.0,77.0,0.618,0.223,0.659,0.118,3948500,0.859,Oceania,3159000000.0,1386000000.0,2002-12-01
0.034,,3513.0,Papua New Guinea,,,,2999542369.0,0.046,24.0,,0.057,0.013,0.139,62.0,57.0,0.003,0.402,0.573,0.025,5660267,0.132,Oceania,2800000.0,60000000.0,2002-12-01
0.03,,143.0,Samoa,,,,256677700.0,0.055,83.0,,0.018,0.022,0.114,73.0,67.0,0.015,0.404,0.55,0.046,176592,0.219,Oceania,45000000.0,,2002-12-01
0.035,,172.0,Solomon Islands,,,,341663054.0,0.061,48.0,,0.029,0.005,0.146,66.0,63.0,0.002,0.416,0.555,0.029,434880,0.166,Oceania,800000.0,8500000.0,2002-12-01
0.029,,147.0,Tonga,,,,181801947.0,0.05,92.0,,0.015,0.029,0.114,73.0,69.0,0.034,0.382,0.559,0.059,99083,0.231,Oceania,5900000.0,3200000.0,2002-12-01
0.031,,84.0,Vanuatu,,,,262603782.0,0.038,52.0,,0.019,0.035,0.074,70.0,67.0,0.025,0.408,0.56,0.033,193950,0.222,Oceania,72000000.0,11000000.0,2002-12-01
0.02,,363.0,Antigua and Barbuda,,,,806505874.0,0.043,433.0,,0.012,0.125,0.114,76.0,71.0,0.477,0.29,0.64,0.07,80030,0.311,The Americas,274000000.0,33000000.0,2002-12-01
0.018,,123266.0,Argentina,,,55386.0,124000000000.0,0.083,225.0,,0.017,0.109,0.517,78.0,71.0,0.175,0.273,0.626,0.101,37627545,0.895,The Americas,1716000000.0,2744000000.0,2002-12-01
0.013,,2255.0,Aruba,,,,1941094972.0,,,,,0.188,0.131,76.0,71.0,0.651,0.225,0.695,0.079,94995,0.46,The Americas,835000000.0,172000000.0,2002-12-01
0.016,,1577.0,"Bahamas, The",,,,6957996000.0,0.053,1183.0,,0.013,0.18,0.06,76.0,70.0,0.394,0.279,0.664,0.057,309039,0.821,The Americas,1773000000.0,338000000.0,2002-12-01
0.013,,1228.0,Barbados,,,,3168600000.0,0.074,677.0,,0.015,0.278,0.085,76.0,71.0,0.361,0.214,0.672,0.114,269524,0.335,The Americas,666000000.0,146000000.0,2002-12-01
0.028,,359.0,Belize,,,,932676403.0,0.044,162.0,,0.02,0.057,0.148,75.0,68.0,0.205,0.393,0.565,0.042,251766,0.471,The Americas,121000000.0,48000000.0,2002-12-01
0.013,,524.0,Bermuda,,,,3937228000.0,,,,,0.52,,81.0,76.0,0.473,,,,62912,1.0,The Americas,378000000.0,243000000.0,2002-12-01
0.03,,9567.0,Bolivia,,,3527.0,7905485216.0,0.065,58.0,,0.052,0.031,0.206,66.0,62.0,0.116,0.393,0.564,0.043,8843350,0.628,The Americas,143000000.0,114000000.0,2002-12-01
0.02,,332267.0,Brazil,,,195759.0,504000000000.0,0.072,203.0,,0.025,0.091,0.629,75.0,67.0,0.194,0.287,0.655,0.057,179393768,0.819,The Americas,2142000000.0,2929000000.0,2002-12-01
0.011,,519163.0,Canada,,,248220.0,753000000000.0,0.096,2254.0,,0.005,0.616,0.042,82.0,77.0,0.379,0.186,0.687,0.128,31362000,0.799,The Americas,12744000000.0,14257000000.0,2002-12-01
,,469.0,Cayman Islands,,,,,,,,,,,,,0.425,,,,44742,1.0,The Americas,607000000.0,,2002-12-01
0.016,,55361.0,Chile,,,25568.0,70984568429.0,0.075,331.0,,0.008,0.221,0.078,81.0,75.0,0.395,0.267,0.658,0.075,15819522,0.866,The Americas,1221000000.0,932000000.0,2002-12-01
0.022,,55661.0,Colombia,,,25205.0,97933392356.0,0.057,135.0,,0.02,0.046,0.163,75.0,68.0,0.112,0.32,0.631,0.049,41216304,0.727,The Americas,1237000000.0,1355000000.0,2002-12-01
0.019,,6326.0,Costa Rica,,,3073.0,16844378578.0,0.08,332.0,,0.01,0.199,0.264,80.0,76.0,0.123,0.3,0.644,0.056,4093840,0.618,The Americas,1292000000.0,430000000.0,2002-12-01
0.012,,26091.0,Cuba,,,11729.0,33590400000.0,0.065,195.0,,0.006,0.038,,79.0,75.0,0.002,0.209,0.689,0.103,11212125,0.758,The Americas,1769000000.0,,2002-12-01
,,,Curacao,,,,,,,,,,,,,,0.234,0.656,0.11,128804,0.909,The Americas,217000000.0,137000000.0,2002-12-01
0.015,,103.0,Dominica,,,,326998081.0,0.051,237.0,,0.013,0.184,0.11,79.0,75.0,0.174,,,,69806,0.657,The Americas,46000000.0,9000000.0,2002-12-01
0.024,,21500.0,Dominican Republic,,,7476.0,26570402719.0,0.063,176.0,,0.032,0.068,0.261,74.0,68.0,0.19,0.342,0.604,0.054,8935261,0.634,The Americas,2730000000.0,429000000.0,2002-12-01
0.025,,24690.0,Ecuador,,,9177.0,28548945000.0,0.048,105.0,,0.026,0.043,0.158,77.0,71.0,0.12,0.338,0.609,0.053,13030041,0.611,The Americas,449000000.0,507000000.0,2002-12-01
0.023,,6040.0,El Salvador,,,4232.0,14306700000.0,0.077,184.0,,0.024,0.019,,75.0,65.0,0.148,0.374,0.568,0.058,6008308,0.6,The Americas,521000000.0,266000000.0,2002-12-01
0.017,,539.0,Greenland,,,,1169136691.0,,,,,0.442,,71.0,65.0,0.352,,,,56609,0.821,The Americas,,,2002-12-01
0.019,,205.0,Grenada,,,,544381962.0,0.066,353.0,,0.013,0.148,0.113,73.0,68.0,0.074,0.33,0.592,0.077,102099,0.361,The Americas,91000000.0,8000000.0,2002-12-01
0.036,,11096.0,Guatemala,,,7248.0,20776536920.0,0.062,110.0,,0.037,0.034,0.169,72.0,65.0,0.134,0.438,0.521,0.042,11765738,0.459,The Americas,647000000.0,329000000.0,2002-12-01
0.022,,1580.0,Guyana,,,,722460912.0,0.058,56.0,,0.037,,0.163,67.0,60.0,0.106,0.358,0.6,0.042,750629,0.285,The Americas,53000000.0,44000000.0,2002-12-01
0.03,,1826.0,Haiti,,,2309.0,3214632479.0,0.055,20.0,,0.071,0.009,0.342,60.0,56.0,0.016,0.394,0.566,0.04,8859635,0.389,The Americas,108000000.0,172000000.0,2002-12-01
0.03,,6091.0,Honduras,,,3380.0,7776459964.0,0.073,88.0,,0.029,0.026,0.227,73.0,69.0,0.05,0.414,0.545,0.04,6495801,0.466,The Americas,305000000.0,221000000.0,2002-12-01
0.018,,10301.0,Jamaica,,,3586.0,9718989517.0,0.049,180.0,,0.019,0.061,0.185,74.0,68.0,0.474,0.321,0.604,0.076,2615253,0.523,The Americas,1482000000.0,274000000.0,2002-12-01
0.023,,391251.0,Mexico,,,150843.0,742000000000.0,0.056,396.0,,0.019,0.119,0.082,77.0,72.0,0.243,0.334,0.615,0.051,106723661,0.754,The Americas,9547000000.0,7087000000.0,2002-12-01
0.027,,4037.0,Nicaragua,,,2636.0,5224213019.0,0.057,57.0,,0.03,0.017,0.183,74.0,68.0,0.045,0.397,0.565,0.039,5248577,0.552,The Americas,135000000.0,125000000.0,2002-12-01
0.023,,5871.0,Panama,,,2625.0,12272400000.0,0.08,310.0,,0.021,0.085,0.106,78.0,73.0,0.165,0.316,0.627,0.057,3178450,0.628,The Americas,710000000.0,252000000.0,2002-12-01
0.027,,3898.0,Paraguay,,,3885.0,6325151760.0,0.07,79.0,,0.026,0.018,0.387,73.0,69.0,0.299,0.372,0.582,0.045,5571371,0.566,The Americas,76000000.0,117000000.0,2002-12-01
0.023,,27187.0,Peru,,,11873.0,53992755100.0,0.048,102.0,,0.026,0.09,0.208,74.0,69.0,0.086,0.333,0.617,0.051,26729909,0.739,The Americas,836000000.0,806000000.0,2002-12-01
0.014,,,Puerto Rico,,,,72546194000.0,,,,,0.175,,82.0,74.0,0.434,0.23,0.653,0.117,3823701,0.943,The Americas,2486000000.0,1319000000.0,2002-12-01
,,,Sint Maarten (Dutch part),,,,,,,,,,,,,,,,,32566,1.0,The Americas,489000000.0,140000000.0,2002-12-01
0.017,,198.0,St. Kitts and Nevis,,,,478067954.0,0.037,374.0,,0.012,0.212,0.109,74.0,69.0,0.107,,,,46934,0.324,The Americas,57000000.0,8000000.0,2002-12-01
0.018,,326.0,St. Lucia,,,,723027643.0,0.064,289.0,,0.015,0.146,0.126,74.0,70.0,0.089,0.308,0.619,0.073,160217,0.263,The Americas,210000000.0,34000000.0,2002-12-01
0.017,,,St. Martin (French part),,,,,,,,,,,81.0,74.0,,,,,27450,,The Americas,,,2002-12-01
0.019,,187.0,St. Vincent and the Grenadines,,,,462641610.0,0.039,168.0,,0.019,0.055,0.116,73.0,68.0,0.092,0.302,0.627,0.071,108150,0.459,The Americas,91000000.0,10000000.0,2002-12-01
0.022,,2252.0,Suriname,,,,1078402128.0,0.071,161.0,,0.029,0.042,0.222,72.0,65.0,0.226,0.303,0.639,0.059,480099,0.666,The Americas,17000000.0,54000000.0,2002-12-01
0.015,,26890.0,Trinidad and Tobago,,,12540.0,9008273516.0,0.05,352.0,,0.025,0.22,0.125,73.0,65.0,0.206,0.238,0.694,0.068,1277723,0.104,The Americas,402000000.0,208000000.0,2002-12-01
,,99.0,Turks and Caicos Islands,,,,,,,,,,,,,,,,,21740,0.86,The Americas,292000000.0,,2002-12-01
0.014,,5650950.0,United States,,,2255957.0,11000000000000.0,0.151,5578.0,,0.007,0.588,0.047,80.0,74.0,0.489,0.21,0.667,0.123,287625193,0.794,The Americas,104000000000.0,81860000000.0,2002-12-01
0.016,,4620.0,Uruguay,,,2538.0,13606494599.0,0.11,449.0,,0.014,0.114,1.184,79.0,71.0,0.154,0.243,0.624,0.133,3327500,0.926,The Americas,409000000.0,243000000.0,2002-12-01
0.023,,193262.0,Venezuela,,,57515.0,92889586976.0,0.057,207.0,,0.017,0.049,0.366,76.0,70.0,0.258,0.327,0.625,0.047,25333622,0.884,The Americas,484000000.0,1546000000.0,2002-12-01
0.02,,92533.0,Algeria,25.0,,30698.0,67863832648.0,0.036,74.0,,0.031,0.022,0.081,71.0,68.0,0.044,0.307,0.651,0.042,33003442,0.623,Africa,112000000.0,255000000.0,2003-12-01
0.05,,9065.0,Angola,119.0,,9004.0,14188949240.0,0.049,45.0,,0.125,0.004,0.961,49.0,46.0,0.023,0.477,0.498,0.025,15421075,0.346,Africa,63000000.0,49000000.0,2003-12-01
0.041,,2321.0,Benin,32.0,,2386.0,3557229702.0,0.046,21.0,,0.082,0.01,,58.0,55.0,0.031,0.449,0.522,0.028,7665681,0.393,Africa,108000000.0,53000000.0,2003-12-01
0.026,,4265.0,Botswana,107.0,,1907.0,7511538765.0,0.043,190.0,,0.051,0.033,0.164,48.0,47.0,0.243,0.367,0.602,0.031,1832602,0.546,Africa,459000000.0,235000000.0,2003-12-01
0.045,,1078.0,Burkina Faso,40.0,,,4205691122.0,0.055,19.0,,0.091,0.004,,53.0,51.0,0.019,0.466,0.508,0.026,12659086,0.2,Africa,38000000.0,50000000.0,2003-12-01
0.043,,165.0,Burundi,13.0,,,784654424.0,0.072,6.0,,0.082,0.002,0.182,50.0,48.0,0.009,0.468,0.504,0.028,7264340,0.089,Africa,1200000.0,15000000.0,2003-12-01
0.041,,3795.0,Cameroon,45.0,,6766.0,13621809574.0,0.049,39.0,,0.084,0.006,0.18,53.0,51.0,0.063,0.447,0.52,0.033,17223277,0.473,Africa,266000000.0,272000000.0,2003-12-01
0.038,,235.0,Central African Republic,22.0,,,1139754772.0,0.044,13.0,,0.112,0.002,0.18,46.0,43.0,0.01,0.421,0.539,0.04,3829636,0.379,Africa,4000000.0,31000000.0,2003-12-01
0.05,,381.0,Chad,64.0,,,2736666451.0,0.058,17.0,,0.103,0.003,0.18,48.0,46.0,0.007,0.492,0.481,0.027,9311234,0.217,Africa,,,2003-12-01
0.039,,99.0,Comoros,,,,324470869.0,0.036,21.0,,0.072,0.008,0.118,60.0,57.0,0.004,0.414,0.556,0.03,570491,0.279,Africa,16000000.0,8000000.0,2003-12-01
0.047,,1698.0,Congo (Kinshasa),166.0,,18503.0,8937565919.0,0.051,6.0,,0.111,0.001,,49.0,46.0,0.024,0.464,0.508,0.028,50972323,0.365,Africa,,,2003-12-01
0.039,,1085.0,Congo (Brazzaville),37.0,,999.0,3495868725.0,0.026,27.0,,0.07,0.005,0.18,54.0,52.0,0.098,0.421,0.544,0.036,3363418,0.601,Africa,30000000.0,118000000.0,2003-12-01
0.037,,5460.0,Cote d'Ivoire,62.0,,6578.0,13737482343.0,0.051,42.0,,0.094,0.008,,47.0,46.0,0.076,0.422,0.548,0.029,16909801,0.455,Africa,76000000.0,551000000.0,2003-12-01
0.029,,407.0,Djibouti,,,,622044666.0,0.062,50.0,,0.075,0.006,0.113,59.0,56.0,0.03,0.39,0.578,0.032,755085,0.767,Africa,6900000.0,9900000.0,2003-12-01
0.024,,147963.0,Egypt,37.0,,48971.0,82923680622.0,0.056,56.0,,0.029,0.04,0.135,72.0,67.0,0.083,0.335,0.61,0.054,69432477,0.429,Africa,4704000000.0,1465000000.0,2003-12-01
0.038,,6018.0,Equatorial Guinea,,,,2484745876.0,0.02,101.0,,0.092,0.005,0.18,49.0,47.0,0.073,0.415,0.551,0.034,568552,0.388,Africa,,,2003-12-01
0.04,,726.0,Eritrea,,,804.0,870247702.0,0.032,6.0,,0.051,,,60.0,55.0,,0.446,0.535,0.019,4472533,0.183,Africa,74000000.0,,2003-12-01
0.041,,4947.0,Ethiopia,46.0,,27648.0,8465744001.0,0.049,6.0,,0.079,0.001,0.07,55.0,54.0,0.001,0.465,0.504,0.031,71989666,0.153,Africa,336000000.0,63000000.0,2003-12-01
0.033,,1335.0,Gabon,,,1593.0,6054883172.0,0.038,174.0,,0.053,0.027,0.18,61.0,58.0,0.228,0.399,0.543,0.057,1315820,0.822,Africa,84000000.0,239000000.0,2003-12-01
0.045,,315.0,"Gambia, The",,,,487038678.0,0.042,15.0,,0.059,0.024,0.293,57.0,55.0,0.111,0.459,0.515,0.026,1348548,0.506,Africa,58000000.0,8000000.0,2003-12-01
0.034,,7631.0,Ghana,22.0,,8226.0,7632720680.0,0.048,18.0,,0.06,0.012,,59.0,57.0,0.039,0.407,0.561,0.032,20301686,0.46,Africa,441000000.0,216000000.0,2003-12-01
0.041,,1342.0,Guinea,40.0,,,3446442219.0,0.049,18.0,,0.092,0.005,,52.0,52.0,0.012,0.438,0.529,0.033,9204581,0.321,Africa,,36000000.0,2003-12-01
0.041,,194.0,Guinea-Bissau,,,,465414408.0,0.058,20.0,,0.101,0.014,,53.0,51.0,0.001,0.431,0.539,0.03,1360559,0.392,Africa,2400000.0,21300000.0,2003-12-01
0.039,,6755.0,Kenya,60.0,,14769.0,14904504019.0,0.044,20.0,,0.065,0.029,0.166,54.0,52.0,0.047,0.432,0.541,0.028,33905011,0.209,Africa,619000000.0,127000000.0,2003-12-01
0.03,,,Lesotho,93.0,,,969181551.0,0.071,36.0,,0.083,0.015,0.16,44.0,44.0,0.066,0.404,0.55,0.046,1898757,0.211,Africa,21000000.0,242000000.0,2003-12-01
0.041,,532.0,Liberia,,,,409000000.0,0.034,5.0,,0.097,0.0,0.171,54.0,53.0,0.015,0.432,0.537,0.03,3124222,0.454,Africa,,,2003-12-01
0.023,,49167.0,Libya,,,17441.0,24062500000.0,0.041,194.0,,0.022,0.028,0.07,75.0,71.0,0.023,0.315,0.644,0.041,5422612,0.767,Africa,243000000.0,689000000.0,2003-12-01
0.039,,1701.0,Madagascar,67.0,,,5474030228.0,0.048,15.0,,0.061,0.004,0.243,62.0,59.0,0.016,0.452,0.518,0.029,17245275,0.279,Africa,119000000.0,67000000.0,2003-12-01
0.043,,957.0,Malawi,45.0,,,2424656666.0,0.063,13.0,,0.084,0.003,0.489,47.0,47.0,0.011,0.461,0.509,0.03,12238739,0.149,Africa,66000000.0,70000000.0,2003-12-01
0.048,,539.0,Mali,41.0,,,4362439887.0,0.062,24.0,,0.105,0.003,,50.0,51.0,0.022,0.462,0.506,0.032,11219737,0.305,Africa,136000000.0,94000000.0,2003-12-01
0.037,,1474.0,Mauritania,82.0,,,1563072653.0,0.054,23.0,,0.076,0.004,0.21,62.0,59.0,0.118,0.42,0.548,0.032,2965667,0.516,Africa,,,2003-12-01
0.016,,3146.0,Mauritius,,,,5609836354.0,0.039,188.0,,0.014,0.122,0.21,76.0,69.0,0.384,0.249,0.687,0.064,1222811,0.42,Africa,960000000.0,236000000.0,2003-12-01
0.021,,37561.0,Morocco,36.0,,11018.0,49822651702.0,0.053,88.0,,0.038,0.034,0.126,70.0,67.0,0.249,0.32,0.631,0.049,29586937,0.543,Africa,3802000000.0,845000000.0,2003-12-01
0.045,,1918.0,Mozambique,153.0,,8063.0,4666197195.0,0.064,15.0,,0.099,0.004,0.247,49.0,46.0,0.022,0.444,0.525,0.032,19873460,0.296,Africa,106000000.0,141000000.0,2003-12-01
0.03,,1874.0,Namibia,85.0,,1076.0,4931280096.0,0.065,162.0,,0.049,0.034,0.147,56.0,52.0,0.113,0.401,0.565,0.033,1981237,0.347,Africa,383000000.0,101000000.0,2003-12-01
0.052,,880.0,Niger,35.0,,,2731416281.0,0.068,15.0,,0.09,0.002,,53.0,53.0,0.007,0.486,0.489,0.025,12254040,0.165,Africa,28000000.0,39000000.0,2003-12-01
0.043,,93138.0,Nigeria,36.0,,99007.0,67655840108.0,0.075,39.0,,0.103,0.006,0.207,48.0,47.0,0.024,0.435,0.538,0.028,132550146,0.374,Africa,58000000.0,2076000000.0,2003-12-01
0.039,,682.0,Rwanda,18.0,,,1845979351.0,0.063,13.0,,0.083,0.004,0.171,53.0,51.0,0.014,0.452,0.521,0.027,9126167,0.176,Africa,30000000.0,26000000.0,2003-12-01
0.037,,66.0,Sao Tome and Principe,,,,101315400.0,0.118,78.0,,0.052,0.102,0.296,66.0,62.0,0.033,0.426,0.534,0.04,147455,0.563,Africa,7400000.0,1800000.0,2003-12-01
0.039,,5013.0,Senegal,59.0,,2556.0,6858952717.0,0.054,35.0,,0.062,0.021,,61.0,58.0,0.073,0.445,0.524,0.032,10673535,0.408,Africa,269000000.0,129000000.0,2003-12-01
0.018,,557.0,Seychelles,,,,703096503.0,0.048,403.0,,0.012,0.146,0.106,76.0,66.0,0.585,0.258,0.664,0.078,82800,0.506,Africa,258000000.0,54000000.0,2003-12-01
0.043,,653.0,Sierra Leone,26.0,,,1371442566.0,0.155,45.0,,0.133,0.002,0.2,41.0,40.0,0.024,0.428,0.548,0.024,4712763,0.364,Africa,60000000.0,38000000.0,2003-12-01
0.047,,576.0,Somalia,,,,,,,,0.105,0.004,,53.0,50.0,0.025,0.476,0.495,0.029,8037706,0.344,Africa,,,2003-12-01
0.023,,380811.0,South Africa,38.0,,117374.0,168000000000.00003,0.086,310.0,,0.053,0.07,0.15,54.0,51.0,0.36,0.316,0.645,0.039,46409243,0.584,Africa,6674000000.0,3655000000.0,2003-12-01
0.041,,,South Sudan,,,,,,,,0.095,,,51.0,49.0,,0.444,0.525,0.031,7449905,0.169,Africa,,,2003-12-01
0.039,,9072.0,Sudan,,,14725.0,17646271397.0,0.038,23.0,,0.064,0.005,,61.0,57.0,0.014,0.435,0.535,0.03,29973979,0.327,Africa,17000000.0,119000000.0,2003-12-01
0.032,,1041.0,Eswatini,,,,1854020496.0,0.058,98.0,,0.082,0.024,0.146,46.0,46.0,0.078,0.43,0.539,0.031,1087929,0.223,Africa,70000000.0,23000000.0,2003-12-01
0.042,,3806.0,Tanzania,28.0,,15491.0,11659129815.0,0.037,12.0,,0.066,0.007,0.145,53.0,51.0,0.035,0.446,0.524,0.03,36760831,0.236,Africa,654000000.0,375000000.0,2003-12-01
0.039,,1463.0,Togo,65.0,,2303.0,1673690390.0,0.056,18.0,,0.072,0.012,,55.0,53.0,0.046,0.433,0.539,0.028,5258956,0.343,Africa,26000000.0,37000000.0,2003-12-01
0.017,,21397.0,Tunisia,11.0,,8028.0,27453084983.0,0.054,151.0,,0.022,0.065,,75.0,71.0,0.195,0.272,0.663,0.065,9839800,0.646,Africa,1935000000.0,355000000.0,2003-12-01
0.047,,1709.0,Uganda,34.0,,,6336696289.0,0.076,18.0,,0.077,0.005,0.189,51.0,51.0,0.029,0.494,0.481,0.026,26838428,0.125,Africa,185000000.0,,2003-12-01
0.045,,2101.0,Zambia,35.0,,6828.0,4341841414.0,0.067,27.0,,0.086,0.01,0.406,45.0,44.0,0.022,0.464,0.509,0.027,10894519,0.358,Africa,88000000.0,115000000.0,2003-12-01
0.032,,10627.0,Zimbabwe,97.0,,9500.0,5727591778.0,,,,0.058,0.064,0.973,42.0,43.0,0.029,0.416,0.549,0.035,12673103,0.345,Africa,61000000.0,,2003-12-01
0.047,,583.0,Afghanistan,,,,4583648922.0,0.1,18.0,,0.088,0.001,,57.0,55.0,0.009,0.494,0.485,0.02,23116142,0.222,Asia,,,2003-12-01
0.014,,3429.0,Armenia,18.0,,1981.0,2807061009.0,0.056,51.0,,0.023,0.046,0.208,76.0,69.0,0.038,0.233,0.655,0.112,3036032,0.643,Asia,90000000.0,97000000.0,2003-12-01
0.014,,30616.0,Azerbaijan,105.0,,12158.0,7275766111.0,0.066,57.0,,0.05,,0.155,71.0,65.0,0.126,0.28,0.658,0.062,8234100,0.52,Asia,70000000.0,120000000.0,2003-12-01
0.025,,33883.0,Bangladesh,50.0,,21713.0,51913661485.0,0.03,11.0,,0.056,0.002,0.16,67.0,66.0,0.01,0.354,0.605,0.042,139185986,0.254,Asia,59000000.0,389000000.0,2003-12-01
0.025,,378.0,Bhutan,62.0,,,622026107.0,0.051,51.0,,0.051,0.024,0.15,63.0,62.0,0.004,0.365,0.595,0.04,616383,0.287,Asia,8000000.0,,2003-12-01
0.021,,5357.0,Brunei,,,2505.0,6557333067.0,0.031,575.0,,0.008,0.196,0.055,79.0,75.0,0.502,0.295,0.675,0.03,353649,0.726,Asia,124000000.0,469000000.0,2003-12-01
0.026,,2380.0,Cambodia,94.0,,4115.0,4658246907.0,0.073,26.0,,0.063,0.003,,68.0,62.0,0.039,0.379,0.58,0.041,12934369,0.189,Asia,441000000.0,60000000.0,2003-12-01
0.012,,4525177.0,China,48.0,,1427554.0,1640000000000.0002,0.048,61.0,,0.024,0.062,0.053,75.0,72.0,0.207,0.225,0.702,0.074,1288400000,0.398,Asia,18707000000.0,16716000000.0,2003-12-01
0.012,,3773.0,Georgia,25.0,,2705.0,3991374540.0,0.085,74.0,,0.026,0.026,0.238,76.0,69.0,0.156,0.197,0.664,0.139,4328900,0.524,Asia,172000000.0,170000000.0,2003-12-01
0.007,,40066.0,"Hong Kong SAR, China",11.0,,13608.0,161000000000.0,,,,,0.522,0.05,84.0,79.0,1.064,0.155,0.728,0.117,6730800,1.0,Asia,9004000000.0,11447000000.0,2003-12-01
0.024,,1281914.0,India,89.0,,489507.0,618000000000.0,0.043,24.0,,0.06,0.017,0.115,65.0,62.0,0.031,0.33,0.624,0.046,1093786762,0.286,Asia,4560000000.0,4385000000.0,2003-12-01
0.021,,316792.0,Indonesia,168.0,,165366.0,235000000000.0,0.025,27.0,,0.036,0.024,0.169,70.0,66.0,0.085,0.301,0.651,0.048,218145617,0.444,Asia,4461000000.0,4427000000.0,2003-12-01
0.009,,1237429.0,Japan,31.0,,506237.0,4300000000000.0,0.08,2693.0,,0.003,0.484,0.018,85.0,78.0,0.685,0.141,0.672,0.188,127718000,0.832,Asia,11475000000.0,36505000000.0,2003-12-01
0.017,,153816.0,Kazakhstan,26.0,,43041.0,30833692831.0,0.037,77.0,,0.032,0.02,,72.0,61.0,0.09,0.257,0.67,0.074,14909018,0.551,Asia,638000000.0,783000000.0,2003-12-01
0.016,,77777.0,North Korea,,,20027.0,,,,,0.03,,,71.0,64.0,,0.253,0.679,0.068,23449180,0.596,Asia,,,2003-12-01
0.01,,466215.0,South Korea,17.0,,202717.0,681000000000.0,0.052,695.0,,0.005,0.655,0.062,81.0,74.0,0.721,0.199,0.716,0.085,47859311,0.807,Asia,7005000000.0,11063000000.0,2003-12-01
0.021,,5328.0,Kyrgyzstan,21.0,,2584.0,1919012781.0,0.054,21.0,,0.037,0.039,0.191,72.0,65.0,0.028,0.326,0.617,0.057,5043300,0.353,Asia,62000000.0,35000000.0,2003-12-01
0.029,,1129.0,Laos,153.0,,,2023324407.0,0.049,18.0,,0.075,0.003,0.305,65.0,62.0,0.02,0.418,0.545,0.037,5619069,0.251,Asia,77000000.0,5000000.0,2003-12-01
0.008,,1536.0,"Macao SAR, China",,,,7926373572.0,,,,,0.257,0.06,81.0,76.0,0.808,0.197,0.73,0.074,450711,1.0,Asia,5225000000.0,471000000.0,2003-12-01
0.02,,160266.0,Malaysia,37.0,,54619.0,110000000000.00002,0.039,172.0,,0.007,0.35,0.063,76.0,71.0,0.447,0.315,0.644,0.042,24890654,0.648,Asia,6799000000.0,3401000000.0,2003-12-01
0.022,,598.0,Maldives,13.0,,,949867662.0,0.06,199.0,,0.025,0.06,0.14,74.0,71.0,0.231,0.37,0.587,0.043,287594,0.313,Asia,402000000.0,60000000.0,2003-12-01
0.019,,8034.0,Mongolia,20.0,,2525.0,1595297301.0,0.074,48.0,,0.042,,0.319,68.0,61.0,0.129,0.311,0.652,0.037,2468595,0.604,Asia,154000000.0,144000000.0,2003-12-01
0.02,,9846.0,Myanmar,,,14064.0,,0.023,4.0,,0.054,0.0,0.15,65.0,61.0,0.001,0.29,0.661,0.048,49577152,0.281,Asia,70000000.0,36000000.0,2003-12-01
0.03,,2952.0,Nepal,31.0,,8707.0,6330476435.0,0.054,14.0,,0.052,0.004,0.074,65.0,63.0,0.003,0.399,0.559,0.041,24525527,0.146,Asia,232000000.0,119000000.0,2003-12-01
0.029,,118895.0,Pakistan,24.0,,68695.0,83244801093.0,0.029,16.0,,0.083,0.05,,65.0,64.0,0.016,0.395,0.564,0.04,152419974,0.341,Asia,620000000.0,1163000000.0,2003-12-01
0.028,,71532.0,Philippines,49.0,,38822.0,83908205720.0,0.032,33.0,,0.029,0.049,0.095,71.0,64.0,0.272,0.377,0.59,0.033,82604681,0.471,Asia,1821000000.0,1649000000.0,2003-12-01
0.011,,31133.0,Singapore,8.0,,25634.0,97002305536.0,0.036,823.0,,0.003,0.538,0.053,82.0,77.0,0.841,0.201,0.72,0.079,4114800,1.0,Asia,3842000000.0,8382000000.0,2003-12-01
0.019,,10660.0,Sri Lanka,58.0,,8682.0,18881765437.0,0.039,38.0,,0.013,0.015,0.103,77.0,70.0,0.071,0.258,0.675,0.067,19173000,0.184,Asia,709000000.0,462000000.0,2003-12-01
0.029,,2076.0,Tajikistan,,,2170.0,1554125543.0,0.045,11.0,,0.061,0.001,0.167,69.0,61.0,0.007,0.402,0.561,0.037,6529609,0.264,Asia,6200000.0,2100000.0,2003-12-01
0.013,,232198.0,Thailand,33.0,,89107.0,143000000000.0,0.036,79.0,,0.017,0.093,0.059,75.0,68.0,0.335,0.231,0.696,0.073,64488338,0.35,Asia,10456000000.0,3538000000.0,2003-12-01
0.039,,161.0,Timor-Leste,,,,436500000.0,0.075,24.0,,0.072,,0.167,63.0,60.0,0.021,0.491,0.483,0.026,933369,0.253,Asia,,,2003-12-01
0.023,,42215.0,Turkmenistan,,,17629.0,5977440583.0,0.038,95.0,,0.062,0.004,,68.0,60.0,0.002,0.342,0.613,0.045,4648037,0.466,Asia,,,2003-12-01
0.02,,122683.0,Uzbekistan,29.0,,51412.0,10128112401.0,0.052,20.0,,0.049,0.019,,71.0,64.0,0.013,0.349,0.605,0.046,25567650,0.37,Asia,48000000.0,,2003-12-01
0.017,,78767.0,Vietnam,59.0,,35111.0,42717072778.0,0.052,25.0,,0.025,0.038,0.095,79.0,70.0,0.033,0.289,0.646,0.065,80468400,0.261,Asia,1400000000.0,,2003-12-01
0.016,,4294.0,Albania,41.0,,1976.0,5652325082.0,0.062,108.0,,0.02,0.01,0.143,79.0,72.0,0.34,0.282,0.64,0.078,3033659,0.446,Europe,537000000.0,507000000.0,2003-12-01
0.01,,535.0,Andorra,,,,1917948475.0,0.058,1891.0,,0.003,0.135,,,,0.686,,,,75643,0.912,Europe,,,2003-12-01
0.01,,72317.0,Austria,25.0,,32214.0,254000000000.0,0.103,3223.0,,0.004,0.427,,82.0,76.0,0.893,0.165,0.678,0.157,8121423,0.658,Europe,15128000000.0,9761000000.0,2003-12-01
0.009,,53722.0,Belarus,79.0,,26009.0,17825436035.0,0.066,120.0,,0.009,,0.24,75.0,63.0,0.114,0.166,0.691,0.143,9797000,0.714,Europe,339000000.0,436000000.0,2003-12-01
0.011,,114836.0,Belgium,56.0,,59242.0,312000000000.0,0.1,3000.0,,0.004,0.5,0.069,81.0,75.0,0.829,0.173,0.655,0.172,10376133,0.973,Europe,8848000000.0,13402000000.0,2003-12-01
0.009,,23238.0,Bosnia and Herzegovina,68.0,,4400.0,8370020196.0,0.08,174.0,,0.007,0.04,0.109,78.0,73.0,0.276,0.194,0.684,0.122,3895779,0.392,Europe,404000000.0,145000000.0,2003-12-01
0.009,,47308.0,Bulgaria,32.0,,19399.0,20668176834.0,0.076,201.0,,0.016,0.12,0.085,76.0,69.0,0.448,0.143,0.685,0.171,7823557,0.699,Europe,2051000000.0,1467000000.0,2003-12-01
0.009,,23542.0,Croatia,29.0,,8812.0,34143409062.0,0.064,495.0,,0.006,0.228,0.116,78.0,71.0,0.575,0.164,0.67,0.166,4440000,0.56,Europe,6513000000.0,709000000.0,2003-12-01
0.012,,7748.0,Cyprus,,,2332.0,13319544758.0,0.068,1235.0,,0.005,0.301,0.069,81.0,76.0,0.553,0.209,0.686,0.105,998142,0.686,Europe,2325000000.0,700000000.0,2003-12-01
0.009,,122379.0,Czechia,40.0,,44415.0,95292530753.0,0.071,666.0,,0.005,0.343,0.059,79.0,72.0,0.951,0.154,0.707,0.139,10193998,0.737,Europe,4069000000.0,2177000000.0,2003-12-01
0.012,,55735.0,Denmark,7.0,,20087.0,213000000000.0,0.095,3756.0,,0.004,0.763,,80.0,75.0,0.886,0.188,0.663,0.149,5390574,0.854,Europe,5271000000.0,6659000000.0,2003-12-01
0.01,,17052.0,Estonia,72.0,,5188.0,9845187817.0,0.049,352.0,,0.007,0.453,0.055,77.0,66.0,0.784,0.161,0.676,0.163,1370720,0.69,Europe,883000000.0,404000000.0,2003-12-01
,,777.0,Faroe Islands,,,,1486861879.0,,,,,0.589,,82.0,77.0,0.787,,,,48308,0.387,Europe,,,2003-12-01
0.011,,68888.0,Finland,31.0,,36747.0,164000000000.0,0.082,2572.0,,0.003,0.692,0.041,82.0,75.0,0.911,0.177,0.668,0.155,5213014,0.826,Europe,2676000000.0,2954000000.0,2003-12-01
0.013,,387591.0,France,41.0,,265879.0,1790000000000.0,0.108,3137.0,,0.004,0.361,0.066,83.0,76.0,0.689,0.186,0.651,0.163,62242474,0.766,Europe,45990000000.0,32618000000.0,2003-12-01
0.009,,833406.0,Germany,45.0,,338070.0,2420000000000.0,0.109,3206.0,,0.004,0.559,,81.0,76.0,0.773,0.148,0.673,0.179,82534176,0.732,Europe,30104000000.0,73203000000.0,2003-12-01
0.01,,95738.0,Greece,38.0,,29141.0,193000000000.00003,0.089,1579.0,,0.006,0.178,0.068,81.0,77.0,0.81,0.146,0.674,0.18,11018324,0.737,Europe,10842000000.0,2439000000.0,2003-12-01
0.009,,59072.0,Hungary,52.0,,26136.0,83538373061.0,0.086,706.0,,0.008,0.216,0.096,77.0,68.0,0.783,0.16,0.685,0.155,10129552,0.655,Europe,4119000000.0,2700000000.0,2003-12-01
0.014,,2167.0,Iceland,,,3273.0,10969898924.0,0.106,4020.0,,0.003,0.831,0.12,83.0,80.0,0.965,0.225,0.658,0.117,289521,0.928,Europe,486000000.0,524000000.0,2003-12-01
0.015,,43337.0,Ireland,18.0,,14061.0,159000000000.0,0.073,2918.0,,0.005,0.343,0.028,81.0,76.0,0.873,0.208,0.681,0.111,3996521,0.599,Europe,5206000000.0,4832000000.0,2003-12-01
,,,Isle of Man,,,,2264911807.0,,,,,,,,,,,,,79001,0.519,Europe,,,2003-12-01
0.009,,468349.0,Italy,23.0,,179423.0,1510000000000.0,0.082,2157.0,,0.004,0.29,0.058,83.0,77.0,0.981,0.142,0.667,0.192,57313203,0.675,Europe,32591000000.0,23731000000.0,2003-12-01
0.018,,,Kosovo,,,1994.0,3355083117.0,,,,,,,71.0,66.0,,,,,1703466,,Europe,,,2003-12-01
0.009,,7088.0,Latvia,16.0,,4324.0,11186452601.0,0.062,295.0,,0.012,0.27,0.054,77.0,66.0,0.533,0.158,0.679,0.163,2287955,0.678,Europe,271000000.0,365000000.0,2003-12-01
0.01,,,Liechtenstein,,,,3070803431.0,,,,,0.588,,82.0,78.0,0.732,,,,34141,0.149,Europe,,,2003-12-01
0.009,,12915.0,Lithuania,26.0,,9253.0,18608709857.0,0.065,351.0,,0.009,0.259,0.058,78.0,67.0,0.622,0.18,0.673,0.147,3415213,0.667,Europe,700000000.0,476000000.0,2003-12-01
0.012,,9905.0,Luxembourg,,,3843.0,29144582393.0,0.077,4984.0,,0.003,0.546,,81.0,75.0,1.206,0.189,0.668,0.144,451630,0.857,Europe,3149000000.0,2445000000.0,2003-12-01
0.012,,11309.0,North Macedonia,48.0,,2776.0,4756221629.0,0.093,212.0,,0.013,0.191,0.16,76.0,71.0,0.373,0.208,0.684,0.108,2080866,0.579,Europe,86000000.0,71000000.0,2003-12-01
0.01,,2582.0,Malta,,,826.0,5119621569.0,0.082,1074.0,,0.006,0.316,0.059,81.0,76.0,0.704,0.185,0.691,0.123,398582,0.932,Europe,869000000.0,238000000.0,2003-12-01
0.012,,4290.0,Moldova,42.0,,3360.0,1980901554.0,0.083,46.0,,0.021,0.074,0.193,72.0,64.0,0.122,0.208,0.683,0.108,3612874,0.455,Europe,79000000.0,118000000.0,2003-12-01
,,,Monaco,,,,3588988601.0,0.039,4216.0,,0.004,0.495,,,,0.457,,,,32968,1.0,Europe,,,2003-12-01
0.013,,,Montenegro,,,,1707662608.0,0.091,254.0,,0.011,,,76.0,71.0,,0.205,0.67,0.125,613448,0.616,Europe,,,2003-12-01
0.012,,175041.0,Netherlands,9.0,,78010.0,538000000000.0,0.098,3249.0,,0.005,0.644,0.03,81.0,76.0,0.818,0.186,0.676,0.138,16225302,0.803,Europe,14603000000.0,15887000000.0,2003-12-01
0.012,,42625.0,Norway,18.0,,27020.0,225000000000.0,0.106,5220.0,,0.004,0.781,0.047,82.0,77.0,0.891,0.199,0.653,0.148,4564855,0.772,Europe,2989000000.0,7089000000.0,2003-12-01
0.009,,304856.0,Poland,31.0,,91105.0,217000000000.0,0.062,354.0,,0.007,0.249,0.073,79.0,71.0,0.455,0.174,0.696,0.13,38204570,0.617,Europe,4733000000.0,3286000000.0,2003-12-01
0.011,,61276.0,Portugal,78.0,,25129.0,162000000000.0,0.097,1514.0,,0.004,0.297,,81.0,74.0,0.958,0.158,0.674,0.168,10458821,0.563,Europe,7634000000.0,2982000000.0,2003-12-01
0.01,,95940.0,Romania,29.0,,39525.0,59466017706.0,0.053,146.0,,0.021,0.089,0.254,75.0,68.0,0.317,0.166,0.691,0.143,21574326,0.529,Europe,523000000.0,572000000.0,2003-12-01
0.01,,1604973.0,Russia,43.0,,645323.0,430000000000.0,0.056,167.0,,0.017,0.083,0.13,72.0,59.0,0.249,0.162,0.705,0.134,144667468,0.734,Europe,5879000000.0,13427000000.0,2003-12-01
,,,San Marino,,,,1122981525.0,0.051,2837.0,,0.004,0.5,0.075,85.0,78.0,0.589,,,,28700,0.94,Europe,,,2003-12-01
0.011,,,Serbia,56.0,,16635.0,19550781969.0,0.088,171.0,,0.009,,0.155,75.0,70.0,,0.189,0.674,0.137,7480591,0.54,Europe,159000000.0,144000000.0,2003-12-01
0.01,,39494.0,Slovakia,103.0,,18639.0,45837416479.0,0.058,360.0,,0.009,0.43,0.085,78.0,70.0,0.683,0.179,0.706,0.116,5373374,0.559,Europe,876000000.0,662000000.0,2003-12-01
0.009,,15500.0,Slovenia,60.0,,6912.0,29152072068.0,0.086,1263.0,,0.004,0.319,0.108,81.0,73.0,0.873,0.147,0.703,0.15,1995733,0.507,Europe,1427000000.0,805000000.0,2003-12-01
0.01,,321097.0,Spain,114.0,,133196.0,884000000000.0,0.082,1730.0,,0.005,0.399,,83.0,76.0,0.886,0.145,0.687,0.169,42187645,0.768,Europe,43863000000.0,11330000000.0,2003-12-01
0.011,,54781.0,Sweden,16.0,,50618.0,315000000000.0,0.093,3277.0,,0.003,0.791,0.048,82.0,78.0,0.984,0.179,0.649,0.172,8958229,0.842,Europe,6548000000.0,9375000000.0,2003-12-01
0.01,,40205.0,Switzerland,20.0,,25996.0,335000000000.0,0.109,5002.0,,0.004,0.651,0.033,83.0,78.0,0.849,0.168,0.676,0.156,7339001,0.734,Europe,10493000000.0,8614000000.0,2003-12-01
0.02,,218509.0,Türkiye,38.0,,77833.0,303000000000.0,0.053,232.0,,0.029,0.123,,75.0,68.0,0.423,0.293,0.643,0.064,65938265,0.666,Europe,13203000000.0,2113000000.0,2003-12-01
0.009,,352259.0,Ukraine,40.0,,144641.0,50132953288.0,0.069,73.0,,0.014,0.031,0.179,74.0,63.0,0.136,0.156,0.693,0.15,47812950,0.674,Europe,1204000000.0,953000000.0,2003-12-01
0.012,,540640.0,United Kingdom,13.0,,222080.0,1880000000000.0,0.078,2444.0,,0.005,0.648,0.037,81.0,76.0,0.909,0.183,0.658,0.159,59647577,0.793,Europe,30736000000.0,58627000000.0,2003-12-01
0.02,,16468.0,Bahrain,,,6752.0,11075116594.0,0.037,536.0,,0.01,0.216,0.083,76.0,74.0,0.574,0.294,0.683,0.023,772058,0.884,Middle East,1206000000.0,492000000.0,2003-12-01
0.018,,418859.0,Iran,29.0,,142649.0,135000000000.00002,0.047,97.0,,0.024,0.069,,72.0,70.0,0.05,0.289,0.664,0.047,68543171,0.662,Middle East,1266000000.0,4120000000.0,2003-12-01
0.035,,91118.0,Iraq,,,27086.0,,0.044,16.0,,0.034,0.006,,73.0,68.0,0.003,0.422,0.543,0.035,25959531,0.687,Middle East,,,2003-12-01
0.022,,65122.0,Israel,20.0,,19730.0,119000000000.0,0.077,1364.0,,0.005,0.196,0.106,82.0,78.0,1.042,0.28,0.62,0.1,6689700,0.914,Middle East,2473000000.0,3341000000.0,2003-12-01
0.03,,17470.0,Jordan,79.0,,5176.0,10193023726.0,0.092,187.0,,0.022,0.085,0.093,74.0,71.0,0.266,0.387,0.582,0.031,5164000,0.806,Middle East,1266000000.0,503000000.0,2003-12-01
0.022,,61657.0,Kuwait,35.0,,22001.0,47875837662.0,0.032,728.0,,0.01,0.224,0.054,75.0,73.0,0.671,0.256,0.71,0.034,2116353,0.982,Middle East,328000000.0,3750000000.0,2003-12-01
0.016,,18221.0,Lebanon,46.0,,5220.0,20082918740.0,0.093,498.0,,0.014,0.08,0.134,78.0,74.0,0.216,0.284,0.643,0.073,3690110,0.863,Middle East,6782000000.0,3319000000.0,2003-12-01
0.022,,32391.0,Oman,35.0,,9350.0,21542262852.0,0.032,294.0,,0.012,0.073,0.082,76.0,72.0,0.249,0.364,0.612,0.025,2389121,0.715,Middle East,546000000.0,804000000.0,2003-12-01
0.017,,36157.0,Qatar,,,14185.0,23533790531.0,0.041,1476.0,,0.01,0.192,,78.0,76.0,0.57,0.269,0.716,0.015,660238,0.969,Middle East,369000000.0,471000000.0,2003-12-01
0.024,,327272.0,Saudi Arabia,74.0,,121382.0,215000000000.0,0.04,384.0,,0.018,0.08,,75.0,72.0,0.317,0.359,0.608,0.033,22852333,0.805,Middle East,3418000000.0,4165000000.0,2003-12-01
0.028,,54286.0,Syria,43.0,,16543.0,21828144686.0,0.051,60.0,,0.018,0.034,0.075,76.0,72.0,0.069,0.396,0.57,0.034,17298476,0.53,Middle East,877000000.0,734000000.0,2003-12-01
0.016,,106842.0,United Arab Emirates,19.0,,40190.0,124000000000.0,0.026,968.0,,0.009,0.295,,76.0,74.0,0.882,0.234,0.756,0.01,3369254,0.815,Middle East,1438000000.0,3956000000.0,2003-12-01
0.037,,17305.0,Yemen,72.0,,5667.0,11777768087.0,0.05,35.0,,0.061,0.006,0.18,63.0,60.0,0.035,0.47,0.503,0.027,19081306,0.278,Middle East,139000000.0,134000000.0,2003-12-01
,,,American Samoa,,,,,,,,,,,,,0.036,,,,59117,0.883,Oceania,,,2003-12-01
0.013,,346476.0,Australia,3.0,,110814.0,467000000000.0,0.083,2323.0,,0.005,,0.084,83.0,78.0,0.719,0.202,0.671,0.127,19895400,0.877,Oceania,16647000000.0,10135000000.0,2003-12-01
0.024,,862.0,Fiji Islands,45.0,,,2315935753.0,0.034,95.0,,0.02,0.067,0.076,71.0,66.0,0.134,0.324,0.638,0.038,817224,0.491,Oceania,496000000.0,88000000.0,2003-12-01
0.019,,799.0,French Polynesia,,,,,,,,,0.141,,76.0,71.0,0.242,0.294,0.659,0.046,248536,0.56,Oceania,651000000.0,335000000.0,2003-12-01
0.02,,,Guam,,,,,,,,,0.337,,79.0,74.0,0.506,0.3,0.64,0.06,157823,0.934,Oceania,,,2003-12-01
0.026,,40.0,Kiribati,21.0,,,90148518.0,0.096,103.0,,0.051,0.03,,69.0,63.0,0.006,0.383,0.582,0.035,87371,0.435,Oceania,,,2003-12-01
,,84.0,Marshall Islands,17.0,,,126887585.0,0.173,411.0,,0.033,0.026,,,,0.011,,,,52115,0.693,Oceania,4000000.0,300000.0,2003-12-01
0.028,,147.0,"Micronesia, Fed. Sts.",16.0,,,244990984.0,0.095,218.0,,0.039,0.092,0.15,68.0,67.0,0.055,0.393,0.568,0.039,106816,0.223,Oceania,17000000.0,6000000.0,2003-12-01
0.018,,2750.0,New Caledonia,,,,,,,,,0.264,,79.0,72.0,0.439,0.278,0.659,0.063,225735,0.629,Oceania,196000000.0,128000000.0,2003-12-01
0.014,,33938.0,New Zealand,12.0,,16847.0,87440435752.0,0.079,1602.0,,0.006,0.61,0.07,81.0,77.0,0.646,0.221,0.661,0.119,4027200,0.86,Oceania,4232000000.0,1649000000.0,2003-12-01
0.034,,3968.0,Papua New Guinea,51.0,,,3536459120.0,0.041,25.0,,0.057,0.014,0.134,62.0,58.0,0.003,0.401,0.573,0.026,5803302,0.131,Oceania,4900000.0,52000000.0,2003-12-01
0.03,,150.0,Samoa,42.0,,,301905953.0,0.051,93.0,,0.017,0.028,0.113,74.0,67.0,0.059,0.401,0.552,0.047,177677,0.217,Oceania,54000000.0,,2003-12-01
0.035,,180.0,Solomon Islands,56.0,,,332736307.0,0.06,45.0,,0.029,0.006,0.147,66.0,63.0,0.002,0.415,0.556,0.029,446335,0.17,Oceania,1600000.0,6400000.0,2003-12-01
0.029,,176.0,Tonga,32.0,,,208098552.0,0.051,106.0,,0.014,0.03,0.113,74.0,69.0,0.112,0.382,0.559,0.06,99691,0.231,Oceania,10300000.0,13200000.0,2003-12-01
0.031,,81.0,Vanuatu,39.0,,,314463144.0,0.037,58.0,,0.018,0.039,0.059,71.0,67.0,0.039,0.404,0.564,0.032,198952,0.225,Oceania,83000000.0,14000000.0,2003-12-01
0.019,,389.0,Antigua and Barbuda,,,,849234754.0,0.044,457.0,,0.012,0.172,0.128,77.0,72.0,0.57,0.288,0.64,0.071,80904,0.305,The Americas,300000000.0,35000000.0,2003-12-01
0.018,,133127.0,Argentina,66.0,,59047.0,156999999999.99997,0.082,280.0,,0.017,0.119,0.191,78.0,71.0,0.207,0.27,0.629,0.101,37970411,0.897,The Americas,2306000000.0,2997000000.0,2003-12-01
0.013,,2255.0,Aruba,,,,2021301676.0,,,,,0.208,0.115,76.0,72.0,0.721,0.221,0.698,0.081,97015,0.456,The Americas,858000000.0,213000000.0,2003-12-01
0.016,,1518.0,"Bahamas, The",,,,6949317000.0,0.056,1237.0,,0.013,0.2,0.06,76.0,70.0,0.387,0.271,0.67,0.059,315624,0.822,The Americas,1770000000.0,404000000.0,2003-12-01
0.013,,1269.0,Barbados,,,,3271200000.0,0.071,702.0,,0.015,0.397,0.085,76.0,71.0,0.517,0.211,0.677,0.112,270844,0.333,The Americas,767000000.0,153000000.0,2003-12-01
0.028,,374.0,Belize,,,,990350000.0,0.045,174.0,,0.019,,0.143,75.0,68.0,0.234,0.388,0.57,0.042,258346,0.469,The Americas,150000000.0,50000000.0,2003-12-01
0.013,,510.0,Bermuda,,,,4186525000.0,,,,,0.565,,81.0,76.0,0.628,,,,63325,1.0,The Americas,348000000.0,248000000.0,2003-12-01
0.03,,14129.0,Bolivia,60.0,,3688.0,8082396526.0,0.056,50.0,,0.049,0.035,0.177,66.0,62.0,0.142,0.39,0.567,0.043,9016787,0.633,The Americas,243000000.0,197000000.0,2003-12-01
0.019,,321622.0,Brazil,152.0,,198976.0,552000000000.0,0.07,214.0,,0.024,0.132,0.671,75.0,67.0,0.255,0.283,0.658,0.059,181752951,0.822,The Americas,2673000000.0,2874000000.0,2003-12-01
0.011,,553185.0,Canada,3.0,,262038.0,888000000000.0001,0.098,2680.0,,0.005,0.642,0.047,82.0,77.0,0.421,0.183,0.689,0.129,31676000,0.8,The Americas,12236000000.0,16309000000.0,2003-12-01
,,480.0,Cayman Islands,,,,,,,,,,,,,0.457,,,,46032,1.0,The Americas,518000000.0,,2003-12-01
0.016,,55078.0,Chile,27.0,,25833.0,77840186385.0,0.071,338.0,,0.008,0.255,0.062,81.0,75.0,0.454,0.261,0.662,0.077,15995658,0.869,The Americas,1309000000.0,1109000000.0,2003-12-01
0.022,,57422.0,Colombia,60.0,,25736.0,94684582573.0,0.059,134.0,,0.02,0.074,0.152,76.0,68.0,0.148,0.316,0.635,0.049,41872051,0.73,The Americas,1191000000.0,1349000000.0,2003-12-01
0.018,,6626.0,Costa Rica,77.0,,3297.0,17517536016.0,0.081,343.0,,0.009,0.203,0.256,81.0,76.0,0.187,0.293,0.65,0.057,4171145,0.631,The Americas,1424000000.0,434000000.0,2003-12-01
0.012,,25486.0,Cuba,,,11662.0,35901500000.0,0.063,202.0,,0.006,0.052,,79.0,75.0,0.003,0.204,0.691,0.105,11245926,0.759,The Americas,1999000000.0,,2003-12-01
,,,Curacao,,,,,,,,,,,,,,0.225,0.66,0.114,131253,0.908,The Americas,223000000.0,176000000.0,2003-12-01
,,114.0,Dominica,,,,340803913.0,0.049,240.0,,0.013,0.236,0.115,,,0.34,,,,70058,0.66,The Americas,52000000.0,9000000.0,2003-12-01
0.024,,21888.0,Dominican Republic,77.0,,7479.0,21268012747.0,0.065,143.0,,0.031,0.079,0.314,74.0,68.0,0.231,0.338,0.607,0.055,9071318,0.646,The Americas,3128000000.0,408000000.0,2003-12-01
0.024,,26523.0,Ecuador,92.0,,9712.0,32432859000.0,0.067,164.0,,0.026,0.045,0.136,77.0,71.0,0.181,0.334,0.612,0.054,13279806,0.613,The Americas,408000000.0,500000000.0,2003-12-01
0.022,,6553.0,El Salvador,115.0,,4418.0,15046700000.0,0.073,182.0,,0.023,0.025,,75.0,66.0,0.191,0.369,0.572,0.059,6029366,0.606,The Americas,664000000.0,311000000.0,2003-12-01
0.016,,532.0,Greenland,,,,1426452030.0,,,,,0.545,,71.0,66.0,0.524,,,,56765,0.823,The Americas,,,2003-12-01
0.019,,216.0,Grenada,,,,596339089.0,0.062,359.0,,0.013,0.186,0.12,73.0,69.0,0.413,0.319,0.603,0.077,102369,0.36,The Americas,104000000.0,8000000.0,2003-12-01
0.035,,10502.0,Guatemala,39.0,,7436.0,21917565500.0,0.064,116.0,,0.036,0.045,0.15,73.0,66.0,0.169,0.436,0.522,0.042,12062835,0.463,The Americas,646000000.0,373000000.0,2003-12-01
0.022,,1566.0,Guyana,,,,741929343.0,0.056,55.0,,0.037,,0.15,68.0,61.0,0.183,0.36,0.599,0.041,753612,0.284,The Americas,28000000.0,30000000.0,2003-12-01
0.03,,1734.0,Haiti,202.0,,2218.0,2826481072.0,0.053,17.0,,0.069,0.016,0.442,60.0,57.0,0.036,0.389,0.57,0.041,8996229,0.406,The Americas,96000000.0,202000000.0,2003-12-01
0.03,,6769.0,Honduras,62.0,,3647.0,8140294080.0,0.083,103.0,,0.028,0.048,0.208,74.0,69.0,0.057,0.409,0.55,0.041,6628171,0.472,The Americas,372000000.0,274000000.0,2003-12-01
0.017,,10722.0,Jamaica,31.0,,3728.0,9430236065.0,0.046,162.0,,0.019,0.078,0.189,74.0,68.0,0.596,0.318,0.606,0.076,2624695,0.524,The Americas,1621000000.0,269000000.0,2003-12-01
0.023,,405633.0,Mexico,58.0,,153665.0,713000000000.0,0.058,397.0,,0.018,0.129,0.07,78.0,73.0,0.279,0.33,0.618,0.051,108056312,0.757,The Americas,10058000000.0,7252000000.0,2003-12-01
0.026,,4411.0,Nicaragua,46.0,,2758.0,5322437648.0,0.061,61.0,,0.029,0.019,0.155,74.0,68.0,0.088,0.391,0.57,0.039,5317878,0.555,The Americas,160000000.0,139000000.0,2003-12-01
0.023,,6153.0,Panama,18.0,,2649.0,12933200000.0,0.076,303.0,,0.02,0.1,0.099,78.0,73.0,0.214,0.313,0.629,0.058,3240805,0.631,The Americas,804000000.0,267000000.0,2003-12-01
0.027,,4070.0,Paraguay,74.0,,3965.0,6588103836.0,0.061,71.0,,0.025,0.021,0.5,73.0,69.0,0.312,0.368,0.586,0.046,5682350,0.569,The Americas,81000000.0,115000000.0,2003-12-01
0.023,,26380.0,Peru,98.0,,11638.0,57840001637.0,0.045,102.0,,0.025,0.116,0.21,74.0,69.0,0.108,0.328,0.62,0.052,27073334,0.742,The Americas,1023000000.0,847000000.0,2003-12-01
0.013,,,Puerto Rico,7.0,,,75833996000.0,,,,,0.197,,82.0,74.0,0.452,0.227,0.654,0.118,3826095,0.942,The Americas,2677000000.0,1420000000.0,2003-12-01
,,,Sint Maarten (Dutch part),,,,,,,,,,,,,,,,,33791,1.0,The Americas,538000000.0,144000000.0,2003-12-01
,,220.0,St. Kitts and Nevis,,,,461576906.0,0.037,359.0,,0.012,0.23,0.122,,,0.461,,,,47679,0.323,The Americas,75000000.0,8000000.0,2003-12-01
0.018,,359.0,St. Lucia,,,,781338353.0,0.062,299.0,,0.015,0.21,0.15,74.0,70.0,0.612,0.3,0.628,0.072,161766,0.252,The Americas,282000000.0,36000000.0,2003-12-01
0.017,,,St. Martin (French part),,,,,,,,,,,81.0,74.0,,,,,27363,,The Americas,,,2003-12-01
0.019,,194.0,St. Vincent and the Grenadines,,,,482397041.0,0.039,174.0,,0.019,0.065,0.118,73.0,69.0,0.581,0.296,0.632,0.072,108353,0.463,The Americas,91000000.0,13000000.0,2003-12-01
0.021,,2241.0,Suriname,,,,1271196078.0,0.066,173.0,,0.028,0.047,0.21,72.0,65.0,0.346,0.301,0.639,0.059,486867,0.667,The Americas,18000000.0,68000000.0,2003-12-01
0.015,,27697.0,Trinidad and Tobago,,,13541.0,11235960523.0,0.051,449.0,,0.025,0.26,0.112,73.0,65.0,0.262,0.23,0.701,0.069,1283868,0.102,The Americas,437000000.0,143000000.0,2003-12-01
,,103.0,Turks and Caicos Islands,,,,,,,,,,,,,,,,,23412,0.866,The Americas,,,2003-12-01
0.014,,5681664.0,United States,6.0,,2261151.0,11500000000000.0,0.156,5993.0,,0.007,0.617,0.041,80.0,75.0,0.548,0.209,0.669,0.123,290107933,0.796,The Americas,102000000000.0,82091000000.0,2003-12-01
0.016,,4598.0,Uruguay,45.0,,2523.0,12045627411.0,0.097,351.0,,0.013,0.159,0.589,79.0,72.0,0.15,0.242,0.625,0.134,3325411,0.928,The Americas,419000000.0,236000000.0,2003-12-01
0.023,,192103.0,Venezuela,141.0,,52881.0,83622191419.0,0.059,190.0,,0.017,0.075,0.252,76.0,70.0,0.272,0.322,0.63,0.048,25797219,0.885,The Americas,378000000.0,1311000000.0,2003-12-01
0.02,,89493.0,Algeria,25.0,,30974.0,85324997370.0,0.035,90.0,,0.03,0.046,0.08,71.0,68.0,0.146,0.297,0.66,0.043,33461345,0.631,Africa,178000000.0,341000000.0,2004-12-01
0.05,,18793.0,Angola,119.0,,9676.0,19640862550.0,0.051,63.0,,0.123,0.005,0.823,49.0,47.0,0.046,0.477,0.498,0.025,15976715,0.354,Africa,82000000.0,86000000.0,2004-12-01
0.041,,2512.0,Benin,31.0,,2491.0,4050869968.0,0.046,23.0,,0.078,0.012,,58.0,55.0,0.058,0.447,0.525,0.028,7922796,0.396,Africa,121000000.0,59000000.0,2004-12-01
0.026,,4378.0,Botswana,107.0,,1857.0,8957491785.0,0.049,268.0,,0.046,0.033,0.158,48.0,47.0,0.282,0.362,0.607,0.032,1854739,0.548,Africa,582000000.0,280000000.0,2004-12-01
0.045,,1104.0,Burkina Faso,40.0,,,4838551014.0,0.061,24.0,,0.089,0.004,,53.0,51.0,0.03,0.466,0.508,0.026,13034258,0.208,Africa,52000000.0,67000000.0,2004-12-01
0.043,,198.0,Burundi,13.0,,,915257323.0,0.097,9.0,,0.079,0.003,0.183,51.0,48.0,0.013,0.461,0.512,0.028,7510771,0.091,Africa,1800000.0,29000000.0,2004-12-01
0.041,,3957.0,Cameroon,45.0,,6959.0,15775356737.0,0.046,41.0,,0.081,0.01,0.18,53.0,51.0,0.087,0.445,0.522,0.033,17674960,0.479,Africa,212000000.0,394000000.0,2004-12-01
0.038,,213.0,Central African Republic,22.0,,,1270080228.0,0.041,14.0,,0.111,0.002,0.18,46.0,43.0,0.015,0.42,0.54,0.04,3893595,0.38,Africa,7800000.0,32000000.0,2004-12-01
0.05,,378.0,Chad,64.0,,,4414929142.0,0.051,23.0,,0.102,0.004,0.18,48.0,47.0,0.013,0.492,0.481,0.027,9665024,0.218,Africa,,,2004-12-01
0.039,,103.0,Comoros,,,34.0,362420484.0,0.04,25.0,,0.071,0.013,0.11,60.0,57.0,0.014,0.414,0.556,0.03,585389,0.279,Africa,21000000.0,9000000.0,2004-12-01
0.046,,1936.0,Congo (Kinshasa),133.0,,19231.0,10297481118.0,0.054,7.0,,0.108,0.002,,49.0,46.0,0.038,0.463,0.509,0.028,52487293,0.37,Africa,,,2004-12-01
0.039,,1181.0,Congo (Brazzaville),37.0,,1020.0,4648628839.0,0.026,34.0,,0.066,0.011,0.18,55.0,52.0,0.111,0.422,0.543,0.035,3448868,0.605,Africa,23100000.0,176000000.0,2004-12-01
0.037,,7664.0,Cote d'Ivoire,58.0,,9302.0,15481092596.0,0.056,50.0,,0.091,0.008,,48.0,46.0,0.098,0.423,0.548,0.029,17144325,0.462,Africa,91000000.0,571000000.0,2004-12-01
0.029,,458.0,Djibouti,,,133.0,666072102.0,0.068,57.0,,0.073,0.008,0.112,59.0,56.0,0.045,0.381,0.586,0.033,765776,0.767,Africa,6800000.0,14000000.0,2004-12-01
0.024,,150912.0,Egypt,37.0,,53536.0,78845185709.0,0.053,57.0,,0.027,0.119,0.134,72.0,67.0,0.108,0.33,0.616,0.054,70591288,0.43,Africa,6328000000.0,1543000000.0,2004-12-01
0.038,,5218.0,Equatorial Guinea,,,762.0,4410764261.0,0.021,191.0,,0.089,0.008,0.18,50.0,47.0,0.106,0.41,0.557,0.033,585983,0.388,Africa,,,2004-12-01
0.04,,770.0,Eritrea,91.0,,744.0,1109054002.0,0.029,7.0,,0.049,,,60.0,56.0,0.004,0.44,0.541,0.019,4665522,0.186,Africa,73000000.0,,2004-12-01
0.04,,5244.0,Ethiopia,34.0,,28377.0,9945571030.0,0.043,6.0,,0.074,0.002,0.07,56.0,55.0,0.002,0.464,0.505,0.031,74066147,0.155,Africa,458000000.0,59000000.0,2004-12-01
0.033,,1767.0,Gabon,,,1629.0,7178135606.0,0.034,180.0,,0.052,0.03,0.18,61.0,59.0,0.363,0.397,0.546,0.057,1347125,0.828,Africa,74000000.0,275000000.0,2004-12-01
0.044,,323.0,"Gambia, The",,,108.0,578785601.0,0.044,18.0,,0.058,0.033,0.365,58.0,55.0,0.126,0.46,0.515,0.026,1391934,0.515,Africa,51000000.0,6000000.0,2004-12-01
0.034,,7349.0,Ghana,22.0,,8267.0,8881419348.0,0.061,26.0,,0.059,0.017,,59.0,57.0,0.081,0.404,0.562,0.033,20835514,0.466,Africa,495000000.0,270000000.0,2004-12-01
0.04,,1342.0,Guinea,40.0,,,3666349049.0,0.053,20.0,,0.088,0.005,,52.0,52.0,0.017,0.437,0.53,0.033,9379621,0.324,Africa,,29000000.0,2004-12-01
0.04,,202.0,Guinea-Bissau,,,86.0,522651788.0,0.053,20.0,,0.099,0.018,,53.0,51.0,0.028,0.43,0.54,0.029,1390791,0.4,Africa,2200000.0,22300000.0,2004-12-01
0.039,,7624.0,Kenya,47.0,,15552.0,16095321631.0,0.043,20.0,,0.063,0.03,0.125,55.0,53.0,0.073,0.429,0.543,0.027,34834606,0.213,Africa,799000000.0,108000000.0,2004-12-01
0.029,,,Lesotho,93.0,,28.0,1234197704.0,0.07,45.0,,0.084,0.022,0.124,44.0,43.0,0.103,0.4,0.553,0.046,1912022,0.217,Africa,26000000.0,278000000.0,2004-12-01
0.041,,627.0,Liberia,,,,467000000.0,0.088,13.0,,0.09,0.0,0.181,55.0,53.0,0.03,0.433,0.537,0.03,3184643,0.457,Africa,59000000.0,29000000.0,2004-12-01
0.023,,50359.0,Libya,,,17796.0,33384615385.0,0.035,205.0,,0.021,0.035,0.061,75.0,72.0,0.091,0.31,0.648,0.042,5507000,0.768,Africa,261000000.0,789000000.0,2004-12-01
0.038,,1808.0,Madagascar,44.0,,,4363934417.0,0.049,12.0,,0.058,0.005,0.255,62.0,59.0,0.019,0.45,0.52,0.029,17763367,0.282,Africa,239000000.0,108000000.0,2004-12-01
0.043,,975.0,Malawi,39.0,,,2625127098.0,0.078,16.0,,0.078,0.003,0.368,48.0,48.0,0.018,0.461,0.508,0.03,12569091,0.15,Africa,74000000.0,70000000.0,2004-12-01
0.048,,565.0,Mali,41.0,,,4874178417.0,0.063,27.0,,0.101,0.004,,51.0,51.0,0.035,0.462,0.506,0.031,11572936,0.313,Africa,142000000.0,125000000.0,2004-12-01
0.037,,1632.0,Mauritania,82.0,,,1833445283.0,0.059,28.0,,0.075,0.005,0.21,62.0,59.0,0.171,0.418,0.551,0.032,3055425,0.524,Africa,,,2004-12-01
0.016,,3194.0,Mauritius,46.0,,1019.0,6385691315.0,0.042,227.0,,0.014,0.137,0.21,76.0,69.0,0.453,0.246,0.689,0.065,1233386,0.418,Africa,1156000000.0,277000000.0,2004-12-01
0.02,,43311.0,Morocco,12.0,,12221.0,56948015336.0,0.052,99.0,,0.037,0.116,0.115,71.0,67.0,0.313,0.314,0.636,0.049,29855820,0.546,Africa,4540000000.0,912000000.0,2004-12-01
0.044,,1922.0,Mozambique,153.0,,8375.0,5697991241.0,0.059,16.0,,0.095,0.007,0.221,49.0,46.0,0.035,0.446,0.522,0.032,20438827,0.298,Africa,96000000.0,140000000.0,2004-12-01
0.03,,1962.0,Namibia,85.0,,1163.0,6606866450.0,0.065,213.0,,0.048,0.038,0.114,57.0,53.0,0.143,0.4,0.567,0.033,2003320,0.357,Africa,426000000.0,123000000.0,2004-12-01
0.052,,964.0,Niger,35.0,,,3052898686.0,0.071,16.0,,0.086,0.002,,53.0,53.0,0.014,0.488,0.487,0.025,12708897,0.166,Africa,32000000.0,42000000.0,2004-12-01
0.043,,97047.0,Nigeria,36.0,,101751.0,87845403978.0,0.07,45.0,,0.1,0.013,0.192,49.0,48.0,0.067,0.435,0.538,0.027,135999250,0.382,Africa,49000000.0,,2004-12-01
0.039,,689.0,Rwanda,18.0,,,2089188921.0,0.058,13.0,,0.075,0.004,0.165,55.0,52.0,0.015,0.446,0.528,0.026,9254379,0.184,Africa,44000000.0,31000000.0,2004-12-01
0.038,,73.0,Sao Tome and Principe,192.0,,38.0,110723362.0,0.11,79.0,,0.05,0.133,0.298,66.0,62.0,0.051,0.422,0.537,0.04,150842,0.571,Africa,7700000.0,2100000.0,2004-12-01
0.039,,5280.0,Senegal,59.0,,2736.0,8031344240.0,0.057,42.0,,0.059,0.044,,62.0,58.0,0.102,0.443,0.526,0.032,10967568,0.409,Africa,286000000.0,138000000.0,2004-12-01
0.017,,744.0,Seychelles,,,256.0,839319935.0,0.043,421.0,,0.012,0.243,0.1,76.0,69.0,0.634,0.25,0.673,0.076,82500,0.508,Africa,256000000.0,53000000.0,2004-12-01
0.042,,642.0,Sierra Leone,26.0,,,1431208677.0,0.154,45.0,,0.13,0.002,0.221,42.0,41.0,,0.427,0.549,0.024,4928175,0.366,Africa,58000000.0,30000000.0,2004-12-01
0.047,,576.0,Somalia,,,,,,,,0.105,0.011,,54.0,51.0,0.061,0.477,0.494,0.029,8249965,0.348,Africa,,,2004-12-01
0.023,,427132.0,South Africa,38.0,,128722.0,219000000000.0,0.089,410.0,,0.052,0.084,0.113,53.0,51.0,0.438,0.312,0.647,0.042,47019452,0.59,Africa,7571000000.0,4237000000.0,2004-12-01
0.04,,,South Sudan,,,,,,,,0.091,,,52.0,50.0,,0.442,0.526,0.032,7730180,0.17,Africa,,,2004-12-01
0.038,,11382.0,Sudan,39.0,,14769.0,21457886199.0,0.041,29.0,,0.063,0.008,,61.0,58.0,0.028,0.433,0.536,0.03,30778572,0.327,Africa,21000000.0,176000000.0,2004-12-01
0.032,,1030.0,Eswatini,,,406.0,2420610579.0,0.059,130.0,,0.082,0.032,0.113,46.0,46.0,0.132,0.424,0.545,0.031,1094758,0.222,Africa,75000000.0,54000000.0,2004-12-01
0.042,,4353.0,Tanzania,28.0,,16198.0,12825801917.0,0.034,12.0,,0.061,0.009,0.141,53.0,52.0,0.051,0.446,0.524,0.03,37765139,0.242,Africa,762000000.0,470000000.0,2004-12-01
0.038,,1397.0,Togo,65.0,,2327.0,1937074538.0,0.059,21.0,,0.07,0.015,,55.0,53.0,0.062,0.431,0.541,0.028,5397851,0.347,Africa,25000000.0,38000000.0,2004-12-01
0.017,,22446.0,Tunisia,11.0,,8463.0,31183139301.0,0.056,179.0,,0.021,0.085,,75.0,71.0,0.376,0.265,0.669,0.066,9932400,0.649,Africa,2432000000.0,427000000.0,2004-12-01
0.047,,1852.0,Uganda,34.0,,,7940362663.0,0.079,24.0,,0.073,0.007,0.206,52.0,52.0,0.042,0.494,0.481,0.025,27766986,0.128,Africa,268000000.0,158000000.0,2004-12-01
0.044,,2131.0,Zambia,35.0,,7005.0,5439176376.0,0.067,33.0,,0.081,0.02,0.307,46.0,45.0,0.042,0.466,0.507,0.027,11174650,0.362,Africa,92000000.0,86000000.0,2004-12-01
0.032,,9927.0,Zimbabwe,97.0,,9269.0,5805598443.0,,,,0.058,0.066,2.789,43.0,44.0,0.034,0.415,0.549,0.036,12693047,0.343,Africa,194000000.0,,2004-12-01
0.046,,733.0,Afghanistan,9.0,,,5285461999.0,0.098,19.0,,0.086,0.001,,58.0,55.0,0.025,0.494,0.486,0.02,24018682,0.226,Asia,,,2004-12-01
0.014,,3645.0,Armenia,18.0,,2095.0,3576615240.0,0.055,65.0,,0.022,0.049,0.186,76.0,70.0,0.067,0.225,0.66,0.115,3025652,0.642,Asia,188000000.0,216000000.0,2004-12-01
0.016,,32090.0,Azerbaijan,121.0,,12786.0,8680511918.0,0.079,81.0,,0.047,,0.157,71.0,66.0,0.172,0.27,0.667,0.064,8306500,0.522,Asia,79000000.0,140000000.0,2004-12-01
0.024,,39750.0,Bangladesh,50.0,,22554.0,56560744012.0,0.031,12.0,,0.053,0.002,0.148,68.0,67.0,0.02,0.348,0.609,0.042,141235035,0.261,Asia,76000000.0,442000000.0,2004-12-01
0.024,,308.0,Bhutan,62.0,,180.0,702682018.0,0.044,49.0,,0.048,0.032,0.15,63.0,63.0,0.03,0.352,0.608,0.04,633893,0.298,Asia,13000000.0,,2004-12-01
0.02,,5361.0,Brunei,,,2296.0,7872333197.0,0.03,658.0,,0.008,0.297,0.055,79.0,75.0,0.561,0.292,0.677,0.031,360797,0.731,Asia,181000000.0,382000000.0,2004-12-01
0.026,,2446.0,Cambodia,94.0,,3389.0,5337833256.0,0.071,29.0,,0.057,0.003,,69.0,63.0,0.066,0.37,0.588,0.043,13149386,0.191,Asia,673000000.0,80000000.0,2004-12-01
0.012,,5288166.0,China,48.0,,1639854.0,1930000000000.0002,0.047,70.0,,0.022,0.073,0.056,75.0,73.0,0.256,0.214,0.711,0.075,1296075000,0.411,Asia,27755000000.0,21360000000.0,2004-12-01
0.012,,4323.0,Georgia,25.0,,2781.0,5125273877.0,0.085,97.0,,0.024,0.039,0.221,76.0,69.0,0.186,0.19,0.667,0.143,4318300,0.524,Asia,209000000.0,196000000.0,2004-12-01
0.007,,38415.0,"Hong Kong SAR, China",11.0,,12808.0,169000000000.0,,,,,0.564,0.05,85.0,79.0,1.191,0.148,0.732,0.119,6783500,1.0,Asia,11874000000.0,13270000000.0,2004-12-01
0.024,,1348525.0,India,89.0,,519165.0,722000000000.0,0.045,29.0,,0.058,0.02,0.109,65.0,62.0,0.047,0.326,0.627,0.046,1110626108,0.289,Asia,6307000000.0,5783000000.0,2004-12-01
0.021,,337635.0,Indonesia,151.0,,176238.0,256999999999.99997,0.024,27.0,,0.035,0.026,0.141,71.0,67.0,0.137,0.3,0.651,0.048,221293797,0.451,Asia,5226000000.0,4569000000.0,2004-12-01
0.009,,1259655.0,Japan,31.0,,522488.0,4660000000000.0,0.08,2914.0,,0.003,0.624,0.018,86.0,79.0,0.722,0.139,0.668,0.193,127761000,0.846,Asia,14343000000.0,48175000000.0,2004-12-01
0.018,,172158.0,Kazakhstan,26.0,,50717.0,43151647003.0,0.04,114.0,,0.03,0.027,,72.0,60.0,0.164,0.251,0.674,0.076,15012985,0.549,Asia,803000000.0,997000000.0,2004-12-01
0.016,,79482.0,North Korea,,,20494.0,,,,,0.028,,,72.0,64.0,,0.25,0.678,0.071,23639303,0.597,Asia,,,2004-12-01
0.01,,482277.0,South Korea,17.0,,208284.0,765000000000.0,0.052,784.0,,0.005,0.727,0.059,81.0,75.0,0.782,0.196,0.716,0.089,48039415,0.81,Asia,8226000000.0,13507000000.0,2004-12-01
0.022,,5699.0,Kyrgyzstan,21.0,,2542.0,2211535312.0,0.056,25.0,,0.036,0.051,0.293,72.0,64.0,0.052,0.319,0.624,0.057,5104700,0.353,Asia,92000000.0,73000000.0,2004-12-01
0.028,,1423.0,Laos,153.0,,,2366398120.0,0.046,19.0,,0.073,0.004,0.293,65.0,63.0,0.036,0.411,0.552,0.037,5699112,0.262,Asia,122000000.0,8000000.0,2004-12-01
0.008,,1727.0,"Macao SAR, China",,,,10258324479.0,,,,,0.315,0.06,81.0,76.0,0.943,0.185,0.742,0.074,458542,1.0,Asia,7431000000.0,529000000.0,2004-12-01
0.019,,167333.0,Malaysia,37.0,,58691.0,125000000000.0,0.037,181.0,,0.007,0.423,0.06,76.0,71.0,0.576,0.308,0.649,0.043,25365089,0.657,Asia,9183000000.0,3822000000.0,2004-12-01
0.021,,777.0,Maldives,9.0,,250.0,1075605492.0,0.059,217.0,,0.022,0.066,0.13,75.0,72.0,0.387,0.356,0.599,0.044,292505,0.325,Asia,471000000.0,75000000.0,2004-12-01
0.02,,8551.0,Mongolia,13.0,,2600.0,1992066759.0,0.07,56.0,,0.039,,0.315,69.0,61.0,0.172,0.299,0.664,0.037,2496248,0.614,Asia,205000000.0,207000000.0,2004-12-01
0.019,,12435.0,Myanmar,,,14764.0,,0.023,5.0,,0.052,0.0,0.15,65.0,61.0,0.002,0.286,0.666,0.049,49875169,0.285,Asia,97000000.0,32000000.0,2004-12-01
0.029,,2769.0,Nepal,31.0,,8832.0,7273933993.0,0.058,17.0,,0.049,0.004,0.085,65.0,63.0,0.005,0.397,0.56,0.043,24921910,0.149,Asia,260000000.0,205000000.0,2004-12-01
0.028,,131601.0,Pakistan,24.0,,73580.0,97977766198.0,0.028,18.0,,0.082,0.062,0.073,66.0,64.0,0.032,0.388,0.571,0.041,155151394,0.344,Asia,765000000.0,1612000000.0,2004-12-01
0.028,,74066.0,Philippines,49.0,,38643.0,91371236939.0,0.032,35.0,,0.028,0.052,0.101,71.0,64.0,0.391,0.374,0.592,0.034,84231329,0.469,Asia,2390000000.0,1526000000.0,2004-12-01
0.01,,28474.0,Singapore,8.0,,30845.0,114000000000.00002,0.032,826.0,,0.002,0.62,0.053,82.0,77.0,0.912,0.196,0.723,0.081,4166700,1.0,Asia,5327000000.0,9291000000.0,2004-12-01
0.019,,11965.0,Sri Lanka,48.0,,8798.0,20662525941.0,0.042,44.0,,0.012,0.014,0.095,77.0,70.0,0.112,0.256,0.675,0.069,19435000,0.184,Asia,808000000.0,499000000.0,2004-12-01
0.029,,2563.0,Tajikistan,,,2346.0,2076148710.0,0.043,13.0,,0.058,0.001,0.203,69.0,62.0,0.02,0.392,0.57,0.037,6663929,0.264,Asia,9600000.0,3400000.0,2004-12-01
0.013,,252345.0,Thailand,33.0,,96291.0,161000000000.0,0.035,87.0,,0.016,0.107,0.055,76.0,69.0,0.414,0.228,0.697,0.075,65087400,0.363,Asia,13054000000.0,5343000000.0,2004-12-01
0.038,,176.0,Timor-Leste,158.0,,58.0,455500000.0,0.086,27.0,,0.069,,0.155,64.0,61.0,0.027,0.484,0.489,0.027,966987,0.257,Asia,,,2004-12-01
0.023,,43337.0,Turkmenistan,,,18406.0,6838351088.0,0.037,111.0,,0.06,0.008,,68.0,60.0,0.011,0.334,0.62,0.046,4696876,0.468,Asia,,,2004-12-01
0.021,,119306.0,Uzbekistan,29.0,,50678.0,12030023548.0,0.051,24.0,,0.048,0.026,,71.0,64.0,0.021,0.341,0.613,0.047,25864350,0.368,Asia,57000000.0,,2004-12-01
0.017,,90549.0,Vietnam,51.0,,38968.0,49424107710.0,0.055,30.0,,0.024,0.076,0.097,79.0,70.0,0.059,0.28,0.654,0.066,81437700,0.267,Asia,1700000000.0,,2004-12-01
0.015,,4166.0,Albania,41.0,,2172.0,7464446950.0,0.065,148.0,,0.019,0.024,0.118,79.0,73.0,0.392,0.273,0.645,0.082,3014579,0.457,Europe,756000000.0,669000000.0,2004-12-01
0.011,,565.0,Andorra,,,,2322163502.0,0.057,2193.0,,0.003,0.268,,,,0.738,,,,79060,0.908,Europe,,,2004-12-01
0.01,,71866.0,Austria,25.0,,32690.0,291000000000.0,0.104,3720.0,,0.004,0.543,,82.0,76.0,0.975,0.163,0.679,0.158,8171966,0.658,Europe,17251000000.0,10812000000.0,2004-12-01
0.009,,58038.0,Belarus,79.0,,26888.0,23141587718.0,0.066,157.0,,0.008,,0.169,75.0,63.0,0.23,0.16,0.694,0.146,9730000,0.719,Europe,362000000.0,500000000.0,2004-12-01
0.011,,111282.0,Belgium,34.0,,58895.0,362000000000.0,0.1,3482.0,,0.004,0.539,0.067,82.0,76.0,0.875,0.172,0.656,0.173,10421137,0.973,Europe,10089000000.0,15456000000.0,2004-12-01
0.008,,24617.0,Bosnia and Herzegovina,63.0,,4811.0,10022840635.0,0.09,236.0,,0.007,0.155,0.103,78.0,73.0,0.362,0.192,0.682,0.127,3886723,0.392,Europe,507000000.0,162000000.0,2004-12-01
0.009,,46787.0,Bulgaria,32.0,,18833.0,25283228366.0,0.073,238.0,,0.015,0.181,0.089,76.0,69.0,0.611,0.14,0.688,0.173,7781161,0.702,Europe,2796000000.0,1935000000.0,2004-12-01
0.009,,23047.0,Croatia,29.0,,8831.0,41003558916.0,0.066,614.0,,0.006,0.309,0.117,79.0,72.0,0.644,0.162,0.67,0.169,4439000,0.562,Europe,6945000000.0,881000000.0,2004-12-01
0.012,,7334.0,Cyprus,,,2184.0,15816972051.0,0.064,1353.0,,0.004,0.338,0.076,81.0,76.0,0.648,0.205,0.69,0.106,1015820,0.684,Europe,2552000000.0,907000000.0,2004-12-01
0.01,,122709.0,Czechia,40.0,,45511.0,114000000000.00002,0.069,771.0,,0.005,0.355,0.06,79.0,73.0,1.056,0.151,0.709,0.14,10197101,0.737,Europe,4931000000.0,2682000000.0,2004-12-01
0.012,,50597.0,Denmark,7.0,,19428.0,245000000000.00003,0.097,4387.0,,0.004,0.809,,80.0,75.0,0.957,0.188,0.662,0.15,5404523,0.856,Europe,5652000000.0,7279000000.0,2004-12-01
0.01,,17217.0,Estonia,72.0,,5282.0,12031396467.0,0.051,450.0,,0.006,0.532,0.057,78.0,66.0,0.943,0.156,0.678,0.166,1362550,0.689,Europe,1111000000.0,486000000.0,2004-12-01
,,796.0,Faroe Islands,,,,1683997930.0,,,,,0.665,,82.0,77.0,0.847,,,,48782,0.392,Europe,,,2004-12-01
0.011,,67091.0,Finland,14.0,,37120.0,189000000000.0,0.082,2974.0,,0.003,0.724,0.037,82.0,75.0,0.954,0.175,0.667,0.157,5228172,0.828,Europe,2975000000.0,3383000000.0,2004-12-01
0.013,,390103.0,France,7.0,,269777.0,2060000000000.0,0.11,3620.0,,0.004,0.392,0.066,84.0,77.0,0.73,0.186,0.651,0.164,62702121,0.769,Europe,52108000000.0,36029000000.0,2004-12-01
0.009,,825896.0,Germany,45.0,,340676.0,2730000000000.0,0.107,3524.0,,0.004,0.647,,82.0,76.0,0.851,0.146,0.67,0.184,82516260,0.733,Europe,36390000000.0,80624000000.0,2004-12-01
0.01,,97150.0,Greece,38.0,,29707.0,228000000000.00003,0.087,1809.0,,0.005,0.214,,82.0,77.0,0.845,0.145,0.672,0.183,11055729,0.741,Europe,12809000000.0,2880000000.0,2004-12-01
0.009,,57352.0,Hungary,52.0,,26157.0,102000000000.0,0.082,828.0,,0.008,0.277,0.128,77.0,69.0,0.863,0.158,0.687,0.156,10107146,0.659,Europe,4009000000.0,2482000000.0,2004-12-01
0.015,,2233.0,Iceland,5.0,,3368.0,13251434311.0,0.1,4567.0,,0.003,0.839,0.12,83.0,79.0,0.989,0.223,0.66,0.117,292074,0.929,Europe,558000000.0,699000000.0,2004-12-01
0.015,,43956.0,Ireland,18.0,,14269.0,186000000000.0,0.075,3487.0,,0.005,0.37,0.026,81.0,76.0,0.945,0.206,0.683,0.111,4070262,0.602,Europe,6075000000.0,5291000000.0,2004-12-01
,,,Isle of Man,,,,2758117365.0,,,,,,,,,,,,,79658,0.519,Europe,,,2004-12-01
0.01,,472768.0,Italy,13.0,,181990.0,1740000000000.0,0.085,2549.0,,0.004,0.332,0.055,84.0,78.0,1.077,0.141,0.665,0.194,57685327,0.676,Europe,37870000000.0,24064000000.0,2004-12-01
0.02,,,Kosovo,,,2005.0,3639935348.0,,,,,,0.148,71.0,66.0,,,,,1704622,,Europe,,,2004-12-01
0.009,,7132.0,Latvia,16.0,,4438.0,13761569545.0,0.065,387.0,,0.012,0.386,0.074,77.0,67.0,0.681,0.152,0.68,0.168,2263122,0.679,Europe,343000000.0,428000000.0,2004-12-01
0.011,,,Liechtenstein,,,,3454374261.0,,,,,0.64,,85.0,79.0,0.74,,,,34445,0.148,Europe,,,2004-12-01
0.009,,13330.0,Lithuania,26.0,,9386.0,22659294573.0,0.057,374.0,,0.008,0.312,0.057,78.0,66.0,0.915,0.173,0.677,0.15,3377075,0.666,Europe,834000000.0,643000000.0,2004-12-01
0.012,,11269.0,Luxembourg,,,4282.0,34077095478.0,0.082,6145.0,,0.003,0.659,,82.0,76.0,1.041,0.188,0.668,0.144,458095,0.862,Europe,3880000000.0,2950000000.0,2004-12-01
0.012,,11192.0,North Macedonia,48.0,,2756.0,5514253043.0,0.087,230.0,,0.012,0.244,0.124,77.0,72.0,0.473,0.203,0.687,0.11,2085728,0.577,Europe,103000000.0,85000000.0,2004-12-01
0.01,,2574.0,Malta,,,830.0,5643525282.0,0.086,1247.0,,0.006,0.346,0.053,81.0,77.0,0.741,0.178,0.693,0.129,401268,0.934,Europe,949000000.0,291000000.0,2004-12-01
0.012,,4554.0,Moldova,30.0,,3377.0,2598231467.0,0.085,61.0,,0.02,0.106,0.209,72.0,64.0,0.206,0.198,0.691,0.111,3603945,0.454,Europe,112000000.0,135000000.0,2004-12-01
,,,Monaco,,,,4110348444.0,0.04,4885.0,,0.004,0.525,,,,0.472,,,,33346,1.0,Europe,,,2004-12-01
0.013,,,Montenegro,,,,2073255525.0,0.087,293.0,,0.01,0.254,,76.0,71.0,0.787,0.203,0.669,0.128,614670,0.62,Europe,,,2004-12-01
0.012,,176903.0,Netherlands,9.0,,79075.0,610000000000.0,0.1,3739.0,,0.005,0.685,0.028,81.0,77.0,0.912,0.185,0.676,0.139,16281779,0.815,Europe,16495000000.0,16937000000.0,2004-12-01
0.012,,42666.0,Norway,18.0,,26433.0,260000000000.0,0.101,5733.0,,0.003,0.777,0.04,82.0,78.0,0.986,0.198,0.655,0.148,4591910,0.773,Europe,3531000000.0,8894000000.0,2004-12-01
0.009,,304988.0,Poland,31.0,,91371.0,253000000000.00003,0.062,410.0,,0.007,0.325,0.076,79.0,71.0,0.604,0.169,0.7,0.131,38182222,0.616,Europe,6499000000.0,5092000000.0,2004-12-01
0.01,,63175.0,Portugal,78.0,,25831.0,185000000000.0,0.1,1779.0,,0.004,0.318,,81.0,75.0,1.009,0.157,0.674,0.17,10483861,0.569,Europe,8858000000.0,3369000000.0,2004-12-01
0.01,,95401.0,Romania,28.0,,38683.0,75794733525.0,0.054,190.0,,0.02,0.15,0.256,75.0,68.0,0.461,0.16,0.694,0.146,21451748,0.53,Europe,607000000.0,672000000.0,2004-12-01
0.01,,1602963.0,Russia,30.0,,647392.0,591000000000.0,0.052,212.0,,0.015,0.129,0.114,72.0,59.0,0.511,0.156,0.707,0.136,143821212,0.734,Europe,7262000000.0,16082000000.0,2004-12-01
0.01,,,San Marino,,,,1317357835.0,0.053,3359.0,,0.004,0.506,0.071,85.0,79.0,0.583,,,,29290,0.94,Europe,,,2004-12-01
0.011,,,Serbia,56.0,,18094.0,23649854234.0,0.087,204.0,,0.008,0.235,0.155,75.0,70.0,0.472,0.185,0.676,0.139,7463157,0.543,Europe,220000000.0,208000000.0,2004-12-01
0.01,,38749.0,Slovakia,52.0,,18353.0,56073225726.0,0.072,565.0,,0.009,0.529,0.091,78.0,70.0,0.793,0.173,0.711,0.116,5372280,0.557,Europe,931000000.0,900000000.0,2004-12-01
0.009,,15746.0,Slovenia,60.0,,7131.0,33837749815.0,0.083,1415.0,,0.004,0.408,0.087,81.0,74.0,0.927,0.144,0.703,0.153,1997012,0.506,Europe,1725000000.0,937000000.0,2004-12-01
0.011,,339429.0,Spain,114.0,,139030.0,1040000000000.0,0.082,2028.0,,0.005,0.44,,83.0,77.0,0.904,0.145,0.687,0.168,42921895,0.77,Europe,49996000000.0,14864000000.0,2004-12-01
0.011,,54521.0,Sweden,16.0,,52588.0,362000000000.0,0.091,3666.0,,0.003,0.839,0.04,83.0,78.0,0.978,0.176,0.651,0.172,8993531,0.843,Europe,7686000000.0,11088000000.0,2004-12-01
0.01,,40392.0,Switzerland,18.0,,26090.0,374000000000.0,0.11,5570.0,,0.004,0.678,0.032,84.0,79.0,0.854,0.166,0.678,0.157,7389625,0.734,Europe,11404000000.0,9924000000.0,2004-12-01
0.02,,225407.0,Türkiye,6.0,,80858.0,392000000000.0,0.054,297.0,,0.027,0.146,,76.0,69.0,0.519,0.289,0.646,0.065,66845635,0.672,Europe,15888000000.0,2524000000.0,2004-12-01
0.009,,343121.0,Ukraine,34.0,,143843.0,64883060726.0,0.066,90.0,,0.013,0.035,0.174,74.0,63.0,0.289,0.151,0.694,0.155,47451600,0.676,Europe,2931000000.0,2660000000.0,2004-12-01
0.012,,540409.0,United Kingdom,13.0,,221558.0,2220000000000.0,0.08,2955.0,,0.005,0.656,0.044,81.0,77.0,0.995,0.181,0.66,0.159,59987905,0.796,Europe,37166000000.0,69076000000.0,2004-12-01
0.019,,17510.0,Bahrain,,,6970.0,13150516509.0,0.039,539.0,,0.01,0.215,0.079,76.0,75.0,0.792,0.283,0.694,0.023,820505,0.884,Middle East,1504000000.0,528000000.0,2004-12-01
0.018,,447480.0,Iran,29.0,,155548.0,163000000000.0,0.047,117.0,,0.023,0.075,0.167,73.0,70.0,0.073,0.272,0.68,0.048,69342126,0.669,Middle East,1305000000.0,4402000000.0,2004-12-01
0.035,,114084.0,Iraq,77.0,,26901.0,36627901762.0,0.056,55.0,,0.034,0.009,0.129,72.0,67.0,0.022,0.421,0.545,0.035,26673536,0.687,Middle East,,,2004-12-01
0.021,,63201.0,Israel,20.0,,19241.0,127000000000.0,0.076,1410.0,,0.005,0.228,0.075,82.0,78.0,1.117,0.279,0.621,0.1,6809000,0.915,Middle East,2908000000.0,3663000000.0,2004-12-01
0.03,,19241.0,Jordan,26.0,,6219.0,11407566660.0,0.091,203.0,,0.021,0.117,0.083,74.0,71.0,0.319,0.383,0.585,0.032,5290000,0.809,Middle East,1621000000.0,585000000.0,2004-12-01
0.021,,63534.0,Kuwait,35.0,,23469.0,59440511982.0,0.027,743.0,,0.01,0.229,0.056,75.0,73.0,0.808,0.255,0.711,0.034,2196466,0.982,Middle East,398000000.0,4147000000.0,2004-12-01
0.015,,16835.0,Lebanon,46.0,,5271.0,20955223881.0,0.082,458.0,,0.013,0.09,0.108,78.0,75.0,0.23,0.283,0.644,0.074,3853582,0.865,Middle East,5931000000.0,3719000000.0,2004-12-01
0.022,,27987.0,Oman,35.0,,9603.0,24673602280.0,0.03,310.0,,0.011,0.068,0.076,76.0,72.0,0.327,0.359,0.616,0.025,2464001,0.718,Middle East,601000000.0,823000000.0,2004-12-01
0.016,,44393.0,Qatar,,,16648.0,31734065019.0,0.036,1589.0,,0.009,0.207,0.07,78.0,76.0,0.681,0.259,0.727,0.014,720383,0.971,Middle East,498000000.0,691000000.0,2004-12-01
0.024,,395834.0,Saudi Arabia,74.0,,143706.0,259000000000.0,0.037,399.0,,0.017,0.102,,76.0,72.0,0.385,0.351,0.617,0.032,23839231,0.808,Middle East,6486000000.0,4428000000.0,2004-12-01
0.028,,51111.0,Syria,43.0,,17937.0,25086930693.0,0.045,61.0,,0.017,0.043,0.075,76.0,73.0,0.133,0.392,0.575,0.034,17676012,0.534,Middle East,1883000000.0,688000000.0,2004-12-01
0.016,,113241.0,United Arab Emirates,19.0,,42310.0,148000000000.0,0.025,995.0,,0.009,0.301,,76.0,74.0,1.007,0.219,0.771,0.009,3658658,0.819,Middle East,1593000000.0,4472000000.0,2004-12-01
0.036,,18881.0,Yemen,63.0,,6186.0,13873500888.0,0.049,38.0,,0.059,0.009,0.185,63.0,60.0,0.075,0.463,0.51,0.027,19612696,0.284,Middle East,139000000.0,183000000.0,2004-12-01
,,,American Samoa,,,,,,,,,,,,,0.038,,,,59262,0.882,Oceania,,,2004-12-01
0.012,,348757.0,Australia,3.0,,112696.0,613000000000.0,0.086,2872.0,,0.005,,0.089,83.0,78.0,0.815,0.2,0.672,0.128,20127400,0.878,Oceania,20453000000.0,14224000000.0,2004-12-01
0.024,,1133.0,Fiji Islands,45.0,,666.0,2727507213.0,0.036,120.0,,0.02,0.074,0.072,71.0,66.0,0.174,0.314,0.646,0.04,818995,0.495,Oceania,588000000.0,118000000.0,2004-12-01
0.019,,788.0,French Polynesia,,,,,,,,,0.179,,77.0,71.0,0.381,0.286,0.666,0.048,251811,0.562,Oceania,737000000.0,425000000.0,2004-12-01
0.02,,,Guam,,,,,,,,,0.362,,79.0,74.0,0.619,0.298,0.64,0.062,158194,0.935,Oceania,,,2004-12-01
0.025,,44.0,Kiribati,21.0,,8.0,102220915.0,0.104,119.0,,0.05,0.035,,69.0,63.0,0.007,0.377,0.587,0.036,88936,0.435,Oceania,,,2004-12-01
,,88.0,Marshall Islands,17.0,,29.0,131106366.0,0.176,449.0,,0.033,0.036,,,,0.012,,,,52074,0.696,Oceania,5000000.0,400000.0,2004-12-01
0.027,,147.0,"Micronesia, Fed. Sts.",16.0,,,239563310.0,0.104,233.0,,0.038,0.11,0.154,68.0,67.0,0.12,0.391,0.57,0.04,106575,0.223,Oceania,19000000.0,7000000.0,2004-12-01
0.017,,2552.0,New Caledonia,,,,,,,,,0.303,,79.0,72.0,0.517,0.274,0.661,0.066,230068,0.633,Oceania,241000000.0,167000000.0,2004-12-01
0.014,,34759.0,New Zealand,12.0,,17393.0,103000000000.0,0.08,1974.0,,0.006,0.618,0.071,82.0,78.0,0.742,0.218,0.663,0.119,4087500,0.86,Oceania,5098000000.0,2229000000.0,2004-12-01
0.033,,4481.0,Papua New Guinea,51.0,,,3927114457.0,0.046,30.0,,0.056,0.015,0.133,62.0,58.0,0.008,0.401,0.574,0.026,5948461,0.131,Oceania,7100000.0,72000000.0,2004-12-01
0.03,,154.0,Samoa,42.0,,56.0,374507188.0,0.049,106.0,,0.017,0.031,0.112,74.0,68.0,0.089,0.398,0.554,0.048,178794,0.215,Oceania,70000000.0,12000000.0,2004-12-01
0.035,,180.0,Solomon Islands,56.0,,58.0,375109695.0,0.056,46.0,,0.029,0.006,0.143,67.0,64.0,0.007,0.414,0.557,0.029,457827,0.174,Oceania,3500000.0,12300000.0,2004-12-01
0.029,,172.0,Tonga,32.0,,57.0,240794581.0,0.048,115.0,,0.014,0.04,0.116,74.0,69.0,0.163,0.381,0.558,0.06,100319,0.231,Oceania,13100000.0,16200000.0,2004-12-01
0.03,,55.0,Vanuatu,47.0,,30.0,364996869.0,0.035,62.0,,0.018,0.047,0.076,71.0,67.0,0.051,0.4,0.567,0.033,204135,0.228,Oceania,93000000.0,15000000.0,2004-12-01
0.019,,407.0,Antigua and Barbuda,,,135.0,905113767.0,0.041,453.0,,0.011,0.243,0.12,77.0,72.0,0.661,0.286,0.642,0.072,81718,0.298,The Americas,337000000.0,38000000.0,2004-12-01
0.018,,156170.0,Argentina,30.0,,67303.0,183000000000.0,0.082,327.0,,0.016,0.16,0.068,78.0,71.0,0.353,0.266,0.632,0.102,38308779,0.899,The Americas,2660000000.0,3208000000.0,2004-12-01
0.013,,2259.0,Aruba,,,,2228279330.0,,,,,0.23,0.116,77.0,72.0,0.996,0.217,0.699,0.083,98742,0.452,The Americas,1056000000.0,248000000.0,2004-12-01
0.015,,1723.0,"Bahamas, The",,,664.0,7094413000.0,0.06,1326.0,,0.013,0.22,0.06,77.0,70.0,0.577,0.263,0.676,0.061,322400,0.822,The Americas,1897000000.0,469000000.0,2004-12-01
0.013,,1294.0,Barbados,,,375.0,3509700000.0,0.071,737.0,,0.015,0.498,0.083,76.0,71.0,0.735,0.209,0.681,0.11,272205,0.331,The Americas,784000000.0,163000000.0,2004-12-01
0.027,,381.0,Belize,,,155.0,1057850000.0,0.044,175.0,,0.019,0.058,0.139,75.0,69.0,0.283,0.384,0.575,0.041,265040,0.466,The Americas,168000000.0,47000000.0,2004-12-01
0.013,,671.0,Bermuda,,,,4484703000.0,,,,,0.61,,81.0,76.0,0.767,,,,63740,1.0,The Americas,426000000.0,217000000.0,2004-12-01
0.029,,13084.0,Bolivia,60.0,,3622.0,8773451739.0,0.053,51.0,,0.046,0.044,0.145,67.0,62.0,0.196,0.387,0.569,0.044,9187610,0.637,The Americas,283000000.0,232000000.0,2004-12-01
0.019,,337826.0,Brazil,152.0,,210042.0,664000000000.0,0.071,257.0,,0.022,0.191,0.549,75.0,68.0,0.357,0.28,0.66,0.06,184010283,0.825,The Americas,3389000000.0,3752000000.0,2004-12-01
0.015,0.262,3410.0,Mauritius,46.0,,1077.0,6283796155.0,0.045,239.0,161,0.014,0.152,0.21,76.0,69.0,0.542,0.242,0.692,0.066,1243253,0.416,Africa,1189000000.0,295000000.0,2005-12-01
0.017,0.606,22801.0,Tunisia,11.0,,8314.0,32282960678.0,0.056,181.0,268,0.02,0.097,,76.0,72.0,0.565,0.258,0.675,0.067,10029000,0.651,Africa,2800000000.0,452000000.0,2005-12-01
0.019,0.484,697.0,Seychelles,39.0,,228.0,919103262.0,0.04,423.0,76,0.012,0.254,0.098,77.0,67.0,0.675,0.243,0.681,0.075,82900,0.511,Africa,269000000.0,59000000.0,2005-12-01
0.02,0.517,45771.0,Morocco,12.0,,13327.0,59523857868.0,0.051,100.0,358,0.035,0.151,0.115,71.0,67.0,0.411,0.308,0.642,0.05,30125445,0.551,Africa,5426000000.0,999000000.0,2005-12-01
0.021,0.769,107128.0,Algeria,25.0,,32335.0,103000000000.0,0.031,95.0,451,0.029,0.058,0.08,71.0,68.0,0.402,0.289,0.667,0.044,33960903,0.638,Africa,477000000.0,660000000.0,2005-12-01
0.023,0.376,396117.0,South Africa,35.0,,128214.0,246999999999.99997,0.088,450.0,350,0.051,0.075,0.106,53.0,50.0,0.704,0.308,0.648,0.044,47639556,0.595,Africa,8629000000.0,4812000000.0,2005-12-01
0.023,,52108.0,Libya,,,17670.0,44000000000.0,0.026,213.0,,0.02,0.039,0.061,75.0,72.0,0.357,0.306,0.651,0.043,5594450,0.769,Africa,301000000.0,920000000.0,2005-12-01
0.024,0.543,167208.0,Egypt,22.0,,62741.0,89685724889.0,0.051,64.0,504,0.026,0.128,0.131,72.0,67.0,0.19,0.325,0.62,0.055,71777678,0.43,Africa,7206000000.0,1932000000.0,2005-12-01
0.025,0.171,4613.0,Botswana,107.0,,1929.0,9931223496.0,0.056,298.0,140,0.043,0.033,0.157,47.0,46.0,0.301,0.358,0.61,0.032,1875805,0.551,Africa,563000000.0,301000000.0,2005-12-01
0.029,0.288,,Lesotho,93.0,,33.0,1368405301.0,0.063,45.0,564,0.085,0.026,0.117,44.0,44.0,0.13,0.397,0.557,0.046,1925844,0.222,Africa,27000000.0,271000000.0,2005-12-01
0.029,0.258,2310.0,Namibia,95.0,,1294.0,7261366632.0,0.073,262.0,339,0.046,0.04,0.106,58.0,54.0,0.221,0.398,0.569,0.033,2027026,0.366,Africa,363000000.0,108000000.0,2005-12-01
0.029,0.378,473.0,Djibouti,37.0,,139.0,708633195.0,0.072,63.0,66,0.071,0.01,0.112,59.0,57.0,0.057,0.373,0.594,0.034,776585,0.768,Africa,7100000.0,14400000.0,2005-12-01
0.032,0.323,10774.0,Zimbabwe,97.0,,9685.0,5755215232.0,,,216,0.057,0.08,2.357,43.0,44.0,0.051,0.415,0.548,0.037,12710589,0.341,Africa,99000000.0,,2005-12-01
0.032,0.363,1019.0,Eswatini,60.0,,399.0,2584077931.0,0.068,159.0,104,0.081,0.037,0.106,46.0,46.0,0.181,0.418,0.55,0.032,1104642,0.22,Africa,77000000.0,60000000.0,2005-12-01
0.033,0.451,2087.0,Gabon,57.0,,1718.0,8665736618.0,0.03,187.0,488,0.05,0.049,0.177,61.0,59.0,0.534,0.395,0.549,0.056,1379465,0.834,Africa,13000000.0,346000000.0,2005-12-01
0.034,0.398,6956.0,Ghana,18.0,,8229.0,10731883141.0,0.07,35.0,304,0.058,0.018,,60.0,58.0,0.134,0.402,0.564,0.034,21384034,0.473,Africa,867000000.0,472000000.0,2005-12-01
0.037,0.657,213.0,Central African Republic,22.0,,,1350300947.0,0.044,15.0,504,0.111,0.003,0.177,47.0,43.0,0.025,0.419,0.542,0.04,3960897,0.381,Africa,7200000.0,46000000.0,2005-12-01
0.037,0.473,7825.0,Cote d'Ivoire,45.0,,9634.0,16363437145.0,0.057,53.0,270,0.089,0.01,,48.0,46.0,0.135,0.423,0.547,0.03,17393994,0.468,Africa,93000000.0,549000000.0,2005-12-01
0.037,0.947,1676.0,Mauritania,82.0,,,2184444849.0,0.05,29.0,696,0.075,0.007,0.231,62.0,59.0,0.237,0.416,0.553,0.031,3146164,0.531,Africa,,,2005-12-01
0.038,0.441,4712.0,Equatorial Guinea,137.0,,1249.0,6915849240.0,0.016,220.0,492,0.087,0.011,0.177,50.0,48.0,0.161,0.406,0.561,0.032,603648,0.389,Africa,,,2005-12-01
0.038,0.525,1338.0,Togo,65.0,,2372.0,2115154090.0,0.066,25.0,270,0.068,0.018,,55.0,53.0,0.078,0.428,0.544,0.028,5540214,0.352,Africa,27000000.0,42000000.0,2005-12-01
0.038,0.468,528.0,Rwanda,18.0,,,2581286407.0,0.061,17.0,168,0.067,0.006,0.161,56.0,54.0,0.024,0.442,0.532,0.025,9429457,0.193,Africa,67000000.0,75000000.0,2005-12-01
0.038,0.497,10708.0,Sudan,39.0,,14837.0,26524992225.0,0.041,35.0,180,0.061,0.013,,62.0,58.0,0.048,0.432,0.538,0.03,31585871,0.328,Africa,150000000.0,667000000.0,2005-12-01
0.038,0.469,1742.0,Madagascar,38.0,,,5038577519.0,0.049,13.0,400,0.055,0.006,0.27,63.0,60.0,0.028,0.448,0.523,0.029,18290394,0.288,Africa,290000000.0,80000000.0,2005-12-01
0.038,0.469,77.0,Sao Tome and Principe,144.0,,43.0,123258507.0,0.1,81.0,424,0.048,0.138,0.312,66.0,63.0,0.077,0.42,0.54,0.04,154615,0.58,Africa,7300000.0,500000.0,2005-12-01
0.039,0.649,1456.0,Congo (Brazzaville),37.0,,1083.0,6087002682.0,0.024,42.0,606,0.062,0.015,0.177,55.0,53.0,0.158,0.422,0.543,0.035,3542867,0.61,Africa,40000000.0,112000000.0,2005-12-01
0.039,0.498,8562.0,Kenya,54.0,,16151.0,18737895401.0,0.044,23.0,372,0.061,0.031,0.129,56.0,54.0,0.129,0.428,0.545,0.027,35785718,0.217,Africa,969000000.0,124000000.0,2005-12-01
0.039,0.303,5053.0,Ethiopia,34.0,,28935.0,12173919387.0,0.041,7.0,212,0.07,0.002,0.07,58.0,56.0,0.005,0.462,0.507,0.031,76167240,0.157,Africa,533000000.0,77000000.0,2005-12-01
0.039,2.179,110.0,Comoros,24.0,,37.0,387036132.0,0.043,28.0,100,0.07,0.02,0.11,60.0,58.0,0.026,0.415,0.555,0.03,600733,0.279,Africa,24000000.0,10000000.0,2005-12-01
0.039,0.503,5860.0,Senegal,59.0,,2791.0,8707015064.0,0.054,41.0,696,0.057,0.048,,62.0,59.0,0.154,0.441,0.527,0.032,11270826,0.411,Africa,334000000.0,144000000.0,2005-12-01
0.04,,,South Sudan,,,,,,,,0.087,,,52.0,50.0,,0.44,0.527,0.032,8039351,0.172,Africa,,,2005-12-01
0.04,0.506,3696.0,Cameroon,45.0,,6981.0,16587921221.0,0.049,45.0,654,0.078,0.014,0.177,53.0,51.0,0.124,0.443,0.524,0.033,18137734,0.485,Africa,229000000.0,480000000.0,2005-12-01
0.04,0.542,213.0,Guinea-Bissau,259.0,,87.0,572853554.0,0.057,24.0,208,0.096,0.019,,53.0,51.0,0.07,0.429,0.542,0.029,1421515,0.409,Africa,1600000.0,18900000.0,2005-12-01
0.04,0.807,1181.0,Guinea,40.0,,,2937072009.0,0.053,16.0,416,0.085,0.005,,53.0,52.0,0.02,0.436,0.531,0.032,9576331,0.328,Africa,,38000000.0,2005-12-01
0.04,,741.0,Liberia,,,,542000000.0,0.08,13.0,,0.083,,0.17,56.0,54.0,0.049,0.433,0.537,0.03,3269786,0.461,Africa,67000000.0,33000000.0,2005-12-01
0.04,0.757,2398.0,Benin,31.0,,2499.0,4358015993.0,0.047,25.0,270,0.075,0.013,,59.0,56.0,0.073,0.445,0.527,0.028,8182362,0.4,Africa,108000000.0,58000000.0,2005-12-01
0.04,0.845,766.0,Eritrea,76.0,,763.0,1098425900.0,0.028,6.0,216,0.047,,,61.0,56.0,0.008,0.435,0.545,0.02,4854066,0.189,Africa,66000000.0,,2005-12-01
0.042,2.72,546.0,Sierra Leone,26.0,,,1627853086.0,0.159,51.0,399,0.128,0.002,0.246,42.0,42.0,,0.427,0.549,0.024,5119895,0.368,Africa,64000000.0,34000000.0,2005-12-01
0.042,0.316,104697.0,Nigeria,35.0,,106509.0,112000000000.00002,0.066,53.0,1120,0.097,0.035,0.179,49.0,48.0,0.133,0.436,0.537,0.027,139585891,0.391,Africa,139000000.0,501000000.0,2005-12-01
0.042,0.334,917.0,Malawi,39.0,,,2754995877.0,0.082,17.0,370,0.073,0.004,0.331,49.0,49.0,0.033,0.461,0.508,0.031,12924746,0.151,Africa,48000000.0,84000000.0,2005-12-01
0.042,0.438,5618.0,Tanzania,28.0,,17141.0,14141916592.0,0.04,15.0,172,0.057,0.011,0.152,54.0,53.0,0.076,0.446,0.524,0.03,38824384,0.248,Africa,835000000.0,577000000.0,2005-12-01
0.044,0.154,2274.0,Zambia,35.0,,7213.0,7178556337.0,0.071,44.0,183,0.076,0.029,0.282,48.0,47.0,0.083,0.467,0.506,0.027,11470022,0.366,Africa,98000000.0,88000000.0,2005-12-01
0.044,0.375,1822.0,Mozambique,153.0,,8489.0,6578515331.0,0.069,22.0,230,0.091,0.009,0.195,49.0,47.0,0.072,0.448,0.52,0.032,21010376,0.3,Africa,138000000.0,187000000.0,2005-12-01
0.044,2.797,154.0,Burundi,13.0,,,1117254387.0,0.101,14.0,140,0.075,0.005,0.184,51.0,49.0,0.02,0.454,0.519,0.027,7770392,0.094,Africa,1900000.0,62000000.0,2005-12-01
0.044,2.86,323.0,"Gambia, The",27.0,,108.0,624173996.0,0.045,20.0,376,0.057,0.038,0.349,58.0,56.0,0.172,0.46,0.515,0.025,1436549,0.523,Africa,59000000.0,7000000.0,2005-12-01
0.045,0.475,1126.0,Burkina Faso,40.0,,,5462709055.0,0.069,28.0,270,0.086,0.005,,53.0,52.0,0.047,0.465,0.509,0.026,13421929,0.215,Africa,46000000.0,74000000.0,2005-12-01
0.046,2.865,2226.0,Congo (Kinshasa),133.0,,19971.0,11964484458.0,0.053,7.0,308,0.105,0.002,,49.0,46.0,0.051,0.462,0.51,0.028,54028003,0.375,Africa,3200000.0,54000000.0,2005-12-01
0.047,,579.0,Somalia,,,,,,,,0.105,0.011,,54.0,51.0,0.059,0.477,0.494,0.029,8466938,0.352,Africa,,,2005-12-01
0.047,0.369,2285.0,Uganda,34.0,,,9013834490.0,0.092,29.0,237,0.068,0.017,0.196,53.0,52.0,0.046,0.494,0.481,0.025,28724869,0.13,Africa,382000000.0,185000000.0,2005-12-01
0.048,0.514,568.0,Mali,41.0,,,5305317555.0,0.063,29.0,270,0.097,0.005,,51.0,52.0,0.064,0.463,0.506,0.031,11941258,0.321,Africa,149000000.0,133000000.0,2005-12-01
0.049,0.521,19156.0,Angola,119.0,,9356.0,28233699240.0,0.042,71.0,272,0.122,0.011,0.677,50.0,47.0,0.097,0.478,0.498,0.025,16544376,0.362,Africa,103000000.0,135000000.0,2005-12-01
0.05,0.74,400.0,Chad,64.0,,,6646663021.0,0.047,25.0,732,0.101,0.004,0.177,48.0,47.0,0.021,0.492,0.481,0.027,10014413,0.218,Africa,,,2005-12-01
0.051,0.423,829.0,Niger,35.0,,,3405134555.0,0.077,20.0,270,0.082,0.002,,54.0,54.0,0.025,0.49,0.485,0.025,13183798,0.167,Africa,44000000.0,42000000.0,2005-12-01
0.014,0.26,3777.0,Mauritius,46.0,,1173.0,6731536244.0,0.048,269.0,161,0.014,0.167,0.211,76.0,69.0,0.635,0.236,0.696,0.068,1252698,0.414,Africa,1302000000.0,347000000.0,2006-12-01
0.017,0.484,744.0,Seychelles,39.0,,243.0,1016419769.0,0.038,438.0,76,0.012,0.35,0.1,76.0,69.0,0.797,0.238,0.688,0.075,84600,0.513,Africa,323000000.0,56000000.0,2006-12-01
0.017,0.606,23128.0,Tunisia,11.0,,8752.0,34378437265.0,0.056,194.0,268,0.019,0.13,,76.0,72.0,0.722,0.252,0.681,0.068,10127900,0.653,Africa,2999000000.0,498000000.0,2006-12-01
0.02,0.517,47425.0,Morocco,12.0,,13648.0,65637107776.0,0.052,113.0,358,0.034,0.198,,71.0,68.0,0.527,0.302,0.648,0.05,30395097,0.556,Africa,6900000000.0,1113000000.0,2006-12-01
0.022,0.769,103963.0,Algeria,25.0,,34658.0,117000000000.0,0.031,106.0,451,0.028,0.074,0.08,72.0,68.0,0.609,0.282,0.673,0.045,34507214,0.646,Africa,393000000.0,414000000.0,2006-12-01
0.023,0.371,424844.0,South Africa,35.0,,127255.0,261000000000.0,0.085,455.0,350,0.05,0.076,0.112,53.0,50.0,0.811,0.305,0.649,0.046,48269753,0.601,Africa,9211000000.0,5230000000.0,2006-12-01
0.023,,53788.0,Libya,,,17899.0,56484375000.0,0.025,237.0,,0.019,0.043,0.063,76.0,72.0,0.691,0.303,0.654,0.043,5686475,0.77,Africa,244000000.0,915000000.0,2006-12-01
0.024,0.464,178616.0,Egypt,19.0,,66269.0,107000000000.0,0.052,75.0,596,0.024,0.137,0.126,72.0,67.0,0.247,0.322,0.624,0.055,72990754,0.431,Africa,8133000000.0,2156000000.0,2006-12-01
0.025,0.171,4646.0,Botswana,107.0,,1956.0,10126990488.0,0.049,263.0,140,0.043,0.043,0.165,47.0,46.0,0.434,0.354,0.613,0.033,1895944,0.553,Africa,539000000.0,285000000.0,2006-12-01
0.029,0.288,,Lesotho,73.0,,19.0,1428842600.0,0.071,52.0,564,0.084,0.03,0.122,44.0,44.0,0.184,0.393,0.561,0.046,1940413,0.228,Africa,29000000.0,263000000.0,2006-12-01
0.029,0.258,2329.0,Namibia,95.0,,1294.0,7978609422.0,0.072,280.0,339,0.044,0.044,0.112,60.0,55.0,0.297,0.395,0.571,0.033,2052931,0.376,Africa,473000000.0,118000000.0,2006-12-01
0.029,0.378,488.0,Djibouti,37.0,,143.0,768873684.0,0.071,66.0,66,0.069,0.013,,60.0,57.0,0.057,0.365,0.601,0.034,787544,0.768,Africa,9800000.0,15000000.0,2006-12-01
0.031,0.363,1016.0,Eswatini,60.0,,406.0,2947922183.0,0.068,180.0,104,0.076,0.037,0.112,46.0,46.0,0.224,0.412,0.556,0.032,1118253,0.219,Africa,75000000.0,54000000.0,2006-12-01
0.032,0.323,10345.0,Zimbabwe,97.0,,9714.0,5443896500.0,,,216,0.057,0.098,4.965,44.0,46.0,0.067,0.415,0.548,0.038,12724308,0.339,Africa,338000000.0,,2006-12-01
0.033,0.447,1977.0,Gabon,57.0,,1768.0,9545982814.0,0.032,216.0,488,0.049,0.055,0.153,61.0,59.0,0.636,0.393,0.551,0.056,1412907,0.84,Africa,,,2006-12-01
0.034,0.359,9289.0,Ghana,18.0,,9062.0,20410239313.0,0.054,48.0,304,0.057,0.027,,60.0,58.0,0.237,0.399,0.566,0.034,21947779,0.48,Africa,910000000.0,575000000.0,2006-12-01
0.036,0.473,6997.0,Cote d'Ivoire,45.0,,9537.0,17367303156.0,0.06,59.0,270,0.087,0.015,,49.0,47.0,0.23,0.423,0.547,0.03,17662417,0.475,Africa,104000000.0,583000000.0,2006-12-01
0.037,2.038,227.0,Central African Republic,22.0,,,1473721521.0,0.04,15.0,504,0.109,0.003,0.153,47.0,44.0,0.027,0.417,0.544,0.04,4032102,0.382,Africa,10200000.0,47000000.0,2006-12-01
0.037,0.361,11503.0,Sudan,39.0,,15917.0,35159250985.0,0.05,54.0,180,0.06,,,62.0,59.0,0.119,0.43,0.539,0.031,32397535,0.328,Africa,252000000.0,1414000000.0,2006-12-01
0.037,0.947,1676.0,Mauritania,82.0,,,3040718541.0,0.035,30.0,696,0.074,0.01,0.24,62.0,59.0,0.327,0.413,0.555,0.031,3237713,0.539,Africa,,,2006-12-01
0.037,0.465,1683.0,Madagascar,21.0,,,5515236338.0,0.05,15.0,304,0.052,0.006,0.295,63.0,60.0,0.056,0.446,0.525,0.029,18826126,0.294,Africa,386000000.0,86000000.0,2006-12-01
0.038,0.441,4752.0,Equatorial Guinea,135.0,,1503.0,8081982438.0,0.023,287.0,492,0.085,0.013,0.153,51.0,48.0,0.193,0.403,0.566,0.032,621517,0.389,Africa,,,2006-12-01
0.038,0.525,1221.0,Togo,64.0,,2368.0,2202809211.0,0.064,25.0,270,0.067,0.02,,55.0,54.0,0.125,0.426,0.546,0.028,5685845,0.356,Africa,23000000.0,42000000.0,2006-12-01
0.038,0.498,9575.0,Kenya,54.0,,16896.0,22504136042.0,0.045,28.0,432,0.059,0.075,0.136,57.0,55.0,0.2,0.427,0.546,0.027,36757498,0.22,Africa,1181000000.0,178000000.0,2006-12-01
0.038,0.369,528.0,Rwanda,16.0,,,3110327823.0,0.1,32.0,168,0.061,,0.161,58.0,56.0,0.033,0.442,0.533,0.024,9660946,0.202,Africa,148000000.0,84000000.0,2006-12-01
0.038,0.303,5420.0,Ethiopia,18.0,,29705.0,15000803171.0,0.042,8.0,212,0.065,0.003,0.07,59.0,57.0,0.011,0.46,0.509,0.031,78290649,0.159,Africa,639000000.0,97000000.0,2006-12-01
0.038,0.487,84.0,Sao Tome and Principe,144.0,,44.0,135181862.0,0.078,68.0,424,0.046,0.142,0.293,67.0,63.0,0.116,0.418,0.542,0.039,158806,0.588,Africa,6700000.0,1100000.0,2006-12-01
0.039,,,South Sudan,,,,,,,,0.083,,,53.0,50.0,,0.438,0.529,0.033,8376893,0.173,Africa,,,2006-12-01
0.039,0.649,1338.0,Congo (Brazzaville),37.0,,1154.0,7731261169.0,0.024,50.0,606,0.057,0.02,0.153,56.0,53.0,0.252,0.422,0.543,0.035,3646653,0.614,Africa,45000000.0,132000000.0,2006-12-01
0.039,2.179,121.0,Comoros,22.0,,42.0,403179474.0,0.046,30.0,100,0.069,0.022,0.105,61.0,58.0,0.06,0.417,0.553,0.03,616526,0.279,Africa,27000000.0,11000000.0,2006-12-01
0.039,0.455,4789.0,Senegal,59.0,,2798.0,9358710763.0,0.054,44.0,696,0.055,0.056,,63.0,60.0,0.258,0.44,0.529,0.032,11582925,0.413,Africa,329000000.0,139000000.0,2006-12-01
0.04,0.508,3828.0,Cameroon,45.0,,6723.0,17953103009.0,0.048,46.0,654,0.076,0.02,0.153,53.0,51.0,0.168,0.441,0.526,0.033,18611937,0.491,Africa,231000000.0,521000000.0,2006-12-01
0.04,0.459,216.0,Guinea-Bissau,259.0,,90.0,578517349.0,0.059,24.0,208,0.094,0.021,,54.0,52.0,0.108,0.427,0.544,0.029,1452659,0.417,Africa,2800000.0,17800000.0,2006-12-01
0.04,0.807,1181.0,Guinea,40.0,,,2821346684.0,0.055,16.0,416,0.082,0.006,,54.0,53.0,,0.435,0.533,0.032,9798963,0.332,Africa,,41000000.0,2006-12-01
0.04,0.429,759.0,Liberia,68.0,,,604028582.0,0.109,18.0,158,0.077,,0.155,57.0,55.0,0.083,0.434,0.536,0.03,3384791,0.464,Africa,124000000.0,41000000.0,2006-12-01
0.04,0.757,3876.0,Benin,31.0,,2949.0,4705087452.0,0.048,26.0,270,0.072,0.015,,59.0,56.0,0.125,0.443,0.529,0.028,8443671,0.403,Africa,122000000.0,71000000.0,2006-12-01
0.04,0.845,561.0,Eritrea,76.0,,697.0,1211161880.0,0.032,8.0,216,0.046,,,61.0,57.0,0.012,0.432,0.548,0.02,5035036,0.192,Africa,60000000.0,,2006-12-01
0.041,2.72,733.0,Sierra Leone,26.0,,,1887429109.0,0.142,51.0,399,0.125,0.002,0.24,43.0,43.0,,0.426,0.549,0.025,5280909,0.371,Africa,23000000.0,15000000.0,2006-12-01
0.042,0.322,98514.0,Nigeria,35.0,,107005.0,145000000000.0,0.057,59.0,1120,0.094,0.055,0.169,50.0,49.0,0.226,0.436,0.536,0.027,143314909,0.399,Africa,209000000.0,3536000000.0,2006-12-01
0.042,0.334,953.0,Malawi,39.0,,,3116789658.0,0.09,21.0,370,0.068,0.004,0.323,50.0,50.0,0.047,0.461,0.508,0.03,13307535,0.151,Africa,45000000.0,85000000.0,2006-12-01
0.042,0.438,5959.0,Tanzania,27.0,,17809.0,14331231239.0,0.065,23.0,172,0.054,0.013,0.157,56.0,54.0,0.14,0.447,0.523,0.03,39942347,0.255,Africa,986000000.0,571000000.0,2006-12-01
0.043,0.375,1980.0,Mozambique,113.0,,8742.0,7095910828.0,0.065,21.0,230,0.087,0.008,0.186,49.0,47.0,0.108,0.45,0.519,0.032,21587317,0.302,Africa,145000000.0,196000000.0,2006-12-01
0.044,0.154,2226.0,Zambia,35.0,,7396.0,10702200822.0,0.064,58.0,183,0.073,0.042,0.232,49.0,48.0,0.141,0.468,0.505,0.027,11781612,0.37,Africa,110000000.0,97000000.0,2006-12-01
0.044,2.797,187.0,Burundi,13.0,,,1273180655.0,0.116,18.0,140,0.072,0.007,0.171,52.0,49.0,0.025,0.449,0.524,0.027,8042579,0.096,Africa,1600000.0,126000000.0,2006-12-01
0.044,0.476,1360.0,Burkina Faso,34.0,,,5844669738.0,0.074,28.0,270,0.083,0.006,,54.0,52.0,0.074,0.464,0.51,0.025,13822257,0.223,Africa,55000000.0,84000000.0,2006-12-01
0.044,2.921,337.0,"Gambia, The",27.0,,114.0,655068112.0,0.047,21.0,376,0.056,0.052,0.298,58.0,56.0,0.273,0.46,0.515,0.025,1482324,0.532,Africa,69000000.0,8000000.0,2006-12-01
0.046,2.865,2417.0,Congo (Kinshasa),133.0,,20715.0,14296505933.0,0.055,9.0,308,0.102,0.003,0.464,50.0,46.0,0.079,0.461,0.511,0.028,55590838,0.38,Africa,3100000.0,93000000.0,2006-12-01
0.046,0.352,2655.0,Uganda,28.0,,,9942597753.0,0.096,32.0,237,0.064,0.025,0.187,54.0,53.0,0.068,0.493,0.482,0.025,29711397,0.133,Africa,347000000.0,196000000.0,2006-12-01
0.047,,576.0,Somalia,,,,,,,,0.105,0.011,,54.0,51.0,0.063,0.478,0.493,0.029,8687671,0.356,Africa,,,2006-12-01
0.048,0.514,568.0,Mali,41.0,,,6122644015.0,0.066,33.0,270,0.093,0.007,,52.0,52.0,0.123,0.464,0.506,0.03,12325545,0.328,Africa,175000000.0,196000000.0,2006-12-01
0.049,0.74,407.0,Chad,64.0,,,7422102520.0,0.04,24.0,732,0.1,0.006,0.153,49.0,47.0,0.045,0.492,0.482,0.026,10356822,0.218,Africa,,,2006-12-01
0.049,0.521,22266.0,Angola,119.0,,10006.0,41789494462.0,0.045,111.0,272,0.12,0.019,0.195,50.0,48.0,0.178,0.478,0.497,0.024,17122409,0.369,Africa,91000000.0,393000000.0,2006-12-01
0.051,0.423,807.0,Niger,24.0,,,3646727993.0,0.079,21.0,270,0.079,0.003,,55.0,55.0,0.035,0.492,0.483,0.025,13679705,0.169,Africa,39000000.0,42000000.0,2006-12-01
0.014,0.242,3887.0,Mauritius,7.0,,1194.0,7792063567.0,0.05,316.0,161,0.014,0.202,0.219,76.0,69.0,0.761,0.23,0.7,0.07,1260403,0.412,Africa,1663000000.0,384000000.0,2007-12-01
0.017,0.606,23869.0,Tunisia,11.0,,9039.0,38920218579.0,0.056,217.0,268,0.018,0.171,,76.0,72.0,0.763,0.246,0.686,0.068,10225100,0.654,Africa,3373000000.0,530000000.0,2007-12-01
0.018,0.484,653.0,Seychelles,39.0,,205.0,1033635773.0,0.034,393.0,76,0.012,0.384,0.109,78.0,69.0,0.867,0.233,0.693,0.075,85033,0.515,Africa,60000000.0,11000000.0,2007-12-01
0.02,0.444,50267.0,Morocco,12.0,,14457.0,75226318359.0,0.055,134.0,358,0.033,0.215,,71.0,68.0,0.653,0.295,0.654,0.05,30667086,0.562,Africa,8307000000.0,1418000000.0,2007-12-01
0.022,0.365,443648.0,South Africa,31.0,,136604.0,286000000000.0,0.078,449.0,350,0.047,0.081,0.132,53.0,51.0,0.853,0.303,0.65,0.048,48910248,0.606,Africa,10226000000.0,6103000000.0,2007-12-01
0.023,0.742,112339.0,Algeria,25.0,,36793.0,135000000000.00002,0.035,135.0,451,0.026,0.095,0.08,72.0,69.0,0.785,0.277,0.677,0.046,35097043,0.653,Africa,332000000.0,504000000.0,2007-12-01
0.023,,54209.0,Libya,,,17525.0,71803278689.0,0.025,276.0,,0.017,0.047,0.06,76.0,72.0,0.778,0.3,0.656,0.044,5782108,0.772,Africa,99000000.0,1010000000.0,2007-12-01
0.024,0.451,192382.0,Egypt,10.0,,71189.0,130000000000.0,0.049,85.0,711,0.023,0.16,0.125,72.0,68.0,0.405,0.319,0.626,0.054,74229577,0.431,Africa,10327000000.0,2886000000.0,2007-12-01
0.025,0.171,4701.0,Botswana,107.0,,2033.0,10939028155.0,0.047,269.0,140,0.043,0.053,0.162,46.0,46.0,0.601,0.351,0.616,0.033,1915187,0.555,Africa,548000000.0,284000000.0,2007-12-01
0.028,0.224,7.0,Lesotho,73.0,,19.0,1597484736.0,0.085,69.0,342,0.082,0.034,0.141,45.0,45.0,0.247,0.389,0.566,0.045,1955784,0.233,Africa,31000000.0,276000000.0,2007-12-01
0.028,0.258,2409.0,Namibia,99.0,,1345.0,8836063690.0,0.069,294.0,339,0.042,0.048,0.129,62.0,56.0,0.385,0.391,0.575,0.034,2080700,0.386,Africa,542000000.0,132000000.0,2007-12-01
0.029,0.378,488.0,Djibouti,37.0,,143.0,847918929.0,0.077,78.0,66,0.067,0.016,0.112,60.0,57.0,0.087,0.357,0.608,0.035,798690,0.769,Africa,6800000.0,14200000.0,2007-12-01
0.031,0.363,1063.0,Eswatini,60.0,,423.0,3053823329.0,0.07,190.0,104,0.075,0.041,0.132,47.0,47.0,0.335,0.406,0.562,0.032,1134977,0.218,Africa,32000000.0,63000000.0,2007-12-01
0.032,0.514,10213.0,Zimbabwe,97.0,,9438.0,5291950101.0,,,256,0.058,0.109,,46.0,47.0,0.096,0.415,0.546,0.038,12740160,0.337,Africa,365000000.0,,2007-12-01
0.033,0.327,9578.0,Ghana,15.0,,9064.0,24757608488.0,0.06,66.0,304,0.057,0.039,,61.0,59.0,0.338,0.397,0.568,0.035,22525659,0.487,Africa,990000000.0,816000000.0,2007-12-01
0.033,0.447,2332.0,Gabon,57.0,,1832.0,11570860872.0,0.033,262.0,488,0.048,0.058,0.15,62.0,60.0,0.808,0.391,0.554,0.055,1447388,0.844,Africa,,,2007-12-01
0.036,2.038,235.0,Central African Republic,22.0,,,1698125680.0,0.043,18.0,504,0.108,0.004,0.15,48.0,45.0,0.083,0.415,0.546,0.039,4106897,0.383,Africa,10800000.0,54000000.0,2007-12-01
0.036,0.446,6883.0,Cote d'Ivoire,40.0,,10233.0,19795705245.0,0.066,72.0,270,0.084,0.018,,49.0,47.0,0.416,0.422,0.548,0.03,17949061,0.483,Africa,115000000.0,606000000.0,2007-12-01
0.036,0.361,12541.0,Sudan,39.0,,15294.0,45456460335.0,0.062,85.0,180,0.059,0.087,,62.0,59.0,0.204,0.428,0.541,0.031,33218250,0.329,Africa,262000000.0,1477000000.0,2007-12-01
0.036,0.947,1914.0,Mauritania,65.0,,,3356758534.0,0.044,37.0,696,0.073,0.014,0.235,62.0,59.0,0.425,0.411,0.557,0.031,3330037,0.546,Africa,,,2007-12-01
0.037,0.303,5915.0,Ethiopia,18.0,,30536.0,19346646117.0,0.048,11.0,198,0.061,0.004,0.075,60.0,58.0,0.015,0.457,0.511,0.032,80440708,0.161,Africa,790000000.0,107000000.0,2007-12-01
0.037,0.465,1815.0,Madagascar,7.0,,,7342905883.0,0.05,19.0,238,0.049,0.007,0.45,63.0,61.0,0.114,0.443,0.528,0.029,19371023,0.3,Africa,506000000.0,94000000.0,2007-12-01
0.038,0.441,4796.0,Equatorial Guinea,135.0,,1759.0,10197937673.0,0.024,380.0,492,0.082,0.016,0.15,51.0,49.0,0.235,0.4,0.569,0.031,639618,0.39,Africa,,,2007-12-01
0.038,0.526,1316.0,Togo,62.0,,2458.0,2523462649.0,0.065,28.0,270,0.065,0.022,,55.0,54.0,0.204,0.425,0.548,0.028,5834806,0.361,Africa,38000000.0,59000000.0,2007-12-01
0.038,0.493,9831.0,Kenya,44.0,,17230.0,27236739896.0,0.044,32.0,432,0.058,0.08,0.133,58.0,55.0,0.301,0.426,0.547,0.027,37752304,0.224,Africa,1514000000.0,265000000.0,2007-12-01
0.038,0.335,557.0,Rwanda,16.0,,,3707800459.0,0.1,38.0,168,0.055,0.021,0.161,60.0,57.0,0.064,0.445,0.532,0.024,9928143,0.211,Africa,177000000.0,98000000.0,2007-12-01
0.038,0.487,84.0,Sao Tome and Principe,144.0,,44.0,144259257.0,0.071,66.0,424,0.044,0.146,0.324,67.0,63.0,0.184,0.417,0.544,0.039,163390,0.597,Africa,5000000.0,700000.0,2007-12-01
0.039,,,South Sudan,,,,,,,,0.079,,,53.0,51.0,,0.436,0.531,0.033,8736736,0.174,Africa,,,2007-12-01
0.039,0.807,1210.0,Guinea,40.0,,,4134173271.0,0.063,26.0,416,0.079,0.008,,55.0,53.0,0.199,0.433,0.534,0.032,10046967,0.336,Africa,1100000.0,96000000.0,2007-12-01
0.039,0.649,1437.0,Congo (Brazzaville),37.0,,1209.0,8394688589.0,0.025,57.0,606,0.053,0.028,0.15,57.0,54.0,0.343,0.422,0.543,0.035,3758858,0.619,Africa,54000000.0,168000000.0,2007-12-01
0.039,0.429,678.0,Liberia,68.0,,,739026892.0,0.102,21.0,158,0.072,0.006,0.15,58.0,56.0,0.16,0.434,0.535,0.03,3522294,0.467,Africa,131000000.0,48000000.0,2007-12-01
0.039,0.732,4499.0,Benin,31.0,,3206.0,5506275948.0,0.045,29.0,270,0.069,0.018,,59.0,57.0,0.236,0.441,0.531,0.028,8707490,0.407,Africa,206000000.0,107000000.0,2007-12-01
0.039,2.179,121.0,Comoros,22.0,,41.0,464948879.0,0.049,36.0,100,0.068,0.025,0.105,61.0,58.0,0.098,0.418,0.552,0.03,632736,0.279,Africa,30000000.0,15000000.0,2007-12-01
0.039,0.455,5335.0,Senegal,59.0,,3000.0,11284603481.0,0.047,45.0,696,0.052,0.077,,63.0,60.0,0.305,0.439,0.53,0.031,11904974,0.415,Africa,622000000.0,352000000.0,2007-12-01
0.04,2.352,634.0,Sierra Leone,26.0,,,2158653216.0,0.14,56.0,399,0.122,0.002,0.25,44.0,43.0,0.143,0.425,0.55,0.025,5416015,0.374,Africa,22000000.0,17000000.0,2007-12-01
0.04,0.508,5834.0,Cameroon,38.0,,6340.0,20431779034.0,0.047,50.0,654,0.073,0.029,0.15,53.0,52.0,0.238,0.439,0.528,0.033,19097676,0.497,Africa,254000000.0,466000000.0,2007-12-01
0.04,0.459,231.0,Guinea-Bissau,259.0,,95.0,690721769.0,0.061,29.0,208,0.091,0.022,,54.0,52.0,0.2,0.425,0.546,0.029,1484337,0.426,Africa,28400000.0,40700000.0,2007-12-01
0.04,0.845,579.0,Eritrea,84.0,,721.0,1317974493.0,0.033,8.0,216,0.044,0.004,,62.0,57.0,0.016,0.431,0.549,0.02,5209846,0.195,Africa,61000000.0,,2007-12-01
0.042,0.322,95210.0,Nigeria,27.0,,107683.0,166000000000.0,0.072,81.0,1120,0.091,0.068,0.169,50.0,49.0,0.274,0.437,0.536,0.027,147187353,0.408,Africa,337000000.0,6664000000.0,2007-12-01
0.042,0.33,953.0,Malawi,39.0,,,3647817219.0,0.067,18.0,370,0.064,0.01,0.277,51.0,51.0,0.077,0.461,0.509,0.03,13713758,0.152,Africa,43000000.0,79000000.0,2007-12-01
0.042,0.439,6150.0,Tanzania,26.0,,18306.0,16825547176.0,0.057,23.0,172,0.05,0.016,0.161,57.0,55.0,0.201,0.447,0.522,0.03,41119693,0.261,Africa,1215000000.0,616000000.0,2007-12-01
0.043,0.375,2391.0,Mozambique,29.0,,9144.0,8035635713.0,0.06,22.0,230,0.082,0.009,0.195,49.0,47.0,0.139,0.451,0.517,0.032,22171404,0.304,Africa,182000000.0,209000000.0,2007-12-01
0.044,0.15,1654.0,Zambia,33.0,,7399.0,11541420981.0,0.06,57.0,183,0.07,0.049,0.189,51.0,49.0,0.218,0.469,0.504,0.027,12109620,0.375,Africa,138000000.0,98000000.0,2007-12-01
0.044,2.797,191.0,Burundi,13.0,,,1356078300.0,0.1,16.0,140,0.069,0.007,0.168,53.0,50.0,0.032,0.445,0.529,0.026,8328312,0.099,Africa,2300000.0,106000000.0,2007-12-01
0.044,0.476,1646.0,Burkina Faso,18.0,,,6755823933.0,0.077,32.0,270,0.079,0.008,,54.0,53.0,0.131,0.463,0.511,0.025,14235075,0.232,Africa,61000000.0,93000000.0,2007-12-01
0.044,2.921,396.0,"Gambia, The",32.0,,133.0,798869805.0,0.041,21.0,376,0.055,0.062,0.279,59.0,56.0,0.523,0.46,0.514,0.025,1529406,0.54,Africa,87000000.0,8000000.0,2007-12-01
0.045,2.881,2604.0,Congo (Kinshasa),133.0,,21459.0,16364027647.0,0.059,10.0,308,0.1,0.004,0.47,50.0,47.0,0.115,0.46,0.512,0.028,57187942,0.384,Africa,700000.0,109000000.0,2007-12-01
0.046,,605.0,Somalia,,,,,,,,0.104,0.011,,55.0,51.0,0.067,0.478,0.493,0.029,8910851,0.36,Africa,,,2007-12-01
0.046,0.368,3128.0,Uganda,28.0,,,12292813801.0,0.094,37.0,237,0.061,0.037,0.191,55.0,54.0,0.137,0.492,0.483,0.025,30728747,0.136,Africa,402000000.0,220000000.0,2007-12-01
0.048,0.521,25152.0,Angola,119.0,,10697.0,60448890972.0,0.034,115.0,272,0.117,0.032,0.177,51.0,48.0,0.28,0.479,0.497,0.024,17712824,0.377,Africa,236000000.0,473000000.0,2007-12-01
0.048,0.514,579.0,Mali,25.0,,,7145394015.0,0.07,39.0,270,0.09,0.008,,52.0,53.0,0.199,0.464,0.506,0.03,12725629,0.336,Africa,227000000.0,201000000.0,2007-12-01
0.049,0.74,462.0,Chad,64.0,,,8638711757.0,0.042,27.0,732,0.099,0.008,0.15,49.0,48.0,0.086,0.492,0.482,0.026,10694366,0.219,Africa,,,2007-12-01
0.051,0.424,821.0,Niger,23.0,,,4291363547.0,0.074,22.0,270,0.075,0.004,,55.0,55.0,0.063,0.494,0.481,0.025,14197289,0.17,Africa,44000000.0,48000000.0,2007-12-01
0.013,0.258,3953.0,Mauritius,6.0,,,9641077098.0,0.046,362.0,161,0.014,0.218,0.115,76.0,69.0,0.845,0.224,0.704,0.072,1268565,0.41,Africa,1823000000.0,489000000.0,2008-12-01
0.018,0.466,708.0,Seychelles,39.0,,,967211975.0,0.027,289.0,76,0.012,0.404,0.118,79.0,68.0,1.04,0.229,0.696,0.075,86956,0.518,Africa,46000000.0,7000000.0,2008-12-01
0.018,0.586,25013.0,Tunisia,11.0,,9427.0,44856586316.0,0.056,246.0,228,0.017,0.275,,76.0,72.0,0.828,0.241,0.69,0.069,10328900,0.656,Africa,3909000000.0,555000000.0,2008-12-01
0.021,0.529,49934.0,Morocco,12.0,,14933.0,88882967742.0,0.054,156.0,358,0.031,0.331,,71.0,68.0,0.737,0.289,0.66,0.05,30955151,0.567,Africa,8885000000.0,1910000000.0,2008-12-01
0.022,0.337,465023.0,South Africa,22.0,,146768.0,273000000000.0,0.08,437.0,200,0.046,0.084,0.151,54.0,51.0,0.895,0.3,0.65,0.049,49561256,0.612,Africa,9178000000.0,6905000000.0,2008-12-01
0.022,,60392.0,Libya,,,17738.0,93167701863.0,0.022,318.0,,0.016,0.09,0.06,76.0,73.0,1.256,0.297,0.658,0.044,5876805,0.773,Africa,99000000.0,1339000000.0,2008-12-01
0.024,0.44,196797.0,Egypt,8.0,,72050.0,163000000000.0,0.048,101.0,711,0.021,0.18,0.123,72.0,68.0,0.547,0.318,0.628,0.054,75491922,0.431,Africa,12104000000.0,3390000000.0,2008-12-01
0.024,0.738,114619.0,Algeria,25.0,,37425.0,171000000000.0,0.038,183.0,451,0.025,0.102,0.08,72.0,69.0,0.757,0.274,0.68,0.047,35725377,0.661,Africa,474000000.0,617000000.0,2008-12-01
0.025,0.171,4980.0,Botswana,77.0,,2151.0,11113042238.0,0.053,307.0,140,0.043,0.063,0.165,46.0,46.0,0.768,0.348,0.618,0.034,1933719,0.558,Africa,59000000.0,54000000.0,2008-12-01
0.028,0.196,18.0,Lesotho,40.0,,,1630667593.0,0.089,73.0,324,0.082,0.036,0.162,46.0,46.0,0.301,0.385,0.571,0.044,1972199,0.238,Africa,30000000.0,248000000.0,2008-12-01
0.028,0.228,3579.0,Namibia,66.0,,1455.0,8493167843.0,0.069,287.0,339,0.041,0.053,0.137,63.0,57.0,0.498,0.387,0.579,0.034,2110791,0.396,Africa,484000000.0,114000000.0,2008-12-01
0.029,0.378,524.0,Djibouti,37.0,,,999105339.0,0.08,92.0,66,0.066,0.023,0.116,61.0,58.0,0.139,0.351,0.614,0.035,810100,0.769,Africa,7800000.0,15500000.0,2008-12-01
0.031,0.363,1093.0,Eswatini,60.0,,,3019770680.0,0.082,214.0,104,0.074,0.069,0.148,47.0,48.0,0.461,0.399,0.568,0.033,1153929,0.217,Africa,26000000.0,59000000.0,2008-12-01
0.032,0.684,8148.0,Zimbabwe,97.0,,8678.0,4415702801.0,,,256,0.058,0.114,,49.0,49.0,0.129,0.416,0.545,0.039,12784041,0.336,Africa,294000000.0,,2008-12-01
0.033,0.325,8529.0,Ghana,13.0,,8958.0,28528016511.0,0.056,69.0,224,0.056,0.043,,61.0,59.0,0.501,0.394,0.571,0.035,23110139,0.494,Africa,970000000.0,870000000.0,2008-12-01
0.033,0.447,1566.0,Gabon,57.0,,1880.0,15685389827.0,0.027,283.0,488,0.046,0.062,,62.0,60.0,0.877,0.389,0.556,0.055,1482843,0.849,Africa,,,2008-12-01
0.036,2.038,235.0,Central African Republic,22.0,,,1985370255.0,0.043,20.0,504,0.107,0.01,,48.0,45.0,0.136,0.412,0.549,0.039,4185106,0.385,Africa,11800000.0,56000000.0,2008-12-01
0.036,0.446,6872.0,Cote d'Ivoire,40.0,,10278.0,23414253328.0,0.065,83.0,270,0.082,0.019,,50.0,48.0,0.572,0.421,0.549,0.03,18260044,0.49,Africa,129000000.0,612000000.0,2008-12-01
0.036,0.303,6370.0,Ethiopia,18.0,,31482.0,26571320718.0,0.043,14.0,198,0.057,0.005,0.08,61.0,59.0,0.024,0.453,0.515,0.032,82621190,0.165,Africa,1184000000.0,156000000.0,2008-12-01
0.036,0.858,2021.0,Mauritania,19.0,,,3790240831.0,0.043,46.0,696,0.072,0.019,0.203,62.0,59.0,0.611,0.409,0.559,0.031,3422901,0.553,Africa,,,2008-12-01
0.036,0.361,12589.0,Sudan,39.0,,15539.0,54082389393.0,0.075,118.0,180,0.058,,,63.0,59.0,0.29,0.426,0.543,0.031,34040065,0.329,Africa,331000000.0,1188000000.0,2008-12-01
0.036,0.426,1944.0,Madagascar,7.0,,,9413002737.0,0.043,20.0,238,0.047,0.017,0.45,64.0,61.0,0.243,0.44,0.531,0.029,19926785,0.307,Africa,620000000.0,143000000.0,2008-12-01
0.037,0.441,4503.0,Equatorial Guinea,135.0,,,15419096232.0,0.034,792.0,492,0.08,0.018,,52.0,49.0,0.274,0.397,0.572,0.03,658025,0.39,Africa,,,2008-12-01
0.037,0.472,84.0,Sao Tome and Principe,144.0,,,183464986.0,0.063,75.0,424,0.043,0.155,0.324,67.0,64.0,0.3,0.416,0.546,0.038,168253,0.604,Africa,7700000.0,300000.0,2008-12-01
0.038,,,South Sudan,,,,16382632812.0,0.02,34.0,,0.076,,,53.0,51.0,,0.434,0.533,0.033,9118386,0.176,Africa,,,2008-12-01
0.038,0.526,1456.0,Togo,62.0,,2563.0,3163416556.0,0.065,34.0,270,0.064,0.024,,56.0,54.0,0.259,0.423,0.549,0.028,5987491,0.366,Africa,44000000.0,68000000.0,2008-12-01
0.038,0.493,10242.0,Kenya,30.0,,17806.0,30465489796.0,0.042,33.0,417,0.056,0.087,0.14,59.0,56.0,0.42,0.426,0.547,0.026,38773277,0.228,Africa,1398000000.0,266000000.0,2008-12-01
0.038,0.429,576.0,Liberia,31.0,,,850040459.0,0.118,27.0,158,0.067,0.005,0.144,59.0,57.0,0.233,0.434,0.535,0.031,3672714,0.471,Africa,158000000.0,58000000.0,2008-12-01
0.038,2.179,125.0,Comoros,22.0,,,530131963.0,0.052,42.0,100,0.066,0.03,0.105,61.0,58.0,0.141,0.42,0.55,0.03,649291,0.279,Africa,37000000.0,15000000.0,2008-12-01
0.038,0.334,543.0,Rwanda,14.0,,,4674053754.0,0.101,47.0,160,0.05,0.045,0.165,61.0,59.0,0.129,0.447,0.53,0.023,10222961,0.22,Africa,224000000.0,146000000.0,2008-12-01
0.039,0.504,5545.0,Cameroon,38.0,,6395.0,23735537026.0,0.05,60.0,654,0.071,0.034,,54.0,52.0,0.314,0.438,0.53,0.033,19595026,0.503,Africa,167000000.0,563000000.0,2008-12-01
0.039,0.459,227.0,Guinea-Bissau,259.0,,,842890956.0,0.06,34.0,208,0.089,0.024,,55.0,52.0,0.33,0.423,0.548,0.029,1516920,0.435,Africa,38200000.0,46100000.0,2008-12-01
0.039,0.807,1214.0,Guinea,40.0,,,4515824643.0,0.06,26.0,416,0.077,0.009,,55.0,54.0,0.267,0.432,0.536,0.032,10314678,0.34,Africa,2400000.0,30000000.0,2008-12-01
0.039,0.659,1474.0,Congo (Brazzaville),161.0,,1260.0,11859015181.0,0.021,64.0,606,0.049,0.043,,57.0,55.0,0.466,0.422,0.544,0.034,3876475,0.623,Africa,,,2008-12-01
0.039,0.732,4492.0,Benin,31.0,,3278.0,6633561835.0,0.042,31.0,270,0.066,0.019,,60.0,57.0,0.404,0.439,0.533,0.029,8973293,0.411,Africa,236000000.0,102000000.0,2008-12-01
0.039,0.845,414.0,Eritrea,84.0,,677.0,1380188800.0,0.034,9.0,216,0.042,0.005,,63.0,58.0,0.02,0.43,0.549,0.02,5382163,0.199,Africa,46000000.0,,2008-12-01
0.039,0.455,5442.0,Senegal,9.0,,3036.0,13386346543.0,0.049,54.0,666,0.051,0.106,,64.0,61.0,0.44,0.438,0.531,0.031,12238791,0.417,Africa,637000000.0,276000000.0,2008-12-01
0.04,2.352,664.0,Sierra Leone,17.0,,,2505620416.0,0.142,64.0,399,0.12,0.003,0.245,44.0,44.0,0.182,0.424,0.551,0.025,5532139,0.376,Africa,34000000.0,24000000.0,2008-12-01
0.041,0.444,6538.0,Tanzania,26.0,,18921.0,20715086119.0,0.054,26.0,172,0.047,0.019,0.15,58.0,56.0,0.307,0.448,0.522,0.031,42353790,0.268,Africa,1293000000.0,746000000.0,2008-12-01
0.042,0.375,2340.0,Mozambique,26.0,,9264.0,9891003405.0,0.055,24.0,230,0.078,0.016,0.183,50.0,47.0,0.194,0.452,0.516,0.032,22762525,0.305,Africa,213000000.0,235000000.0,2008-12-01
0.042,0.322,92621.0,Nigeria,25.0,,111225.0,208000000000.0,0.065,88.0,938,0.088,0.159,0.155,51.0,50.0,0.417,0.438,0.535,0.027,151208080,0.417,Africa,959000000.0,11009000000.0,2008-12-01
0.042,0.322,1155.0,Malawi,39.0,,,4276769712.0,0.084,25.0,292,0.059,0.007,0.253,52.0,52.0,0.107,0.46,0.509,0.03,14138207,0.153,Africa,43000000.0,86000000.0,2008-12-01
0.043,0.15,1845.0,Zambia,18.0,,7641.0,14640792100.0,0.066,78.0,183,0.067,0.056,0.191,52.0,51.0,0.284,0.47,0.504,0.027,12456527,0.379,Africa,148000000.0,107000000.0,2008-12-01
0.044,0.445,1698.0,Burkina Faso,16.0,,,8350710389.0,0.086,39.0,270,0.076,0.009,,55.0,54.0,0.206,0.462,0.512,0.025,14659646,0.24,Africa,82000000.0,110000000.0,2008-12-01
0.044,2.921,411.0,"Gambia, The",27.0,,,965771303.0,0.041,25.0,376,0.054,0.069,0.27,59.0,56.0,0.739,0.46,0.514,0.025,1577984,0.548,Africa,80000000.0,8000000.0,2008-12-01
0.045,2.881,2820.0,Congo (Kinshasa),133.0,,22246.0,19206060075.0,0.073,15.0,308,0.097,0.004,0.432,50.0,47.0,0.169,0.458,0.514,0.028,58819038,0.389,Africa,700000.0,127000000.0,2008-12-01
0.045,2.797,249.0,Burundi,13.0,,,1611634286.0,0.079,15.0,140,0.066,0.008,0.165,53.0,50.0,0.056,0.442,0.532,0.026,8624280,0.101,Africa,1600000.0,151000000.0,2008-12-01
0.046,,609.0,Somalia,,,,,,,,0.102,0.011,,55.0,52.0,0.069,0.478,0.493,0.029,9140259,0.364,Africa,,,2008-12-01
0.046,0.34,3161.0,Uganda,25.0,,,14239026768.0,0.088,39.0,222,0.057,0.079,0.205,56.0,55.0,0.269,0.491,0.484,0.025,31778799,0.139,Africa,536000000.0,315000000.0,2008-12-01
0.048,0.713,510.0,Chad,64.0,,,10351933632.0,0.036,27.0,732,0.097,0.012,,50.0,48.0,0.145,0.491,0.484,0.026,11030628,0.219,Africa,,,2008-12-01
0.048,0.521,26597.0,Angola,68.0,,11584.0,84178086999.0,0.038,177.0,272,0.115,0.046,0.125,51.0,48.0,0.37,0.479,0.497,0.024,18314441,0.385,Africa,293000000.0,447000000.0,2008-12-01
0.048,0.514,594.0,Mali,25.0,,,8737687353.0,0.067,45.0,270,0.088,0.016,,53.0,53.0,0.262,0.465,0.505,0.03,13138299,0.344,Africa,286000000.0,228000000.0,2008-12-01
0.05,0.423,917.0,Niger,19.0,,,5403364454.0,0.071,26.0,270,0.072,0.007,,56.0,56.0,0.129,0.496,0.479,0.026,14737895,0.172,Africa,86000000.0,98000000.0,2008-12-01
0.012,0.26,3865.0,Mauritius,6.0,,,8834661043.0,0.05,357.0,161,0.014,0.225,0.093,77.0,69.0,0.886,0.217,0.708,0.075,1275032,0.408,Africa,1390000000.0,384000000.0,2009-12-01
0.018,0.441,755.0,Seychelles,39.0,,,847424852.0,0.027,250.0,76,0.012,,0.153,78.0,68.0,1.222,0.225,0.699,0.076,87298,0.52,Africa,27000000.0,5000000.0,2009-12-01
0.018,0.623,24807.0,Tunisia,11.0,,9193.0,43454935940.0,0.062,259.0,228,0.016,0.341,,77.0,73.0,0.932,0.238,0.693,0.069,10439600,0.658,Africa,3526000000.0,478000000.0,2009-12-01
0.021,0.493,49541.0,Morocco,12.0,,15054.0,90908402631.0,0.057,165.0,358,0.03,0.413,,72.0,68.0,0.809,0.285,0.665,0.05,31276564,0.572,Africa,7980000000.0,1713000000.0,2009-12-01
0.022,0.298,503941.0,South Africa,22.0,,142761.0,284000000000.0,0.087,484.0,200,0.04,0.1,0.117,55.0,52.0,0.912,0.299,0.651,0.051,50222996,0.617,Africa,8684000000.0,6420000000.0,2009-12-01
0.022,,67674.0,Libya,,,20286.0,62360446571.0,0.035,349.0,,0.015,0.108,0.06,77.0,73.0,1.599,0.295,0.659,0.045,5964325,0.775,Africa,159000000.0,1683000000.0,2009-12-01
0.024,0.43,197871.0,Egypt,8.0,,71465.0,189000000000.0,0.05,118.0,480,0.021,0.257,0.12,73.0,68.0,0.721,0.316,0.629,0.055,76775023,0.43,Africa,11757000000.0,2941000000.0,2009-12-01
0.024,0.72,124586.0,Algeria,25.0,,40823.0,137000000000.00002,0.046,174.0,451,0.024,0.112,0.08,72.0,69.0,0.9,0.272,0.681,0.047,36383302,0.668,Africa,381000000.0,574000000.0,2009-12-01
0.025,0.17,4397.0,Botswana,60.0,,2023.0,10106837286.0,0.061,318.0,140,0.041,0.062,0.138,46.0,47.0,0.96,0.345,0.621,0.034,1951715,0.56,Africa,53000000.0,80000000.0,2009-12-01
0.027,0.223,3183.0,Namibia,66.0,,1497.0,8724107049.0,0.079,326.0,339,0.039,0.065,0.111,64.0,59.0,0.761,0.382,0.584,0.034,2143498,0.406,Africa,511000000.0,120000000.0,2009-12-01
0.028,0.199,26.0,Lesotho,40.0,,,1708772782.0,0.098,84.0,324,0.08,0.037,0.13,47.0,46.0,0.332,0.381,0.576,0.043,1989873,0.243,Africa,30000000.0,247000000.0,2009-12-01
0.029,0.378,532.0,Djibouti,37.0,,,1198997305.0,0.083,100.0,66,0.064,0.04,0.111,61.0,58.0,0.157,0.345,0.618,0.036,821865,0.769,Africa,16000000.0,17500000.0,2009-12-01
0.031,0.363,1023.0,Eswatini,60.0,,,3144680749.0,0.084,227.0,104,0.068,0.089,0.114,48.0,48.0,0.566,0.393,0.574,0.033,1173678,0.216,Africa,40000000.0,98000000.0,2009-12-01
0.032,0.382,8735.0,Zimbabwe,97.0,,8747.0,8157077422.0,,,270,0.059,0.114,,51.0,51.0,0.31,0.415,0.546,0.04,12888918,0.334,Africa,523000000.0,,2009-12-01
0.033,0.325,7444.0,Ghana,12.0,,9320.0,25978563316.0,0.051,56.0,224,0.056,0.054,,61.0,59.0,0.638,0.392,0.573,0.035,23691533,0.5,Africa,849000000.0,948000000.0,2009-12-01
0.033,0.447,81.0,Gabon,57.0,,1925.0,12031268402.0,0.037,291.0,488,0.045,0.067,,63.0,61.0,0.954,0.388,0.559,0.054,1519155,0.853,Africa,,,2009-12-01
0.035,2.038,235.0,Central African Republic,23.0,,,1981728179.0,0.036,17.0,504,0.105,0.018,,49.0,46.0,0.202,0.409,0.552,0.039,4266247,0.386,Africa,6000000.0,61000000.0,2009-12-01
0.035,0.303,6659.0,Ethiopia,15.0,,32378.0,31843357840.0,0.045,15.0,198,0.054,0.005,,62.0,59.0,0.048,0.449,0.518,0.033,84838032,0.169,Africa,1119000000.0,139000000.0,2009-12-01
0.035,0.361,14056.0,Sudan,36.0,,16297.0,52839990731.0,0.074,112.0,180,0.056,,,63.0,60.0,0.361,0.423,0.546,0.031,34853178,0.33,Africa,299000000.0,868000000.0,2009-12-01
0.036,0.444,5856.0,Cote d'Ivoire,40.0,,9489.0,23041633638.0,0.068,84.0,270,0.079,0.02,,50.0,48.0,0.709,0.42,0.55,0.031,18601342,0.498,Africa,164000000.0,589000000.0,2009-12-01
0.036,0.858,2211.0,Mauritania,19.0,,,3027032864.0,0.054,46.0,696,0.071,0.023,0.195,62.0,59.0,0.621,0.407,0.561,0.031,3516077,0.56,Africa,,,2009-12-01
0.036,0.384,1822.0,Madagascar,7.0,,,8550363829.0,0.045,19.0,201,0.045,0.016,0.45,64.0,61.0,0.307,0.437,0.534,0.029,20495695,0.313,Africa,518000000.0,123000000.0,2009-12-01
0.037,0.441,4620.0,Equatorial Guinea,135.0,,,9380412630.0,0.056,861.0,492,0.078,0.021,,52.0,50.0,0.295,0.395,0.575,0.03,676851,0.391,Africa,,,2009-12-01
0.037,0.493,12350.0,Kenya,34.0,,18897.0,30716343757.0,0.046,36.0,417,0.054,0.1,0.148,60.0,57.0,0.486,0.426,0.548,0.026,39824734,0.232,Africa,1124000000.0,227000000.0,2009-12-01
0.037,0.31,576.0,Rwanda,3.0,,,5208687775.0,0.1,50.0,160,0.047,0.077,0.161,63.0,60.0,0.231,0.448,0.529,0.023,10529668,0.23,Africa,223000000.0,148000000.0,2009-12-01
0.037,0.472,92.0,Sao Tome and Principe,144.0,,,196473839.0,0.075,94.0,424,0.041,0.164,0.311,68.0,64.0,0.467,0.416,0.547,0.037,173240,0.612,Africa,8300000.0,400000.0,2009-12-01
0.038,,,South Sudan,,,,13298986925.0,0.024,30.0,,0.073,,,54.0,52.0,,0.431,0.535,0.034,9520571,0.177,Africa,,,2009-12-01
0.038,0.525,1503.0,Togo,84.0,,2628.0,3163000591.0,0.072,37.0,270,0.062,0.026,,56.0,54.0,0.356,0.422,0.551,0.027,6144457,0.371,Africa,73000000.0,94000000.0,2009-12-01
0.038,0.732,4756.0,Benin,31.0,,3439.0,6585134688.0,0.044,32.0,270,0.064,0.022,,60.0,57.0,0.545,0.436,0.535,0.029,9240783,0.415,Africa,131000000.0,88000000.0,2009-12-01
0.038,0.429,528.0,Liberia,20.0,,,1155146230.0,0.144,43.0,158,0.064,0.005,0.142,60.0,58.0,0.284,0.434,0.535,0.031,3821440,0.474,Africa,123000000.0,51000000.0,2009-12-01
0.038,2.179,125.0,Comoros,22.0,,,535199686.0,0.038,31.0,100,0.065,0.035,0.105,61.0,59.0,0.184,0.421,0.549,0.029,666097,0.279,Africa,32000000.0,17000000.0,2009-12-01
0.039,2.352,653.0,Sierra Leone,12.0,,,2453972797.0,0.169,74.0,357,0.117,0.003,0.222,45.0,44.0,0.206,0.423,0.551,0.025,5641182,0.379,Africa,25000000.0,22000000.0,2009-12-01
0.039,0.488,6674.0,Cameroon,35.0,,6914.0,22165009363.0,0.051,56.0,654,0.069,0.038,,54.0,52.0,0.398,0.436,0.532,0.033,20103945,0.509,Africa,271000000.0,476000000.0,2009-12-01
0.039,0.459,235.0,Guinea-Bissau,216.0,,,832530157.0,0.068,36.0,208,0.087,0.023,,55.0,52.0,0.361,0.421,0.55,0.03,1550905,0.443,Africa,12000000.0,26000000.0,2009-12-01
0.039,0.807,1228.0,Guinea,40.0,,,4609923720.0,0.063,28.0,416,0.074,0.009,,56.0,54.0,0.329,0.43,0.538,0.032,10593248,0.344,Africa,4900000.0,28000000.0,2009-12-01
0.039,0.659,1885.0,Congo (Brazzaville),161.0,,1416.0,9593536719.0,0.023,54.0,606,0.045,0.045,,58.0,55.0,0.738,0.422,0.544,0.034,3995146,0.628,Africa,,,2009-12-01
0.039,0.845,513.0,Eritrea,84.0,,726.0,1856695550.0,0.031,10.0,216,0.041,0.005,,63.0,58.0,0.025,0.43,0.549,0.021,5557889,0.202,Africa,26000000.0,,2009-12-01
0.039,0.455,5849.0,Senegal,9.0,,3270.0,12812994670.0,0.048,49.0,666,0.049,0.145,,64.0,61.0,0.548,0.437,0.532,0.031,12586827,0.42,Africa,474000000.0,258000000.0,2009-12-01
0.041,0.375,2574.0,Mozambique,26.0,,9554.0,9674037707.0,0.06,25.0,230,0.074,0.027,0.157,50.0,48.0,0.256,0.453,0.515,0.032,23361025,0.307,Africa,217000000.0,247000000.0,2009-12-01
0.041,0.263,1060.0,Malawi,39.0,,,5030639934.0,0.083,29.0,157,0.055,0.011,0.253,53.0,53.0,0.171,0.459,0.51,0.031,14573338,0.154,Africa,46000000.0,91000000.0,2009-12-01
0.041,0.444,6447.0,Tanzania,26.0,,19345.0,21368165400.0,0.056,28.0,172,0.044,0.024,0.15,59.0,57.0,0.4,0.448,0.521,0.031,43639752,0.274,Africa,1192000000.0,806000000.0,2009-12-01
0.042,0.322,71719.0,Nigeria,25.0,,109255.0,169000000000.0,0.068,74.0,938,0.085,0.2,0.184,51.0,51.0,0.48,0.439,0.534,0.027,155381020,0.426,Africa,791000000.0,6236000000.0,2009-12-01
0.043,0.15,2156.0,Zambia,18.0,,7842.0,12805029522.0,0.064,64.0,183,0.065,0.063,0.221,54.0,52.0,0.344,0.47,0.504,0.027,12825031,0.383,Africa,98000000.0,83000000.0,2009-12-01
0.043,0.449,1665.0,Burkina Faso,14.0,,,8348156389.0,0.073,41.0,270,0.073,0.011,,55.0,54.0,0.253,0.461,0.514,0.025,15094967,0.248,Africa,99000000.0,111000000.0,2009-12-01
0.043,2.921,436.0,"Gambia, The",27.0,,,900629373.0,0.045,25.0,376,0.053,0.076,0.27,59.0,57.0,0.806,0.46,0.515,0.025,1628332,0.556,Africa,64000000.0,9000000.0,2009-12-01
0.044,2.927,2721.0,Congo (Kinshasa),127.0,,22925.0,18262773766.0,0.091,17.0,308,0.095,0.006,0.654,50.0,47.0,0.156,0.456,0.515,0.028,60486276,0.394,Africa,24000000.0,121000000.0,2009-12-01
0.045,2.797,180.0,Burundi,13.0,,,1739781536.0,0.07,14.0,140,0.063,0.009,0.141,54.0,51.0,0.103,0.44,0.535,0.026,8926687,0.104,Africa,1700000.0,71000000.0,2009-12-01
0.045,0.35,3366.0,Uganda,25.0,,,14824492062.0,0.093,42.0,161,0.054,0.098,0.21,57.0,56.0,0.286,0.49,0.486,0.025,32864328,0.142,Africa,683000000.0,351000000.0,2009-12-01
0.046,,594.0,Somalia,,,,,,,,0.1,0.012,,55.0,52.0,0.068,0.478,0.494,0.028,9380854,0.368,Africa,,,2009-12-01
0.047,0.521,27836.0,Angola,68.0,,12586.0,75492417649.0,0.044,174.0,272,0.112,0.06,0.157,52.0,49.0,0.428,0.479,0.497,0.024,18926650,0.393,Africa,554000000.0,270000000.0,2009-12-01
0.048,0.713,444.0,Chad,64.0,,,9253484290.0,0.045,28.0,732,0.095,0.015,,50.0,49.0,0.201,0.49,0.485,0.025,11371325,0.219,Africa,,,2009-12-01
0.048,0.514,612.0,Mali,8.0,,,8964480570.0,0.068,45.0,270,0.085,0.018,,53.0,54.0,0.329,0.467,0.504,0.029,13559296,0.352,Africa,290000000.0,231000000.0,2009-12-01
0.05,0.465,1085.0,Niger,17.0,,,5397121962.0,0.077,27.0,270,0.069,0.008,,57.0,56.0,0.17,0.497,0.477,0.026,15302948,0.174,Africa,69000000.0,84000000.0,2009-12-01
0.012,0.272,4118.0,Mauritius,6.0,,,9718331363.0,0.054,427.0,161,0.013,0.283,0.089,77.0,69.0,0.968,0.212,0.711,0.077,1280924,0.406,Africa,1585000000.0,423000000.0,2010-12-01
0.017,0.441,704.0,Seychelles,39.0,,,973355738.0,0.037,394.0,76,0.012,0.41,0.127,78.0,69.0,1.289,0.223,0.701,0.076,89770,0.523,Africa,29000000.0,5000000.0,2010-12-01
0.019,0.623,25878.0,Tunisia,11.0,,9674.0,44054072936.0,0.067,282.0,144,0.015,0.368,,77.0,73.0,1.045,0.235,0.696,0.069,10549100,0.659,Africa,3477000000.0,611000000.0,2010-12-01
0.022,0.3,460124.0,South Africa,22.0,,142291.0,365000000000.0,0.087,615.0,200,0.035,0.24,0.098,56.0,53.0,0.979,0.297,0.651,0.052,50895698,0.622,Africa,10308000000.0,8139000000.0,2010-12-01
0.022,0.496,50608.0,Morocco,12.0,,16183.0,90770671432.0,0.059,168.0,358,0.029,0.52,,72.0,68.0,1.011,0.281,0.669,0.05,31642360,0.577,Africa,8176000000.0,1879000000.0,2010-12-01
0.022,,59035.0,Libya,,,21611.0,74755288917.0,0.033,389.0,,0.014,0.14,0.06,77.0,73.0,1.804,0.294,0.66,0.046,6040612,0.776,Africa,170000000.0,2184000000.0,2010-12-01
0.024,0.195,5233.0,Botswana,60.0,,2263.0,13746712706.0,0.056,394.0,152,0.04,0.06,0.115,46.0,47.0,1.2,0.343,0.623,0.035,1969341,0.562,Africa,80000000.0,89000000.0,2010-12-01
0.024,0.426,204776.0,Egypt,8.0,,73575.0,219000000000.0,0.048,126.0,433,0.02,0.314,0.11,73.0,68.0,0.905,0.315,0.63,0.055,78075705,0.43,Africa,13633000000.0,2696000000.0,2010-12-01
0.025,0.72,123475.0,Algeria,25.0,,40105.0,161000000000.0,0.042,181.0,451,0.024,0.125,0.08,72.0,69.0,0.884,0.271,0.681,0.047,37062820,0.675,Africa,323000000.0,737000000.0,2010-12-01
0.027,0.223,3176.0,Namibia,66.0,,1552.0,11141417478.0,0.082,416.0,339,0.038,0.116,0.097,65.0,60.0,0.895,0.377,0.589,0.034,2178967,0.416,Africa,560000000.0,145000000.0,2010-12-01
0.028,0.196,18.0,Lesotho,40.0,,,2175685681.0,0.108,118.0,324,0.077,0.039,0.112,48.0,47.0,0.492,0.376,0.581,0.043,2008921,0.248,Africa,25000000.0,278000000.0,2010-12-01
0.028,0.378,539.0,Djibouti,37.0,,,1128611700.0,0.088,111.0,90,0.062,0.065,0.103,62.0,59.0,0.199,0.341,0.622,0.037,834036,0.77,Africa,18000000.0,20500000.0,2010-12-01
0.031,0.365,1023.0,Eswatini,56.0,,,3891563478.0,0.084,261.0,104,0.063,0.11,0.098,48.0,49.0,0.608,0.388,0.578,0.033,1193148,0.215,Africa,51000000.0,87000000.0,2010-12-01
0.032,0.391,9428.0,Zimbabwe,90.0,,9000.0,9456808151.0,,,242,0.059,0.115,,54.0,53.0,0.589,0.412,0.548,0.04,13076978,0.332,Africa,634000000.0,,2010-12-01
0.032,0.325,8999.0,Ghana,12.0,,10011.0,32174210793.0,0.053,70.0,224,0.055,0.078,,62.0,60.0,0.719,0.39,0.575,0.035,24262901,0.507,Africa,706000000.0,882000000.0,2010-12-01
0.033,0.435,2574.0,Gabon,57.0,,1984.0,14569527125.0,0.035,322.0,488,0.043,0.072,,63.0,61.0,1.035,0.386,0.56,0.053,1556222,0.857,Africa,,,2010-12-01
0.035,2.038,264.0,Central African Republic,23.0,,,1986014759.0,0.039,18.0,504,0.103,0.02,,50.0,46.0,0.225,0.406,0.555,0.039,4349921,0.388,Africa,7200000.0,61000000.0,2010-12-01
0.035,0.303,6494.0,Ethiopia,15.0,,33250.0,29385611867.0,0.047,14.0,198,0.051,0.008,,63.0,60.0,0.079,0.444,0.523,0.033,87095281,0.173,Africa,1434000000.0,143000000.0,2010-12-01
0.035,0.682,2215.0,Mauritania,19.0,,,3526946625.0,0.06,58.0,696,0.07,0.04,0.17,63.0,60.0,0.769,0.406,0.563,0.031,3609420,0.567,Africa,,,2010-12-01
0.035,0.361,14173.0,Sudan,36.0,,16605.0,65632237471.0,0.065,119.0,180,0.055,0.167,,63.0,60.0,0.415,0.421,0.548,0.031,35652002,0.331,Africa,94000000.0,1116000000.0,2010-12-01
0.035,0.377,2013.0,Madagascar,7.0,,,8704983553.0,0.045,19.0,201,0.044,0.017,0.49,65.0,62.0,0.366,0.434,0.537,0.028,21079532,0.319,Africa,633000000.0,110000000.0,2010-12-01
0.036,0.333,99.0,Sao Tome and Principe,144.0,,,201037917.0,0.071,86.0,424,0.04,0.188,0.289,68.0,64.0,0.576,0.416,0.548,0.036,178228,0.619,Africa,11100000.0,600000.0,2010-12-01
0.037,0.442,5805.0,Cote d'Ivoire,40.0,,9800.0,22920779598.0,0.069,83.0,270,0.077,0.021,,50.0,49.0,0.822,0.418,0.551,0.031,18976588,0.506,Africa,213000000.0,569000000.0,2010-12-01
0.037,0.441,4679.0,Equatorial Guinea,135.0,,,11586407487.0,0.043,757.0,492,0.076,0.06,,53.0,50.0,0.574,0.393,0.578,0.029,696167,0.392,Africa,,,2010-12-01
0.037,,,South Sudan,,,,16338510934.0,0.021,32.0,,0.071,,,54.0,52.0,,0.428,0.538,0.034,9940929,0.179,Africa,,,2010-12-01
0.037,0.503,1540.0,Togo,84.0,,2692.0,3172945506.0,0.075,37.0,270,0.061,0.03,,56.0,55.0,0.413,0.421,0.552,0.027,6306014,0.375,Africa,105000000.0,89000000.0,2010-12-01
0.037,0.493,12427.0,Kenya,33.0,,19719.0,32440133261.0,0.044,35.0,393,0.052,0.14,0.144,61.0,58.0,0.61,0.426,0.548,0.026,40909194,0.236,Africa,1620000000.0,212000000.0,2010-12-01
0.037,0.429,799.0,Liberia,20.0,,,1292696476.0,0.131,43.0,141,0.06,0.023,0.142,60.0,59.0,0.397,0.433,0.536,0.031,3957990,0.478,Africa,12000000.0,134000000.0,2010-12-01
0.037,2.179,139.0,Comoros,22.0,,,543376206.0,0.034,27.0,100,0.063,0.051,0.105,62.0,59.0,0.242,0.422,0.549,0.029,683081,0.279,Africa,35000000.0,19000000.0,2010-12-01
0.037,0.31,594.0,Rwanda,3.0,,,5624809049.0,0.108,56.0,148,0.044,0.08,0.167,64.0,61.0,0.327,0.447,0.53,0.023,10836732,0.24,Africa,224000000.0,120000000.0,2010-12-01
0.038,2.352,689.0,Sierra Leone,12.0,,,2578159463.0,0.154,69.0,357,0.114,0.006,0.213,45.0,45.0,0.348,0.422,0.553,0.026,5751976,0.382,Africa,26000000.0,22000000.0,2010-12-01
0.038,0.879,1236.0,Guinea,40.0,,,4735956476.0,0.062,27.0,416,0.071,0.01,,56.0,55.0,0.368,0.428,0.54,0.032,10876033,0.349,Africa,2000000.0,17000000.0,2010-12-01
0.038,0.659,5189.0,Benin,31.0,,3653.0,6558416322.0,0.043,30.0,270,0.062,0.031,,60.0,57.0,0.744,0.434,0.537,0.029,9509798,0.419,Africa,149000000.0,91000000.0,2010-12-01
0.038,0.845,513.0,Eritrea,84.0,,745.0,2117039511.0,0.032,12.0,216,0.039,0.006,,64.0,59.0,0.032,0.43,0.549,0.021,5741159,0.206,Africa,,,2010-12-01
0.039,0.459,238.0,Guinea-Bissau,216.0,,,835390893.0,0.071,38.0,208,0.085,0.025,,55.0,52.0,0.427,0.419,0.551,0.03,1586624,0.452,Africa,13600000.0,29500000.0,2010-12-01
0.039,0.488,7235.0,Cameroon,19.0,,6944.0,22493301699.0,0.053,57.0,654,0.066,0.043,,55.0,53.0,0.419,0.434,0.533,0.032,20624343,0.515,Africa,171000000.0,265000000.0,2010-12-01
0.039,0.663,2028.0,Congo (Brazzaville),161.0,,1511.0,12007880067.0,0.023,67.0,606,0.042,0.05,,59.0,56.0,0.904,0.422,0.544,0.034,4111715,0.632,Africa,,,2010-12-01
0.039,0.455,7059.0,Senegal,9.0,,3426.0,12932427724.0,0.048,48.0,666,0.047,0.16,,64.0,61.0,0.644,0.436,0.533,0.031,12950564,0.422,Africa,464000000.0,217000000.0,2010-12-01
0.041,0.375,2882.0,Mozambique,13.0,,9875.0,9274448732.0,0.057,22.0,230,0.072,0.042,0.163,50.0,48.0,0.301,0.453,0.514,0.032,23967265,0.31,Africa,224000000.0,260000000.0,2010-12-01
0.041,0.259,1239.0,Malawi,39.0,,,5398616985.0,0.085,30.0,157,0.053,0.023,0.246,54.0,53.0,0.208,0.458,0.511,0.031,15013694,0.155,Africa,47000000.0,93000000.0,2010-12-01
0.041,0.444,6846.0,Tanzania,26.0,,20043.0,22915004297.0,0.072,37.0,172,0.041,0.029,0.145,60.0,58.0,0.467,0.448,0.52,0.031,44973330,0.281,Africa,1279000000.0,861000000.0,2010-12-01
0.042,0.322,78910.0,Nigeria,25.0,,115138.0,369000000000.0,0.056,80.0,938,0.082,0.24,0.176,52.0,51.0,0.547,0.44,0.532,0.027,159707780,0.435,Africa,738000000.0,8379000000.0,2010-12-01
0.043,0.143,2428.0,Zambia,18.0,,8054.0,16190196832.0,0.061,75.0,183,0.064,0.1,0.209,56.0,53.0,0.412,0.469,0.504,0.027,13216985,0.387,Africa,125000000.0,128000000.0,2010-12-01
0.043,0.448,1683.0,Burkina Faso,14.0,,,9209288383.0,0.074,41.0,270,0.07,0.024,,56.0,54.0,0.367,0.46,0.515,0.025,15540284,0.257,Africa,105000000.0,110000000.0,2010-12-01
0.043,2.921,473.0,"Gambia, The",27.0,,,951805801.0,0.047,27.0,376,0.052,0.092,0.27,59.0,57.0,0.88,0.46,0.515,0.025,1680640,0.563,Africa,80000000.0,11000000.0,2010-12-01
0.044,3.391,3040.0,Congo (Kinshasa),84.0,,23766.0,20523286237.0,0.07,15.0,336,0.092,0.007,0.565,51.0,47.0,0.19,0.455,0.517,0.028,62191161,0.399,Africa,10700000.0,150000000.0,2010-12-01
0.045,1.545,308.0,Burundi,13.0,,,2026864414.0,0.088,19.0,211,0.061,0.01,0.124,54.0,51.0,0.182,0.439,0.535,0.025,9232753,0.106,Africa,2100000.0,35000000.0,2010-12-01
0.045,,609.0,Somalia,,,,,,,,0.097,,,56.0,52.0,0.067,0.477,0.495,0.028,9636173,0.373,Africa,,,2010-12-01
0.045,0.35,3784.0,Uganda,24.0,,,16030996179.0,0.092,43.0,161,0.051,0.125,0.202,58.0,56.0,0.377,0.489,0.487,0.024,33987213,0.145,Africa,802000000.0,464000000.0,2010-12-01
0.046,0.521,30418.0,Angola,66.0,,13378.0,82470894868.0,0.034,144.0,282,0.11,0.1,0.225,52.0,49.0,0.481,0.478,0.498,0.024,19549124,0.401,Africa,726000000.0,275000000.0,2010-12-01
0.047,0.758,469.0,Chad,64.0,,,10657705072.0,0.04,29.0,732,0.094,0.017,,51.0,49.0,0.245,0.488,0.487,0.025,11720781,0.22,Africa,,,2010-12-01
0.048,0.514,623.0,Mali,8.0,,,9422267260.0,0.069,46.0,270,0.083,0.019,,54.0,54.0,0.532,0.468,0.503,0.029,13985961,0.36,Africa,296000000.0,235000000.0,2010-12-01
0.05,0.465,1412.0,Niger,17.0,,,5718589550.0,0.069,24.0,270,0.066,0.008,,57.0,57.0,0.231,0.498,0.476,0.026,15893746,0.176,Africa,86000000.0,,2010-12-01
0.011,0.277,,Mauritius,6.0,,,11252405860.0,0.049,450.0,161,0.013,0.35,0.089,77.0,70.0,1.048,0.206,0.713,0.08,1286051,0.404,Africa,1808000000.0,427000000.0,2011-12-01
0.019,0.322,,Seychelles,39.0,,,1059593023.0,0.036,413.0,76,0.012,0.432,0.112,78.0,68.0,1.379,0.222,0.702,0.076,87441,0.526,Africa,31000000.0,5000000.0,2011-12-01
0.019,0.624,,Tunisia,11.0,,9504.0,45951129422.0,0.07,304.0,144,0.014,0.391,,77.0,73.0,1.152,0.233,0.697,0.07,10673800,0.661,Africa,2529000000.0,678000000.0,2011-12-01
0.021,0.324,,South Africa,19.0,,141372.0,404000000000.0,0.087,670.0,200,0.034,0.34,0.09,57.0,53.0,1.232,0.296,0.651,0.053,51579599,0.627,Africa,10707000000.0,8397000000.0,2011-12-01
0.022,0.496,,Morocco,12.0,,17283.0,99211339029.0,0.063,195.0,238,0.028,0.461,,72.0,69.0,1.1400000000000001,0.279,0.671,0.05,32059424,0.582,Africa,9101000000.0,2260000000.0,2011-12-01
0.022,,,Libya,,,13342.0,34699395524.0,0.039,211.0,,0.014,0.14,0.06,77.0,73.0,1.638,0.294,0.659,0.046,6103233,0.778,Africa,,,2011-12-01
0.024,0.195,,Botswana,60.0,,2215.0,15292424757.0,0.052,404.0,152,0.039,0.08,0.11,46.0,47.0,1.46,0.34,0.625,0.035,1986701,0.565,Africa,36000000.0,82000000.0,2011-12-01
0.024,0.436,,Egypt,8.0,,77649.0,236000000000.0,0.049,137.0,433,0.019,0.398,0.11,73.0,68.0,1.051,0.314,0.631,0.056,79392466,0.43,Africa,9333000000.0,2575000000.0,2011-12-01
0.025,0.72,,Algeria,25.0,,41852.0,199000000000.0,0.044,233.0,451,0.023,0.14,0.08,72.0,69.0,0.943,0.272,0.681,0.047,37762962,0.682,Africa,300000000.0,571000000.0,2011-12-01
0.027,0.218,,Namibia,66.0,,1589.0,12451760766.0,0.086,486.0,339,0.036,0.12,0.087,66.0,61.0,0.99,0.371,0.594,0.035,2217618,0.426,Africa,645000000.0,207000000.0,2011-12-01
0.028,0.16,,Lesotho,40.0,,,2487352968.0,0.117,146.0,324,0.073,0.042,0.104,48.0,48.0,0.607,0.372,0.586,0.042,2029516,0.253,Africa,29000000.0,300000000.0,2011-12-01
0.028,0.378,,Djibouti,37.0,,,1239144502.0,0.087,119.0,82,0.061,0.07,0.106,62.0,59.0,0.228,0.339,0.623,0.038,846646,0.771,Africa,19200000.0,33500000.0,2011-12-01
0.031,0.365,,Eswatini,56.0,,,4145772237.0,0.083,270.0,104,0.058,0.181,0.09,48.0,49.0,0.632,0.384,0.582,0.034,1212159,0.214,Africa,,,2011-12-01
0.032,0.343,,Zimbabwe,90.0,,9312.0,10956226611.0,,,242,0.058,0.157,,56.0,55.0,0.689,0.408,0.552,0.04,13358738,0.33,Africa,664000000.0,,2011-12-01
0.032,0.334,,Ghana,12.0,,10550.0,39564970070.0,0.053,83.0,224,0.054,0.141,,62.0,60.0,0.853,0.388,0.577,0.035,24820706,0.514,Africa,797000000.0,1026000000.0,2011-12-01
0.032,0.435,,Gabon,57.0,,1997.0,18796191833.0,0.034,401.0,488,0.042,0.08,,64.0,62.0,1.487,0.385,0.562,0.053,1594034,0.86,Africa,,,2011-12-01
0.034,0.361,,Sudan,36.0,,16622.0,67320812663.0,0.067,119.0,180,0.054,0.173,,63.0,60.0,0.688,0.418,0.551,0.032,36430923,0.332,Africa,185000000.0,937000000.0,2011-12-01
0.034,0.303,,Ethiopia,15.0,,34064.0,31367606700.0,0.041,14.0,198,0.048,0.011,,64.0,61.0,0.158,0.439,0.528,0.033,89393063,0.177,Africa,1998000000.0,170000000.0,2011-12-01
0.035,0.546,,Central African Republic,22.0,,,2195599491.0,0.039,19.0,504,0.1,0.022,,51.0,47.0,0.224,0.404,0.558,0.039,4436217,0.39,Africa,,,2011-12-01
0.035,0.682,,Mauritania,19.0,,,4136083856.0,0.059,51.0,696,0.069,0.045,0.17,63.0,60.0,0.895,0.404,0.565,0.031,3702763,0.573,Africa,,,2011-12-01
0.035,0.371,,Madagascar,8.0,,,9853981624.0,0.041,19.0,201,0.042,0.019,0.525,65.0,62.0,0.4,0.431,0.541,0.028,21678934,0.326,Africa,,,2011-12-01
0.036,0.441,,Equatorial Guinea,135.0,,,15715842151.0,0.045,1051.0,492,0.073,0.115,,54.0,51.0,0.669,0.391,0.58,0.029,715996,0.393,Africa,,,2011-12-01
0.036,2.179,,Comoros,22.0,,,610372697.0,0.036,31.0,100,0.061,0.055,0.105,62.0,59.0,0.309,0.422,0.549,0.029,700216,0.28,Africa,42000000.0,20000000.0,2011-12-01
0.036,0.493,,Kenya,33.0,,20179.0,34313315840.0,0.044,35.0,393,0.05,0.28,0.15,62.0,59.0,0.668,0.425,0.549,0.026,42027891,0.24,Africa,1844000000.0,197000000.0,2011-12-01
0.036,0.31,,Rwanda,3.0,,,6406727020.0,0.11,62.0,148,0.041,0.07,,65.0,61.0,0.399,0.442,0.535,0.023,11144315,0.249,Africa,298000000.0,147000000.0,2011-12-01
0.036,0.325,,Sao Tome and Principe,10.0,,,248286778.0,0.076,108.0,424,0.039,0.202,0.27,68.0,64.0,0.628,0.416,0.549,0.035,183177,0.626,Africa,15900000.0,1400000.0,2011-12-01
0.037,0.44,,Cote d'Ivoire,32.0,,11233.0,24074553674.0,0.068,84.0,270,0.075,0.022,,51.0,49.0,0.894,0.417,0.552,0.031,19389954,0.513,Africa,,,2011-12-01
0.037,,,South Sudan,,,,20782116982.0,0.017,32.0,,0.068,,,55.0,53.0,0.173,0.426,0.54,0.034,10381110,0.18,Africa,,,2011-12-01
0.037,0.489,,Togo,84.0,,2764.0,3756023048.0,0.08,43.0,270,0.059,0.035,,57.0,55.0,0.416,0.42,0.553,0.027,6472304,0.38,Africa,,,2011-12-01
0.037,0.659,,Benin,29.0,,3761.0,7294900431.0,0.045,34.0,270,0.06,0.041,,60.0,58.0,0.794,0.432,0.539,0.029,9779795,0.423,Africa,188000000.0,,2011-12-01
0.037,0.429,,Liberia,6.0,,,1537753885.0,0.156,59.0,158,0.058,0.03,0.138,61.0,59.0,0.498,0.432,0.537,0.031,4079697,0.482,Africa,232000000.0,132000000.0,2011-12-01
0.038,0.324,,Sierra Leone,12.0,,,2932273988.0,0.163,82.0,357,0.112,0.009,0.21,45.0,45.0,0.364,0.42,0.554,0.026,5865491,0.386,Africa,44000000.0,29000000.0,2011-12-01
0.038,0.459,,Guinea-Bissau,9.0,,,967762549.0,0.063,35.0,208,0.082,0.027,,55.0,52.0,0.451,0.417,0.553,0.029,1624228,0.461,Africa,,,2011-12-01
0.038,0.488,,Cameroon,15.0,,6720.0,25486923059.0,0.054,64.0,654,0.064,0.05,,55.0,53.0,0.496,0.432,0.535,0.032,21156272,0.521,Africa,423000000.0,622000000.0,2011-12-01
0.038,0.912,,Guinea,40.0,,,5067360041.0,0.06,27.0,416,0.069,0.013,,56.0,55.0,0.435,0.427,0.542,0.031,11161530,0.353,Africa,2100000.0,49000000.0,2011-12-01
0.038,0.653,,Congo (Brazzaville),161.0,,1659.0,14425606793.0,0.025,85.0,606,0.039,0.056,,59.0,56.0,0.919,0.423,0.543,0.034,4225359,0.637,Africa,,,2011-12-01
0.038,0.845,,Eritrea,84.0,,765.0,2607739837.0,0.027,12.0,216,0.038,0.007,,64.0,59.0,0.041,0.431,0.548,0.022,5932852,0.21,Africa,,,2011-12-01
0.038,0.455,,Senegal,6.0,,3515.0,14440676498.0,0.05,54.0,666,0.046,0.175,,65.0,62.0,0.702,0.436,0.534,0.031,13330737,0.425,Africa,,,2011-12-01
0.04,0.375,,Mozambique,13.0,,10202.0,12547888400.0,0.064,33.0,230,0.068,0.043,0.191,50.0,49.0,0.32,0.454,0.514,0.032,24581367,0.312,Africa,266000000.0,256000000.0,2011-12-01
0.04,0.29,,Malawi,39.0,,,5627898037.0,0.083,30.0,157,0.049,0.033,0.238,54.0,54.0,0.256,0.456,0.512,0.031,15457531,0.157,Africa,39000000.0,97000000.0,2011-12-01
0.04,0.449,,Tanzania,26.0,,20747.0,23874165047.0,0.074,38.0,172,0.039,0.035,0.15,61.0,59.0,0.554,0.449,0.52,0.031,46354607,0.288,Africa,1383000000.0,928000000.0,2011-12-01
0.042,0.327,,Nigeria,28.0,,118325.0,412000000000.0,0.057,85.0,938,0.079,0.284,0.16,52.0,51.0,0.58,0.441,0.531,0.027,164192925,0.444,Africa,688000000.0,9534000000.0,2011-12-01
0.042,0.435,,Burkina Faso,13.0,,,10395757480.0,0.064,39.0,270,0.068,0.03,,56.0,55.0,0.48,0.458,0.517,0.025,15995313,0.265,Africa,,,2011-12-01
0.043,0.144,,Zambia,18.0,,8462.0,19201691493.0,0.062,87.0,183,0.059,0.115,0.188,57.0,54.0,0.599,0.468,0.505,0.026,13633796,0.392,Africa,146000000.0,140000000.0,2011-12-01
0.043,2.832,,"Gambia, The",27.0,,,898282866.0,0.047,24.0,376,0.051,0.109,0.28,60.0,57.0,0.808,0.459,0.516,0.025,1734966,0.57,Africa,92000000.0,11000000.0,2011-12-01
0.044,3.391,,Congo (Kinshasa),65.0,,24497.0,23831631365.0,0.061,15.0,336,0.09,0.012,0.438,51.0,48.0,0.245,0.453,0.519,0.028,63931512,0.404,Africa,11400000.0,298000000.0,2011-12-01
0.044,0.35,,Uganda,33.0,,,15493320082.0,0.093,41.0,213,0.049,0.13,0.218,59.0,57.0,0.475,0.487,0.489,0.024,35148064,0.148,Africa,967000000.0,528000000.0,2011-12-01
0.045,0.516,,Burundi,13.0,,,2355652064.0,0.09,21.0,274,0.059,0.011,0.132,55.0,51.0,0.201,0.44,0.535,0.025,9540362,0.109,Africa,3700000.0,49000000.0,2011-12-01
0.045,,,Somalia,,,,,,,,0.095,0.013,,56.0,53.0,0.182,0.475,0.496,0.028,9907903,0.377,Africa,,,2011-12-01
0.046,0.521,,Angola,66.0,,13576.0,104000000000.0,0.034,178.0,282,0.107,0.148,0.188,53.0,50.0,0.53,0.477,0.499,0.024,20180490,0.409,Africa,653000000.0,323000000.0,2011-12-01
0.047,0.758,,Chad,55.0,,,12156380062.0,0.028,25.0,732,0.092,0.019,,51.0,49.0,0.303,0.487,0.488,0.025,12080037,0.22,Africa,,,2011-12-01
0.048,0.511,,Mali,8.0,,,10647545670.0,0.068,51.0,270,0.081,0.02,,54.0,54.0,0.751,0.47,0.502,0.029,14416737,0.368,Africa,274000000.0,224000000.0,2011-12-01
0.05,0.438,,Niger,17.0,,,6411842066.0,0.068,25.0,270,0.064,0.013,,58.0,57.0,0.287,0.499,0.475,0.026,16511462,0.178,Africa,86000000.0,,2011-12-01
0.011,0.275,,Mauritius,6.0,20,,11442063228.0,0.048,444.0,161,0.013,0.354,0.087,77.0,70.0,1.199,0.202,0.715,0.084,1291167,0.402,Africa,1778000000.0,394000000.0,2012-12-01
0.019,0.257,,Seychelles,39.0,77,,1032199341.0,0.047,521.0,76,0.012,0.471,0.122,78.0,68.0,1.478,0.221,0.702,0.077,88303,0.529,Africa,26000000.0,4000000.0,2012-12-01
0.019,0.624,,Tunisia,11.0,49,,45238491581.0,0.07,297.0,144,0.014,0.414,,77.0,73.0,1.181,0.232,0.697,0.071,10777500,0.663,Africa,2931000000.0,673000000.0,2012-12-01
0.021,0.327,,South Africa,19.0,41,,382000000000.0,0.088,645.0,200,0.034,0.41,0.088,58.0,54.0,1.306,0.295,0.65,0.054,52274945,0.633,Africa,11201000000.0,7144000000.0,2012-12-01
0.021,0.316,,Libya,35.0,188,,81873662519.0,0.039,578.0,889,0.013,,0.06,77.0,73.0,1.558,0.295,0.658,0.047,6154623,0.78,Africa,,2654000000.0,2012-12-01
0.023,0.496,,Morocco,12.0,95,,95981572517.0,0.064,190.0,238,0.027,0.554,,72.0,69.0,1.2,0.278,0.672,0.05,32521143,0.587,Africa,8491000000.0,2095000000.0,2012-12-01
0.024,0.254,,Botswana,60.0,65,,14537490553.0,0.053,384.0,152,0.037,0.115,0.11,46.0,48.0,1.538,0.338,0.627,0.036,2003910,0.567,Africa,30000000.0,100000000.0,2012-12-01
0.024,0.426,,Egypt,8.0,127,,263000000000.0,0.05,152.0,392,0.019,0.44,0.12,73.0,69.0,1.199,0.312,0.631,0.056,80721874,0.43,Africa,10823000000.0,3037000000.0,2012-12-01
0.025,0.719,,Algeria,25.0,151,,204000000000.0,0.052,279.0,451,0.022,0.152,0.08,73.0,69.0,0.975,0.274,0.679,0.047,38481705,0.689,Africa,295000000.0,559000000.0,2012-12-01
0.026,0.218,,Namibia,66.0,94,,13399386550.0,0.083,473.0,314,0.036,0.129,0.087,67.0,61.0,0.95,0.366,0.599,0.035,2259393,0.437,Africa,,,2012-12-01
0.028,0.16,,Lesotho,29.0,139,,2328196275.0,0.116,138.0,324,0.074,0.046,0.101,49.0,49.0,0.753,0.368,0.591,0.042,2051545,0.258,Africa,46000000.0,256000000.0,2012-12-01
0.028,0.378,,Djibouti,37.0,172,,1353632942.0,0.088,129.0,82,0.059,0.083,,63.0,60.0,0.247,0.337,0.624,0.039,859652,0.771,Africa,20500000.0,29600000.0,2012-12-01
0.03,0.365,,Eswatini,56.0,120,,4049589166.0,0.085,259.0,104,0.057,0.208,0.088,48.0,49.0,0.654,0.38,0.585,0.034,1230985,0.214,Africa,,,2012-12-01
0.031,0.334,,Ghana,12.0,62,,41740897827.0,0.052,83.0,224,0.053,0.123,,62.0,60.0,1.01,0.386,0.579,0.035,25366462,0.521,Africa,1154000000.0,979000000.0,2012-12-01
0.032,0.345,,Zimbabwe,90.0,168,,12472416688.0,,,242,0.055,0.171,,59.0,57.0,0.919,0.402,0.558,0.039,13724317,0.328,Africa,749000000.0,,2012-12-01
0.032,0.435,,Gabon,57.0,169,,17843815459.0,0.035,397.0,488,0.04,0.086,,64.0,62.0,1.795,0.385,0.563,0.052,1632572,0.864,Africa,,,2012-12-01
0.034,0.674,,Central African Republic,22.0,187,,2169706411.0,0.038,18.0,483,0.098,0.03,,51.0,48.0,0.253,0.401,0.561,0.039,4525209,0.393,Africa,,,2012-12-01
0.034,0.682,,Mauritania,19.0,171,,3958701369.0,0.064,52.0,696,0.068,0.054,0.17,63.0,60.0,1.06,0.402,0.566,0.032,3796141,0.58,Africa,,,2012-12-01
0.034,0.361,,Sudan,36.0,143,,63029562337.0,0.072,115.0,180,0.053,0.21,,64.0,60.0,0.744,0.415,0.553,0.032,37195349,0.333,Africa,880000000.0,908000000.0,2012-12-01
0.034,0.325,,Ethiopia,15.0,124,,42805215879.0,0.038,18.0,306,0.046,0.015,,65.0,61.0,0.224,0.433,0.533,0.034,91728849,0.182,Africa,1980000000.0,181000000.0,2012-12-01
0.035,0.364,,Madagascar,8.0,144,,9880703883.0,0.041,18.0,201,0.041,0.021,0.6,66.0,63.0,0.394,0.427,0.545,0.028,22293914,0.332,Africa,,,2012-12-01
0.035,0.325,,Sao Tome and Principe,5.0,166,,263328450.0,0.079,109.0,424,0.038,0.216,0.262,68.0,64.0,0.65,0.416,0.55,0.034,188098,0.633,Africa,15000000.0,1300000.0,2012-12-01
0.036,0.441,,Equatorial Guinea,135.0,164,,16486743747.0,0.047,1138.0,492,0.071,0.139,,54.0,51.0,0.681,0.39,0.582,0.028,736296,0.395,Africa,,,2012-12-01
0.036,0.266,,Liberia,6.0,149,,1733828405.0,0.155,65.0,158,0.056,0.038,0.135,61.0,59.0,0.571,0.431,0.539,0.03,4190435,0.485,Africa,,,2012-12-01
0.036,2.179,,Comoros,20.0,160,,595898770.0,0.045,38.0,100,0.059,0.06,0.105,62.0,59.0,0.395,0.422,0.55,0.029,717503,0.28,Africa,,,2012-12-01
0.036,0.442,,Kenya,32.0,122,,40264403585.0,0.047,45.0,340,0.049,0.321,0.197,63.0,59.0,0.712,0.424,0.55,0.026,43178141,0.244,Africa,2004000000.0,174000000.0,2012-12-01
0.036,0.308,,Rwanda,3.0,54,,7133378888.0,0.107,66.0,134,0.039,0.08,,65.0,62.0,0.497,0.436,0.541,0.023,11457801,0.259,Africa,337000000.0,133000000.0,2012-12-01
0.037,0.324,,Sierra Leone,12.0,137,,3787392596.0,0.151,96.0,357,0.11,0.013,0.21,46.0,45.0,0.37,0.417,0.556,0.026,5978727,0.389,Africa,41000000.0,25000000.0,2012-12-01
0.037,0.394,,Cote d'Ivoire,32.0,173,,24680372724.0,0.071,88.0,270,0.073,0.024,,51.0,50.0,0.912,0.415,0.554,0.031,19839750,0.52,Africa,,,2012-12-01
0.037,0.263,,South Sudan,17.0,184,,10560000000.0,0.026,27.0,218,0.066,,,56.0,54.0,0.212,0.423,0.543,0.035,10837527,0.182,Africa,,,2012-12-01
0.037,0.912,,Guinea,35.0,179,,5651088170.0,0.063,32.0,416,0.067,0.015,,57.0,55.0,0.488,0.425,0.544,0.031,11451273,0.357,Africa,1700000.0,41000000.0,2012-12-01
0.037,0.489,,Togo,38.0,159,,3915754216.0,0.086,41.0,270,0.057,0.04,,57.0,55.0,0.499,0.419,0.554,0.027,6642928,0.385,Africa,,,2012-12-01
0.037,0.659,,Benin,26.0,175,,7543183759.0,0.045,33.0,270,0.058,0.045,,61.0,58.0,0.837,0.43,0.542,0.029,10050702,0.427,Africa,192000000.0,,2012-12-01
0.037,0.845,,Eritrea,84.0,185,,3091967480.0,0.026,15.0,216,0.037,0.008,,65.0,60.0,0.05,0.431,0.547,0.022,6130922,0.214,Africa,,,2012-12-01
0.038,0.459,,Guinea-Bissau,9.0,181,,822320638.0,0.059,30.0,208,0.08,0.029,,56.0,53.0,0.631,0.416,0.555,0.029,1663558,0.469,Africa,,,2012-12-01
0.038,0.488,,Cameroon,15.0,162,,26472637887.0,0.051,59.0,654,0.062,0.057,,56.0,54.0,0.604,0.431,0.537,0.032,21699631,0.527,Africa,377000000.0,668000000.0,2012-12-01
0.038,0.649,,Congo (Brazzaville),161.0,186,,13677929162.0,0.032,100.0,606,0.037,0.061,,60.0,57.0,0.988,0.424,0.542,0.034,4337051,0.641,Africa,,,2012-12-01
0.038,0.455,,Senegal,6.0,176,,14045680427.0,0.05,51.0,666,0.045,0.192,,65.0,62.0,0.836,0.435,0.534,0.03,13726021,0.428,Africa,,,2012-12-01
0.039,0.375,,Mozambique,13.0,142,,14376457305.0,0.064,37.0,230,0.064,0.048,0.168,51.0,49.0,0.349,0.454,0.514,0.033,25203395,0.314,Africa,289000000.0,230000000.0,2012-12-01
0.04,0.324,,Malawi,40.0,161,,4240492849.0,0.092,25.0,175,0.046,0.044,0.323,55.0,55.0,0.292,0.454,0.514,0.031,15906483,0.158,Africa,38000000.0,101000000.0,2012-12-01
0.04,0.449,,Tanzania,26.0,136,,28248631876.0,0.07,41.0,172,0.038,0.04,0.155,62.0,60.0,0.57,0.449,0.52,0.032,47783107,0.295,Africa,1605000000.0,1003000000.0,2012-12-01
0.041,0.435,,Burkina Faso,13.0,154,,10726305450.0,0.062,38.0,270,0.066,0.037,,56.0,55.0,0.606,0.457,0.519,0.024,16460141,0.273,Africa,,,2012-12-01
0.042,0.338,,Nigeria,28.0,138,,463000000000.0,0.061,94.0,956,0.077,0.328,0.168,52.0,52.0,0.668,0.442,0.531,0.027,168833776,0.452,Africa,641000000.0,9280000000.0,2012-12-01
0.043,3.391,,Congo (Kinshasa),58.0,183,,27452795398.0,0.056,15.0,336,0.088,0.017,0.284,51.0,48.0,0.306,0.451,0.52,0.028,65705093,0.41,Africa,6900000.0,108000000.0,2012-12-01
0.043,0.151,,Zambia,17.0,90,,20596424325.0,0.065,96.0,183,0.057,0.135,0.121,59.0,55.0,0.748,0.467,0.506,0.026,14075099,0.396,Africa,155000000.0,154000000.0,2012-12-01
0.043,2.832,,"Gambia, The",27.0,148,,914109100.0,0.05,26.0,376,0.05,0.124,0.28,60.0,57.0,0.852,0.459,0.517,0.024,1791225,0.577,Africa,99000000.0,8000000.0,2012-12-01
0.044,,,Somalia,,,,,,,,0.092,0.014,,56.0,53.0,0.226,0.473,0.498,0.028,10195134,0.382,Africa,,,2012-12-01
0.044,0.366,,Uganda,33.0,126,,20032237910.0,0.08,44.0,213,0.045,0.147,0.263,60.0,58.0,0.45,0.485,0.49,0.024,36345860,0.151,Africa,1105000000.0,604000000.0,2012-12-01
0.045,0.521,,Angola,66.0,178,,114999999999.99998,0.035,190.0,282,0.104,0.169,0.167,53.0,50.0,0.614,0.476,0.5,0.024,20820525,0.417,Africa,711000000.0,292000000.0,2012-12-01
0.045,0.516,,Burundi,8.0,157,,2472384813.0,0.081,20.0,274,0.057,0.012,0.143,56.0,52.0,0.228,0.442,0.534,0.024,9849569,0.112,Africa,2700000.0,41000000.0,2012-12-01
0.046,0.757,,Chad,62.0,189,,12887072082.0,0.028,25.0,732,0.09,0.021,,52.0,50.0,0.354,0.485,0.49,0.024,12448175,0.221,Africa,,,2012-12-01
0.047,0.511,,Mali,8.0,153,,10340794110.0,0.058,42.0,270,0.079,0.022,,54.0,55.0,0.984,0.471,0.5,0.028,14853572,0.376,Africa,,,2012-12-01
0.05,0.438,,Niger,17.0,174,,6773185511.0,0.072,25.0,270,0.062,0.014,,58.0,58.0,0.314,0.5,0.474,0.026,17157042,0.18,Africa,,,2012-12-01
0.008,,1837.0,"Macao SAR, China",,,,11792570016.0,,,,,0.349,0.07,81.0,76.0,1.138,0.173,0.754,0.073,468149,1.0,Asia,8190000000.0,615000000.0,2005-12-01
0.008,0.241,40546.0,"Hong Kong SAR, China",11.0,,12664.0,181999999999.99997,,,80,,0.569,0.078,85.0,79.0,1.2389999999999999,0.142,0.736,0.121,6813200,1.0,Asia,13588000000.0,13305000000.0,2005-12-01
0.008,0.525,1238181.0,Japan,30.0,,520541.0,4570000000000.0,0.082,2928.0,315,0.003,0.669,0.017,85.0,79.0,0.76,0.138,0.663,0.198,127773000,0.86,Asia,15555000000.0,48102000000.0,2005-12-01
0.009,0.354,462918.0,South Korea,17.0,,210176.0,898000000000.0,0.056,988.0,290,0.005,0.735,0.056,82.0,75.0,0.815,0.191,0.716,0.093,48138077,0.813,Asia,8290000000.0,16924000000.0,2005-12-01
0.01,0.277,30359.0,Singapore,6.0,,21947.0,127000000000.0,0.038,1058.0,80,0.002,0.61,0.053,83.0,78.0,0.975,0.191,0.726,0.082,4265800,1.0,Asia,6209000000.0,10071000000.0,2005-12-01
0.012,0.8,5790017.0,China,48.0,,1775677.0,2260000000000.0,0.047,80.0,832,0.02,0.085,0.056,75.0,73.0,0.298,0.205,0.718,0.077,1303720000,0.425,Asia,31842000000.0,24721000000.0,2005-12-01
0.013,0.375,256169.0,Thailand,33.0,,99166.0,176000000000.0,0.035,95.0,264,0.015,0.15,0.058,76.0,69.0,0.465,0.223,0.7,0.077,65559487,0.375,Asia,12102000000.0,4917000000.0,2005-12-01
0.013,0.57,5068.0,Georgia,21.0,,2841.0,6411147323.0,0.086,123.0,448,0.022,0.061,0.176,77.0,69.0,0.262,0.184,0.67,0.146,4361400,0.525,Asia,287000000.0,237000000.0,2005-12-01
0.014,0.366,4360.0,Armenia,18.0,,2512.0,4900436759.0,0.053,85.0,580,0.021,0.053,0.18,77.0,70.0,0.105,0.219,0.665,0.116,3014917,0.642,Asia,240000000.0,284000000.0,2005-12-01
0.016,,83014.0,North Korea,,,21331.0,,,,,0.026,,,72.0,65.0,,0.247,0.678,0.074,23813333,0.598,Asia,,,2005-12-01
0.017,0.464,34338.0,Azerbaijan,113.0,,13427.0,13245421881.0,0.079,122.0,756,0.044,0.08,0.17,72.0,66.0,0.262,0.26,0.676,0.064,8391850,0.524,Asia,100000000.0,188000000.0,2005-12-01
0.017,0.399,97942.0,Vietnam,45.0,,41455.0,57633255739.0,0.059,36.0,1050,0.024,0.127,0.11,80.0,70.0,0.113,0.271,0.663,0.066,82393500,0.273,Asia,2300000000.0,900000000.0,2005-12-01
0.018,0.441,176947.0,Kazakhstan,25.0,,50805.0,57123671734.0,0.041,154.0,271,0.029,0.03,,72.0,60.0,0.358,0.247,0.677,0.076,15147029,0.547,Asia,801000000.0,940000000.0,2005-12-01
0.019,,11613.0,Myanmar,,,14817.0,,0.021,5.0,,0.051,0.001,0.15,66.0,61.0,0.003,0.281,0.67,0.049,50181020,0.289,Asia,83000000.0,34000000.0,2005-12-01
0.019,0.567,11643.0,Sri Lanka,48.0,,9001.0,24405791045.0,0.04,49.0,256,0.012,0.018,0.108,77.0,70.0,0.168,0.254,0.675,0.07,19644000,0.184,Asia,729000000.0,552000000.0,2005-12-01
0.019,0.36,177373.0,Malaysia,37.0,,63507.0,144000000000.0,0.032,179.0,190,0.007,0.486,0.06,76.0,72.0,0.756,0.302,0.654,0.044,25843466,0.666,Asia,10389000000.0,4339000000.0,2005-12-01
0.02,0.398,8647.0,Mongolia,13.0,,2625.0,2523359941.0,0.06,60.0,204,0.037,,0.306,69.0,62.0,0.221,0.289,0.673,0.037,2526502,0.625,Asia,203000000.0,173000000.0,2005-12-01
0.02,0.967,111888.0,Uzbekistan,29.0,,46965.0,14307509839.0,0.051,28.0,196,0.047,0.033,,71.0,64.0,0.028,0.332,0.62,0.047,26167000,0.367,Asia,28000000.0,,2005-12-01
0.02,,5126.0,Brunei,,,2217.0,9531402830.0,0.026,671.0,,0.007,0.365,0.055,79.0,75.0,0.633,0.289,0.679,0.032,367815,0.735,Asia,191000000.0,374000000.0,2005-12-01
0.021,0.681,5233.0,Kyrgyzstan,21.0,,2497.0,2459876152.0,0.058,28.0,202,0.034,0.105,0.266,72.0,64.0,0.107,0.313,0.631,0.056,5162600,0.353,Asia,94000000.0,94000000.0,2005-12-01
0.021,0.375,341992.0,Indonesia,151.0,,179461.0,286000000000.0,0.028,36.0,560,0.033,0.036,0.141,71.0,67.0,0.209,0.3,0.651,0.049,224480901,0.459,Asia,5094000000.0,4740000000.0,2005-12-01
0.021,0.093,700.0,Maldives,9.0,,225.0,992473987.0,0.07,235.0,,0.019,0.069,0.13,75.0,73.0,0.684,0.343,0.611,0.046,297576,0.338,Asia,826000000.0,94000000.0,2005-12-01
0.023,,45375.0,Turkmenistan,,,19166.0,8104355717.0,0.03,107.0,,0.058,0.01,,69.0,60.0,0.022,0.327,0.627,0.046,4747839,0.47,Asia,,,2005-12-01
0.023,0.666,1411128.0,India,71.0,,539388.0,834000000000.0,0.042,32.0,264,0.056,0.024,0.108,66.0,63.0,0.08,0.322,0.631,0.047,1127143548,0.292,Asia,7659000000.0,8277000000.0,2005-12-01
0.023,0.408,396.0,Bhutan,62.0,,204.0,818869146.0,0.043,55.0,274,0.045,0.038,0.14,64.0,64.0,0.055,0.34,0.619,0.041,650417,0.31,Asia,19000000.0,,2005-12-01
0.023,0.353,37554.0,Bangladesh,50.0,,23868.0,60277560976.0,0.032,13.0,400,0.051,0.002,0.14,68.0,67.0,0.063,0.343,0.614,0.043,143135180,0.268,Asia,79000000.0,375000000.0,2005-12-01
0.026,0.215,2776.0,Cambodia,86.0,,3436.0,6293046162.0,0.069,33.0,137,0.052,0.003,,70.0,65.0,0.08,0.361,0.595,0.044,13356424,0.192,Asia,929000000.0,137000000.0,2005-12-01
0.027,0.472,74832.0,Philippines,47.0,,38756.0,103000000000.0,0.039,47.0,195,0.028,0.054,0.102,71.0,64.0,0.405,0.371,0.595,0.034,85821214,0.466,Asia,2755000000.0,1547000000.0,2005-12-01
0.028,0.352,1434.0,Laos,153.0,,,2735550177.0,0.043,20.0,672,0.07,0.009,0.268,66.0,63.0,0.114,0.404,0.559,0.037,5790646,0.274,Asia,143000000.0,10000000.0,2005-12-01
0.028,0.431,136636.0,Pakistan,24.0,,76227.0,110000000000.00002,0.032,22.0,560,0.08,0.063,0.091,66.0,64.0,0.081,0.382,0.577,0.041,157971415,0.347,Asia,828000000.0,1753000000.0,2005-12-01
0.028,0.325,3242.0,Nepal,31.0,,9132.0,8130258976.0,0.057,19.0,408,0.047,0.008,0.081,66.0,64.0,0.009,0.395,0.561,0.044,25292058,0.152,Asia,160000000.0,221000000.0,2005-12-01
0.03,0.799,2439.0,Tajikistan,80.0,,2342.0,2312319579.0,0.048,16.0,224,0.054,0.003,0.233,69.0,62.0,0.039,0.384,0.579,0.037,6805655,0.264,Asia,9100000.0,3800000.0,2005-12-01
0.038,0.484,176.0,Timor-Leste,167.0,,58.0,479100000.0,0.073,33.0,640,0.065,0.001,0.167,65.0,62.0,0.033,0.48,0.493,0.027,982889,0.263,Asia,,,2005-12-01
0.045,0.363,1016.0,Afghanistan,9.0,,,6275076016.0,0.092,21.0,275,0.084,0.012,,58.0,56.0,0.048,0.493,0.487,0.02,24860855,0.229,Asia,,,2005-12-01
0.008,,1632.0,"Macao SAR, China",,,,14568709574.0,,,,,0.464,0.088,81.0,77.0,1.326,0.161,0.766,0.072,479808,1.0,Asia,10055000000.0,648000000.0,2006-12-01
0.009,0.311,470806.0,South Korea,17.0,,213600.0,1010000000000.0,0.061,1201.0,290,0.005,0.781,0.06,82.0,76.0,0.85,0.186,0.718,0.097,48371946,0.815,Asia,8508000000.0,20989000000.0,2006-12-01
0.009,0.525,1231302.0,Japan,22.0,,519807.0,4360000000000.0005,0.082,2794.0,350,0.003,0.687,0.017,86.0,79.0,0.785,0.137,0.659,0.204,127756000,0.871,Asia,11490000000.0,37659000000.0,2006-12-01
0.01,0.238,30799.0,Singapore,6.0,,23509.0,148000000000.0,0.037,1167.0,80,0.002,0.59,0.053,83.0,78.0,1.038,0.188,0.729,0.083,4401400,1.0,Asia,7536000000.0,11268000000.0,2006-12-01
0.01,0.241,38555.0,"Hong Kong SAR, China",11.0,,13330.0,194000000000.0,,,80,,0.608,0.078,86.0,79.0,1.367,0.137,0.74,0.123,6857100,1.0,Asia,15541000000.0,14044000000.0,2006-12-01
0.012,0.374,261211.0,Thailand,33.0,,101043.0,206999999999.99997,0.035,110.0,264,0.015,0.172,0.074,76.0,69.0,0.609,0.218,0.703,0.079,65883961,0.388,Asia,16614000000.0,6173000000.0,2006-12-01
0.012,0.807,6414463.0,China,35.0,,1938944.0,2710000000000.0,0.046,93.0,832,0.019,0.105,0.061,76.0,73.0,0.348,0.198,0.724,0.078,1311020000,0.439,Asia,37132000000.0,28242000000.0,2006-12-01
0.013,0.386,6150.0,Georgia,16.0,,3032.0,7761900179.0,0.084,146.0,387,0.02,0.075,0.171,77.0,70.0,0.383,0.179,0.674,0.147,4398000,0.525,Asia,361000000.0,257000000.0,2006-12-01
0.014,0.366,4382.0,Armenia,17.0,,2559.0,6384457744.0,0.046,97.0,580,0.02,0.056,0.165,77.0,70.0,0.42,0.214,0.67,0.116,3002911,0.642,Asia,307000000.0,321000000.0,2006-12-01
0.015,,84557.0,North Korea,,,21544.0,,,,,0.026,,,72.0,65.0,,0.243,0.679,0.077,23969917,0.599,Asia,,,2006-12-01
0.017,0.399,102456.0,Vietnam,50.0,,42475.0,66371664817.0,0.065,46.0,1050,0.023,0.173,0.112,80.0,70.0,0.22,0.263,0.672,0.066,83313000,0.279,Asia,2850000000.0,1050000000.0,2006-12-01
0.018,0.422,39167.0,Azerbaijan,51.0,,13232.0,20982270733.0,0.062,149.0,1000,0.042,0.12,0.179,72.0,67.0,0.384,0.251,0.685,0.064,8484550,0.526,Asia,201000000.0,256000000.0,2006-12-01
0.018,0.36,170648.0,Malaysia,37.0,,63715.0,163000000000.0,0.036,222.0,190,0.007,0.516,0.065,76.0,72.0,0.739,0.297,0.659,0.045,26327098,0.675,Asia,12280000000.0,5085000000.0,2006-12-01
0.019,,12611.0,Myanmar,,,15015.0,,0.02,5.0,,0.049,0.002,0.161,66.0,62.0,0.004,0.277,0.674,0.05,50500070,0.294,Asia,59000000.0,40000000.0,2006-12-01
0.019,0.598,11738.0,Sri Lanka,48.0,,9083.0,28267410543.0,0.04,57.0,256,0.011,0.025,0.129,77.0,70.0,0.269,0.253,0.675,0.072,19858000,0.184,Asia,733000000.0,666000000.0,2006-12-01
0.019,0.374,4822.0,Brunei,116.0,,3152.0,11470703002.0,0.022,680.0,144,0.007,0.422,0.055,79.0,75.0,0.804,0.285,0.683,0.033,374697,0.739,Asia,224000000.0,408000000.0,2006-12-01
0.02,0.442,192532.0,Kazakhstan,21.0,,61504.0,81003864916.0,0.039,210.0,271,0.027,0.033,,72.0,61.0,0.511,0.245,0.68,0.075,15308084,0.545,Asia,973000000.0,1060000000.0,2006-12-01
0.021,0.398,9498.0,Mongolia,13.0,,2925.0,3414053251.0,0.054,72.0,204,0.035,,0.269,70.0,62.0,0.303,0.282,0.681,0.037,2559496,0.635,Asia,261000000.0,212000000.0,2006-12-01
0.021,1.121,116530.0,Uzbekistan,29.0,,48872.0,17030896203.0,0.055,35.0,196,0.045,0.064,,71.0,64.0,0.096,0.324,0.629,0.047,26488250,0.365,Asia,43000000.0,,2006-12-01
0.021,0.375,345120.0,Indonesia,97.0,,183726.0,365000000000.0,0.029,47.0,576,0.032,0.048,0.16,71.0,67.0,0.28,0.3,0.651,0.049,227709821,0.467,Asia,4890000000.0,5458000000.0,2006-12-01
0.021,0.093,887.0,Maldives,9.0,,288.0,1303375806.0,0.067,287.0,,0.017,0.11,0.13,76.0,74.0,0.895,0.332,0.621,0.047,302825,0.35,Asia,1235000000.0,106000000.0,2006-12-01
0.022,,46256.0,Turkmenistan,,,19628.0,10277598152.0,0.022,98.0,,0.057,0.013,,69.0,61.0,0.045,0.319,0.636,0.045,4801595,0.473,Asia,,,2006-12-01
0.022,0.408,392.0,Bhutan,62.0,,211.0,897672086.0,0.044,59.0,274,0.043,0.045,0.14,65.0,65.0,0.123,0.329,0.629,0.041,665568,0.317,Asia,36000000.0,22000000.0,2006-12-01
0.023,0.74,1504365.0,India,35.0,,567182.0,949000000000.0,0.04,33.0,264,0.054,0.028,0.112,66.0,63.0,0.145,0.318,0.634,0.048,1143289350,0.296,Asia,8915000000.0,8738000000.0,2006-12-01
0.023,0.672,5145.0,Kyrgyzstan,21.0,,2450.0,2834168889.0,0.067,38.0,202,0.033,0.123,0.232,72.0,64.0,0.248,0.308,0.638,0.054,5218400,0.353,Asia,189000000.0,142000000.0,2006-12-01
0.023,0.353,48137.0,Bangladesh,50.0,,25332.0,61901116736.0,0.034,14.0,400,0.048,0.01,0.153,68.0,67.0,0.132,0.338,0.619,0.044,144868702,0.275,Asia,80000000.0,444000000.0,2006-12-01
0.026,0.215,3000.0,Cambodia,86.0,,3429.0,7274424519.0,0.054,29.0,137,0.048,0.005,,71.0,65.0,0.127,0.351,0.604,0.045,13555054,0.193,Asia,1109000000.0,176000000.0,2006-12-01
0.027,0.325,2662.0,Nepal,31.0,,9131.0,9043715356.0,0.056,20.0,408,0.044,0.011,0.08,66.0,64.0,0.045,0.391,0.564,0.045,25634043,0.155,Asia,157000000.0,261000000.0,2006-12-01
0.027,0.476,67693.0,Philippines,47.0,,38456.0,122000000000.0,0.04,55.0,195,0.027,0.057,0.098,71.0,64.0,0.491,0.367,0.598,0.035,87366573,0.463,Asia,4019000000.0,1558000000.0,2006-12-01
0.028,0.416,146075.0,Pakistan,24.0,,79345.0,137000000000.00002,0.037,29.0,560,0.079,0.065,0.11,66.0,65.0,0.214,0.376,0.583,0.042,160905794,0.351,Asia,919000000.0,2029000000.0,2006-12-01
0.029,0.352,1580.0,Laos,123.0,,,3452895836.0,0.043,25.0,672,0.068,0.012,0.3,66.0,64.0,0.171,0.396,0.566,0.038,5895930,0.285,Asia,160000000.0,15000000.0,2006-12-01
0.03,0.799,2655.0,Tajikistan,80.0,,2414.0,2830236054.0,0.048,19.0,224,0.052,0.038,0.144,70.0,63.0,0.309,0.376,0.587,0.037,6954522,0.265,Asia,11200000.0,6000000.0,2006-12-01
0.038,0.484,180.0,Timor-Leste,167.0,,59.0,462600000.0,0.106,46.0,640,0.062,0.001,0.165,65.0,62.0,0.048,0.478,0.494,0.028,999053,0.269,Asia,20000000.0,2000000.0,2006-12-01
0.044,0.363,1338.0,Afghanistan,9.0,,,7057597615.0,0.091,23.0,275,0.082,0.021,0.18,59.0,56.0,0.098,0.493,0.487,0.02,25631282,0.232,Asia,,,2006-12-01
0.008,,1404.0,"Macao SAR, China",,,,18054684854.0,,,,,0.473,0.078,82.0,77.0,1.611,0.15,0.778,0.071,493206,1.0,Asia,13733000000.0,777000000.0,2007-12-01
0.009,0.525,1251136.0,Japan,22.0,,515198.0,4360000000000.0005,0.082,2801.0,350,0.003,0.743,0.019,86.0,79.0,0.844,0.136,0.654,0.21,127770750,0.88,Asia,12422000000.0,37261000000.0,2007-12-01
0.01,0.302,495837.0,South Korea,17.0,,222147.0,1120000000000.0,0.064,1379.0,290,0.004,0.788,0.066,83.0,76.0,0.933,0.18,0.72,0.1,48597652,0.816,Asia,9288000000.0,24449000000.0,2007-12-01
0.01,0.232,17866.0,Singapore,5.0,,21819.0,180000000000.0,0.035,1333.0,80,0.002,0.699,0.053,83.0,78.0,1.252,0.184,0.731,0.085,4588600,1.0,Asia,9066000000.0,13409000000.0,2007-12-01
0.01,0.241,39963.0,"Hong Kong SAR, China",11.0,,14338.0,212000000000.0,,,80,,0.648,0.068,85.0,79.0,1.55,0.132,0.744,0.124,6916300,1.0,Asia,18237000000.0,15042000000.0,2007-12-01
0.012,0.374,262205.0,Thailand,33.0,,104886.0,246999999999.99997,0.036,133.0,264,0.014,0.2,0.071,76.0,70.0,0.802,0.212,0.707,0.082,66076927,0.401,Asia,20623000000.0,6887000000.0,2007-12-01
0.012,0.812,6791805.0,China,35.0,,2044606.0,3490000000000.0,0.044,113.0,832,0.017,0.16,0.075,76.0,73.0,0.41,0.192,0.729,0.079,1317885000,0.452,Asia,41126000000.0,33269000000.0,2007-12-01
0.013,0.386,6190.0,Georgia,11.0,,3341.0,10172260738.0,0.082,188.0,387,0.019,0.083,0.171,77.0,70.0,0.587,0.176,0.678,0.146,4388400,0.526,Asia,440000000.0,277000000.0,2007-12-01
0.014,0.388,5068.0,Armenia,17.0,,2853.0,9206301700.0,0.043,133.0,581,0.019,0.06,0.175,77.0,70.0,0.628,0.211,0.676,0.114,2989882,0.641,Asia,343000000.0,345000000.0,2007-12-01
0.015,,70370.0,North Korea,,,18300.0,,,,,0.026,,,72.0,65.0,,0.239,0.681,0.08,24111989,0.6,Asia,,,2007-12-01
0.017,0.399,113651.0,Vietnam,39.0,,45777.0,77414425532.0,0.071,58.0,1050,0.022,0.208,0.112,80.0,70.0,0.52,0.254,0.68,0.066,84221100,0.285,Asia,3750000000.0,1220000000.0,2007-12-01
0.018,0.409,41426.0,Azerbaijan,36.0,,12113.0,33050343783.0,0.051,192.0,952,0.039,0.145,0.191,73.0,67.0,0.515,0.243,0.693,0.063,8581300,0.528,Asia,317000000.0,381000000.0,2007-12-01
0.018,0.36,205308.0,Malaysia,31.0,,69970.0,194000000000.0,0.035,256.0,166,0.007,0.557,0.064,76.0,72.0,0.871,0.292,0.663,0.045,26813819,0.684,Asia,17948000000.0,6600000000.0,2007-12-01
0.018,0.374,10176.0,Brunei,116.0,,3227.0,12247694247.0,0.023,738.0,144,0.008,0.447,0.055,79.0,76.0,0.96,0.28,0.686,0.033,381440,0.743,Asia,233000000.0,430000000.0,2007-12-01
0.019,,12636.0,Myanmar,,,15595.0,,0.019,7.0,,0.048,0.002,0.17,66.0,62.0,0.005,0.272,0.678,0.05,50828959,0.299,Asia,97000000.0,39000000.0,2007-12-01
0.019,0.617,12457.0,Sri Lanka,40.0,,9261.0,32351184234.0,0.037,59.0,256,0.011,0.039,0.171,77.0,70.0,0.393,0.252,0.675,0.073,20039000,0.184,Asia,750000000.0,709000000.0,2007-12-01
0.021,0.414,220313.0,Kazakhstan,21.0,,66231.0,105000000000.0,0.034,233.0,271,0.025,0.04,,73.0,61.0,0.8,0.244,0.682,0.073,15484192,0.543,Asia,1213000000.0,1396000000.0,2007-12-01
0.021,0.375,375545.0,Indonesia,105.0,,182885.0,432000000000.0,0.031,58.0,266,0.031,0.058,0.139,71.0,67.0,0.404,0.3,0.651,0.049,230972808,0.475,Asia,5831000000.0,6578000000.0,2007-12-01
0.022,,53516.0,Turkmenistan,,,22367.0,12664165103.0,0.021,113.0,,0.055,0.014,,69.0,61.0,0.079,0.311,0.645,0.044,4858236,0.476,Asia,,,2007-12-01
0.022,0.398,10092.0,Mongolia,13.0,,3114.0,4234894168.0,0.057,93.0,204,0.033,0.09,0.218,70.0,62.0,0.46,0.276,0.686,0.038,2595068,0.646,Asia,354000000.0,227000000.0,2007-12-01
0.022,0.727,1611404.0,India,33.0,,604659.0,1240000000000.0,0.039,40.0,271,0.052,0.04,0.13,66.0,63.0,0.202,0.314,0.638,0.049,1159095250,0.299,Asia,11234000000.0,10690000000.0,2007-12-01
0.022,0.408,392.0,Bhutan,48.0,,244.0,1196091806.0,0.05,88.0,274,0.041,0.059,0.14,66.0,65.0,0.22,0.32,0.638,0.042,679365,0.325,Asia,47000000.0,26000000.0,2007-12-01
0.022,0.37,48467.0,Bangladesh,74.0,,26626.0,68415421373.0,0.035,16.0,400,0.046,0.018,0.16,69.0,68.0,0.235,0.333,0.623,0.044,146457067,0.282,Asia,76000000.0,530000000.0,2007-12-01
0.022,0.093,917.0,Maldives,9.0,,299.0,1541978559.0,0.063,315.0,,0.015,0.163,0.13,77.0,74.0,1.017,0.322,0.63,0.048,308239,0.363,Asia,1515000000.0,152000000.0,2007-12-01
0.023,0.903,116944.0,Uzbekistan,15.0,,48718.0,22311393928.0,0.054,46.0,196,0.044,0.075,,71.0,64.0,0.213,0.317,0.637,0.046,26868000,0.364,Asia,51000000.0,,2007-12-01
0.023,0.614,5871.0,Kyrgyzstan,21.0,,2726.0,3802566171.0,0.069,51.0,202,0.032,0.14,0.253,72.0,64.0,0.422,0.304,0.644,0.052,5268400,0.353,Asia,392000000.0,215000000.0,2007-12-01
0.026,0.491,69669.0,Philippines,47.0,,38514.0,149000000000.0,0.039,65.0,195,0.027,0.06,0.087,71.0,64.0,0.645,0.364,0.601,0.035,88875548,0.461,Asia,5520000000.0,2055000000.0,2007-12-01
0.026,0.328,2699.0,Nepal,31.0,,9308.0,10325618017.0,0.055,23.0,408,0.042,0.014,0.08,67.0,65.0,0.126,0.387,0.566,0.046,25950022,0.158,Asia,234000000.0,402000000.0,2007-12-01
0.026,0.215,3484.0,Cambodia,86.0,,3482.0,8639164917.0,0.045,28.0,137,0.045,0.005,,72.0,66.0,0.188,0.341,0.612,0.046,13747288,0.194,Asia,1169000000.0,194000000.0,2007-12-01
0.028,0.402,158895.0,Pakistan,24.0,,83538.0,152000000000.0,0.035,31.0,560,0.078,0.068,0.118,66.0,65.0,0.383,0.37,0.588,0.042,163928329,0.354,Asia,912000000.0,2083000000.0,2007-12-01
0.029,0.352,1668.0,Laos,93.0,,,4222945530.0,0.042,29.0,672,0.065,0.016,0.285,67.0,64.0,0.246,0.389,0.574,0.037,6013278,0.297,Asia,190000000.0,14000000.0,2007-12-01
0.031,0.8,3223.0,Tajikistan,62.0,,2583.0,3719497371.0,0.053,28.0,224,0.05,0.072,0.227,70.0,63.0,0.3,0.37,0.594,0.036,7111025,0.265,Asia,16500000.0,6600000.0,2007-12-01
0.037,0.484,183.0,Timor-Leste,158.0,,61.0,558700000.0,0.08,41.0,640,0.059,0.001,0.15,66.0,63.0,0.076,0.477,0.494,0.029,1015482,0.276,Asia,26000000.0,5000000.0,2007-12-01
0.042,0.363,1991.0,Afghanistan,9.0,,,9843851009.0,0.1,30.0,275,0.08,0.019,0.181,59.0,57.0,0.177,0.492,0.487,0.021,26349243,0.236,Asia,,,2007-12-01
0.009,,1192.0,"Macao SAR, China",,,,20731022857.0,,,,,0.492,0.054,82.0,77.0,1.838,0.141,0.788,0.071,507528,1.0,Asia,17297000000.0,902000000.0,2008-12-01
0.009,0.325,508052.0,South Korea,17.0,,226946.0,1000000000000.0,0.066,1253.0,250,0.004,0.81,0.072,83.0,77.0,0.953,0.174,0.722,0.104,48948698,0.817,Asia,13479000000.0,21456000000.0,2008-12-01
0.009,0.55,1206916.0,Japan,22.0,,495352.0,4850000000000.0,0.086,3259.0,355,0.003,0.754,0.019,86.0,79.0,0.867,0.135,0.649,0.216,127704040,0.889,Asia,13781000000.0,38976000000.0,2008-12-01
0.01,0.279,19637.0,Singapore,4.0,,25162.0,192000000000.0,0.04,1577.0,84,0.002,0.69,0.054,83.0,78.0,1.323,0.181,0.733,0.086,4839400,1.0,Asia,10714000000.0,16340000000.0,2008-12-01
0.011,0.241,38573.0,"Hong Kong SAR, China",11.0,,14139.0,219000000000.0,,,80,,0.667,0.05,86.0,79.0,1.662,0.128,0.747,0.125,6957800,1.0,Asia,20236000000.0,16095000000.0,2008-12-01
0.012,0.375,261838.0,Thailand,33.0,,107656.0,273000000000.0,0.039,162.0,264,0.013,0.182,0.07,77.0,70.0,0.934,0.205,0.711,0.084,66185340,0.414,Asia,22497000000.0,6700000000.0,2008-12-01
0.012,0.799,7035444.0,China,41.0,,2120814.0,4520000000000.0,0.046,155.0,464,0.016,0.226,0.053,76.0,73.0,0.478,0.187,0.732,0.081,1324655000,0.465,Asia,44130000000.0,40987000000.0,2008-12-01
0.014,0.386,6238.0,Georgia,3.0,,3005.0,12799337250.0,0.09,261.0,387,0.017,0.1,0.18,77.0,70.0,0.624,0.174,0.682,0.145,4383800,0.526,Asia,505000000.0,337000000.0,2008-12-01
0.014,0.386,5556.0,Armenia,17.0,,3004.0,11662040714.0,0.038,149.0,581,0.018,0.062,0.17,77.0,71.0,0.484,0.208,0.681,0.111,2977488,0.64,Asia,377000000.0,383000000.0,2008-12-01
0.015,,78081.0,North Korea,,,20164.0,,,,,0.026,,,72.0,65.0,,0.235,0.682,0.083,24243894,0.6,Asia,,,2008-12-01
0.017,0.409,45702.0,Azerbaijan,10.0,,13322.0,48852482960.0,0.044,241.0,376,0.037,0.171,0.198,73.0,67.0,0.738,0.237,0.701,0.062,8763400,0.53,Asia,382000000.0,456000000.0,2008-12-01
0.017,0.399,127164.0,Vietnam,39.0,,48984.0,99130304099.0,0.06,63.0,1050,0.022,0.239,0.158,80.0,70.0,0.857,0.247,0.688,0.066,85122300,0.291,Asia,3930000000.0,1300000000.0,2008-12-01
0.018,,9028.0,Myanmar,,,15033.0,,0.02,10.0,,0.046,0.002,0.17,66.0,62.0,0.007,0.268,0.681,0.05,51174018,0.304,Asia,80000000.0,50000000.0,2008-12-01
0.018,0.345,213221.0,Malaysia,20.0,,73006.0,231000000000.0,0.034,288.0,145,0.007,0.558,0.061,77.0,72.0,1.015,0.287,0.667,0.046,27302348,0.692,Asia,18553000000.0,7724000000.0,2008-12-01
0.018,0.374,10583.0,Brunei,116.0,,3542.0,14393099069.0,0.022,821.0,144,0.008,0.46,0.055,80.0,76.0,1.028,0.275,0.691,0.034,388017,0.747,Asia,242000000.0,459000000.0,2008-12-01
0.019,0.617,11892.0,Sri Lanka,40.0,,8942.0,40715240469.0,0.034,68.0,256,0.01,0.058,0.189,77.0,71.0,0.542,0.252,0.674,0.074,20217000,0.183,Asia,803000000.0,777000000.0,2008-12-01
0.021,0.408,422.0,Bhutan,46.0,,,1258193519.0,0.052,95.0,274,0.038,0.066,0.138,66.0,66.0,0.366,0.312,0.645,0.043,692159,0.332,Asia,46000000.0,66000000.0,2008-12-01
0.021,0.375,412387.0,Indonesia,77.0,,186605.0,509999999999.99994,0.028,61.0,266,0.03,0.079,0.136,72.0,68.0,0.6,0.3,0.65,0.049,234243489,0.483,Asia,8150000000.0,8801000000.0,2008-12-01
0.022,,55093.0,Turkmenistan,,,22669.0,19271523179.0,0.019,81.0,,0.054,0.018,,69.0,61.0,0.231,0.304,0.653,0.043,4917543,0.478,Asia,,,2008-12-01
0.022,0.338,10029.0,Mongolia,13.0,,3156.0,5623236708.0,0.064,136.0,204,0.032,0.098,0.206,70.0,62.0,0.67,0.273,0.689,0.038,2632834,0.656,Asia,272000000.0,249000000.0,2008-12-01
0.022,0.703,1811289.0,India,30.0,,632956.0,1220000000000.0,0.039,43.0,271,0.05,0.044,0.133,67.0,63.0,0.295,0.31,0.641,0.049,1174662334,0.302,Asia,12462000000.0,12083000000.0,2008-12-01
0.022,0.361,46435.0,Bangladesh,73.0,,27873.0,79554350678.0,0.035,19.0,302,0.043,0.025,0.164,69.0,68.0,0.302,0.327,0.628,0.045,147969967,0.29,Asia,75000000.0,735000000.0,2008-12-01
0.022,0.093,1008.0,Maldives,9.0,,,1891633531.0,0.079,475.0,,0.014,0.232,0.13,77.0,75.0,1.388,0.313,0.637,0.049,313843,0.376,Asia,1559000000.0,211000000.0,2008-12-01
0.023,0.415,230438.0,Kazakhstan,21.0,,69983.0,133000000000.0,0.039,332.0,271,0.023,0.11,,72.0,62.0,0.958,0.245,0.684,0.071,15674000,0.541,Asia,1255000000.0,1361000000.0,2008-12-01
0.024,0.898,120039.0,Uzbekistan,15.0,,50512.0,27934030937.0,0.052,53.0,205,0.043,0.091,,71.0,64.0,0.458,0.31,0.645,0.046,27302800,0.363,Asia,64000000.0,,2008-12-01
0.024,0.614,5680.0,Kyrgyzstan,15.0,,2846.0,5139957785.0,0.061,60.0,202,0.03,0.157,0.199,73.0,65.0,0.653,0.302,0.649,0.049,5318700,0.353,Asia,569000000.0,451000000.0,2008-12-01
0.025,0.341,3047.0,Nepal,31.0,,9634.0,12545438605.0,0.061,27.0,408,0.04,0.017,0.08,67.0,65.0,0.16,0.383,0.57,0.047,26249412,0.162,Asia,353000000.0,545000000.0,2008-12-01
0.026,0.471,75944.0,Philippines,41.0,,40009.0,174000000000.0,0.038,74.0,195,0.026,0.062,0.088,71.0,65.0,0.754,0.36,0.604,0.036,90371287,0.458,Asia,3024000000.0,2553000000.0,2008-12-01
0.026,0.215,3975.0,Cambodia,102.0,,3514.0,10351829066.0,0.055,41.0,137,0.042,0.005,,72.0,67.0,0.304,0.332,0.62,0.048,13940518,0.195,Asia,1280000000.0,180000000.0,2008-12-01
0.027,0.288,156676.0,Pakistan,24.0,,82046.0,170000000000.0,0.033,29.0,560,0.076,0.07,0.129,67.0,65.0,0.527,0.365,0.593,0.043,167008083,0.358,Asia,986000000.0,2163000000.0,2008-12-01
0.029,0.334,1742.0,Laos,93.0,,,5443930125.0,0.041,36.0,560,0.063,0.036,0.24,67.0,65.0,0.329,0.381,0.581,0.037,6139127,0.308,Asia,280000000.0,51000000.0,2008-12-01
0.031,0.834,3033.0,Tajikistan,62.0,,2473.0,5161336170.0,0.056,40.0,224,0.048,0.088,0.237,70.0,63.0,0.505,0.365,0.6,0.035,7275252,0.265,Asia,23700000.0,10800000.0,2008-12-01
0.037,0.326,191.0,Timor-Leste,157.0,,,693800000.0,0.086,55.0,640,0.056,0.002,0.131,66.0,63.0,0.119,0.477,0.494,0.03,1032182,0.282,Asia,14000000.0,51000000.0,2008-12-01
0.041,0.363,3927.0,Afghanistan,9.0,,,10190534636.0,0.097,35.0,275,0.079,0.018,0.149,60.0,57.0,0.292,0.492,0.487,0.021,27032197,0.239,Asia,43000000.0,58000000.0,2008-12-01
0.009,,1302.0,"Macao SAR, China",,,,21313263933.0,,,,,0.54,0.053,82.0,77.0,1.9889999999999999,0.133,0.796,0.071,521617,1.0,Asia,18445000000.0,983000000.0,2009-12-01
0.009,0.31,509376.0,South Korea,14.0,,229178.0,902000000000.0,0.071,1204.0,250,0.004,0.816,0.056,84.0,77.0,0.995,0.168,0.725,0.107,49182038,0.818,Asia,13304000000.0,16360000000.0,2009-12-01
0.009,0.553,1100650.0,Japan,22.0,,472174.0,5040000000000.0,0.095,3746.0,355,0.002,0.78,0.017,86.0,80.0,0.913,0.134,0.643,0.223,127557958,0.897,Asia,12537000000.0,34788000000.0,2009-12-01
0.01,0.278,24767.0,Singapore,3.0,,28262.0,192000000000.0,0.045,1704.0,84,0.002,0.69,0.054,84.0,79.0,1.387,0.177,0.735,0.088,4987600,1.0,Asia,9403000000.0,15685000000.0,2009-12-01
0.011,0.369,276587.0,Thailand,32.0,,107300.0,264000000000.0,0.041,164.0,264,0.013,0.201,0.06,77.0,70.0,0.995,0.199,0.715,0.086,66277335,0.427,Asia,19814000000.0,5749000000.0,2009-12-01
0.012,0.638,7692211.0,China,38.0,,2286137.0,4990000000000.0,0.051,189.0,464,0.015,0.289,0.053,76.0,73.0,0.553,0.184,0.734,0.082,1331260000,0.479,Asia,42632000000.0,47108000000.0,2009-12-01
0.012,0.23,36996.0,"Hong Kong SAR, China",6.0,,14933.0,214000000000.0,,,80,,0.694,0.05,86.0,80.0,1.798,0.124,0.749,0.127,6972800,1.0,Asia,20291000000.0,15669000000.0,2009-12-01
0.014,,74686.0,North Korea,,,19358.0,,,,,0.025,,,72.0,65.0,0.003,0.231,0.684,0.085,24371865,0.601,Asia,,,2009-12-01
0.014,0.153,6058.0,Georgia,3.0,,3096.0,10766836277.0,0.102,249.0,387,0.016,0.201,0.179,77.0,70.0,0.645,0.173,0.684,0.143,4410900,0.527,Asia,537000000.0,311000000.0,2009-12-01
0.014,0.386,4353.0,Armenia,14.0,,2610.0,8647936748.0,0.045,132.0,581,0.017,0.153,0.188,78.0,71.0,0.738,0.206,0.686,0.108,2968154,0.638,Asia,374000000.0,379000000.0,2009-12-01
0.017,0.409,42629.0,Azerbaijan,10.0,,11937.0,44291490421.0,0.059,288.0,376,0.035,0.274,0.2,73.0,67.0,0.863,0.231,0.708,0.061,8947243,0.532,Asia,545000000.0,488000000.0,2009-12-01
0.017,0.399,140057.0,Vietnam,39.0,,53450.0,106000000000.0,0.065,72.0,1050,0.021,0.266,0.101,80.0,71.0,1.114,0.24,0.694,0.065,86025000,0.298,Asia,3050000000.0,1100000000.0,2009-12-01
0.017,0.303,9094.0,Brunei,116.0,,3043.0,10732366286.0,0.028,766.0,144,0.008,0.49,0.055,80.0,76.0,1.047,0.271,0.694,0.035,394400,0.751,Asia,254000000.0,477000000.0,2009-12-01
0.018,,10392.0,Myanmar,,,14246.0,,0.021,13.0,,0.045,0.002,0.17,66.0,62.0,0.01,0.265,0.685,0.051,51540490,0.309,Asia,75000000.0,52000000.0,2009-12-01
0.018,0.342,203882.0,Malaysia,18.0,,69858.0,202000000000.0,0.039,285.0,145,0.007,0.559,0.051,77.0,72.0,1.085,0.282,0.671,0.047,27790324,0.701,Asia,17231000000.0,7196000000.0,2009-12-01
0.019,0.617,12831.0,Sri Lanka,40.0,,9082.0,42067974595.0,0.033,68.0,256,0.01,0.088,0.157,77.0,71.0,0.791,0.251,0.673,0.076,20450000,0.183,Asia,754000000.0,735000000.0,2009-12-01
0.02,0.378,453106.0,Indonesia,63.0,,199782.0,540000000000.00006,0.028,64.0,266,0.029,0.069,0.145,72.0,68.0,0.689,0.3,0.651,0.05,237486894,0.491,Asia,6053000000.0,6908000000.0,2009-12-01
0.021,0.408,389.0,Bhutan,46.0,,,1264758198.0,0.046,82.0,274,0.036,0.072,0.138,67.0,66.0,0.481,0.305,0.651,0.044,704542,0.34,Asia,51000000.0,34000000.0,2009-12-01
0.021,0.35,52328.0,Bangladesh,43.0,,29131.0,89356650349.0,0.037,22.0,302,0.041,0.031,0.146,70.0,68.0,0.344,0.322,0.632,0.046,149503100,0.297,Asia,77000000.0,651000000.0,2009-12-01
0.022,,48525.0,Turkmenistan,,,19873.0,20214385965.0,0.021,86.0,,0.052,0.02,,69.0,61.0,0.428,0.297,0.661,0.042,4978962,0.481,Asia,,,2009-12-01
0.022,0.66,1982263.0,India,30.0,,698360.0,1370000000000.0,0.039,44.0,271,0.048,0.051,0.122,67.0,64.0,0.441,0.306,0.644,0.05,1190138069,0.306,Asia,11136000000.0,9310000000.0,2009-12-01
0.022,0.347,214087.0,Kazakhstan,20.0,,63417.0,114999999999.99998,0.045,328.0,271,0.021,0.182,,74.0,64.0,1.084,0.247,0.685,0.068,16092701,0.539,Asia,1185000000.0,1319000000.0,2009-12-01
0.022,0.093,1067.0,Maldives,9.0,,,1984639641.0,0.076,475.0,,0.012,0.248,0.13,77.0,75.0,1.432,0.306,0.644,0.05,319660,0.388,Asia,1473000000.0,212000000.0,2009-12-01
0.023,0.243,11052.0,Mongolia,13.0,,3252.0,4583834427.0,0.064,111.0,192,0.03,0.1,0.217,71.0,63.0,0.842,0.271,0.691,0.038,2672223,0.666,Asia,253000000.0,242000000.0,2009-12-01
0.023,0.948,116607.0,Uzbekistan,15.0,,44831.0,32816828373.0,0.054,64.0,205,0.041,0.171,,71.0,65.0,0.599,0.303,0.652,0.045,27767400,0.362,Asia,99000000.0,,2009-12-01
0.024,0.325,3506.0,Nepal,31.0,,9986.0,12899651884.0,0.06,29.0,338,0.038,0.02,0.08,68.0,66.0,0.211,0.377,0.574,0.048,26544943,0.165,Asia,439000000.0,572000000.0,2009-12-01
0.025,0.471,74785.0,Philippines,42.0,,38102.0,168000000000.00003,0.043,78.0,195,0.026,0.09,0.086,72.0,65.0,0.823,0.357,0.607,0.037,91886400,0.455,Asia,2853000000.0,3251000000.0,2009-12-01
0.025,0.594,6480.0,Kyrgyzstan,11.0,,2484.0,4690062255.0,0.068,61.0,202,0.029,0.17,0.23,73.0,65.0,0.852,0.301,0.653,0.046,5383300,0.353,Asia,506000000.0,393000000.0,2009-12-01
0.026,0.217,4052.0,Cambodia,102.0,,4907.0,10401935532.0,0.063,46.0,173,0.039,0.005,,73.0,68.0,0.443,0.324,0.627,0.049,14144225,0.197,Asia,1208000000.0,163000000.0,2009-12-01
0.027,0.309,157890.0,Pakistan,21.0,,83197.0,168000000000.00003,0.03,28.0,560,0.075,0.075,0.145,67.0,65.0,0.555,0.36,0.597,0.043,170093999,0.362,Asia,950000000.0,1098000000.0,2009-12-01
0.029,0.323,1811.0,Laos,93.0,,,5832882922.0,0.036,34.0,362,0.061,0.06,0.248,68.0,65.0,0.516,0.374,0.588,0.037,6267968,0.32,Asia,271000000.0,91000000.0,2009-12-01
0.032,0.838,2893.0,Tajikistan,38.0,,2333.0,4979481980.0,0.059,40.0,224,0.046,0.101,0.226,70.0,64.0,0.658,0.362,0.604,0.034,7447396,0.265,Asia,19500000.0,5800000.0,2009-12-01
0.037,0.11,183.0,Timor-Leste,157.0,,,826700000.0,0.068,50.0,276,0.054,0.002,0.112,67.0,64.0,0.33,0.476,0.494,0.03,1049156,0.289,Asia,16000000.0,69000000.0,2009-12-01
0.039,0.363,6524.0,Afghanistan,7.0,,,12486950469.0,0.087,35.0,275,0.077,0.036,0.15,60.0,58.0,0.379,0.49,0.489,0.021,27708187,0.243,Asia,96000000.0,61000000.0,2009-12-01
0.009,,1030.0,"Macao SAR, China",,,,28359706123.0,,,,,0.552,0.053,82.0,77.0,2.099,0.127,0.801,0.072,534626,1.0,Asia,28214000000.0,1237000000.0,2010-12-01
0.009,0.288,567567.0,South Korea,14.0,,249964.0,1090000000000.0001,0.073,1498.0,250,0.004,0.837,0.055,84.0,77.0,1.048,0.162,0.727,0.111,49410366,0.819,Asia,14398000000.0,20802000000.0,2010-12-01
0.009,0.254,13520.0,Singapore,3.0,,34280.0,236000000000.0,0.041,1893.0,84,0.002,0.71,0.054,84.0,79.0,1.454,0.173,0.736,0.09,5076700,1.0,Asia,14178000000.0,18700000000.0,2010-12-01
0.009,0.476,1170715.0,Japan,22.0,,499092.0,5500000000000.0,0.096,4115.0,355,0.002,0.782,0.016,86.0,80.0,0.968,0.133,0.638,0.23,127450459,0.905,Asia,15356000000.0,39306000000.0,2010-12-01
0.011,0.369,295282.0,Thailand,32.0,,117429.0,319000000000.0,0.038,183.0,264,0.013,0.224,0.059,77.0,71.0,1.08,0.193,0.718,0.089,66402316,0.441,Asia,23809000000.0,7151000000.0,2010-12-01
0.012,0.635,8286892.0,China,38.0,,2516731.0,5930000000000.0,0.05,216.0,358,0.014,0.343,0.058,76.0,74.0,0.632,0.181,0.735,0.084,1337705000,0.492,Asia,50154000000.0,59840000000.0,2010-12-01
0.013,0.23,36289.0,"Hong Kong SAR, China",6.0,,13838.0,229000000000.0,,,80,,0.72,0.05,86.0,80.0,1.9569999999999999,0.121,0.75,0.129,7024200,1.0,Asia,27208000000.0,17503000000.0,2010-12-01
0.014,,71624.0,North Korea,,,18794.0,,,,,0.025,,,72.0,66.0,0.018,0.227,0.686,0.088,24500520,0.602,Asia,,,2010-12-01
0.014,0.153,6241.0,Georgia,3.0,,3122.0,11638536862.0,0.101,267.0,387,0.015,0.269,0.158,77.0,70.0,0.906,0.173,0.685,0.142,4452800,0.529,Asia,737000000.0,329000000.0,2010-12-01
0.014,0.386,4221.0,Armenia,14.0,,2483.0,9260287416.0,0.046,143.0,581,0.016,0.25,0.192,78.0,71.0,1.304,0.205,0.689,0.105,2963496,0.636,Asia,456000000.0,466000000.0,2010-12-01
0.016,0.329,150230.0,Vietnam,38.0,,58912.0,115999999999.99998,0.069,83.0,941,0.021,0.307,0.131,80.0,71.0,1.2530000000000001,0.235,0.7,0.065,86932500,0.304,Asia,4450000000.0,1470000000.0,2010-12-01
0.017,0.173,9160.0,Brunei,105.0,,3240.0,12369708859.0,0.027,844.0,144,0.008,0.53,0.055,80.0,76.0,1.086,0.266,0.697,0.037,400569,0.755,Asia,,,2010-12-01
0.018,,8995.0,Myanmar,,,13997.0,,0.019,15.0,,0.044,0.003,0.17,67.0,63.0,0.011,0.261,0.688,0.051,51931231,0.314,Asia,91000000.0,53000000.0,2010-12-01
0.018,0.409,45731.0,Azerbaijan,8.0,,11586.0,52902703376.0,0.053,310.0,306,0.034,0.46,0.207,74.0,67.0,1.001,0.227,0.714,0.059,9054332,0.534,Asia,792000000.0,856000000.0,2010-12-01
0.018,0.966,12710.0,Sri Lanka,37.0,,9844.0,49567521670.0,0.034,82.0,256,0.009,0.12,0.102,77.0,71.0,0.836,0.251,0.671,0.078,20653000,0.183,Asia,1044000000.0,828000000.0,2010-12-01
0.018,0.337,216804.0,Malaysia,17.0,,72645.0,248000000000.0,0.04,345.0,145,0.007,0.563,0.05,77.0,72.0,1.197,0.277,0.675,0.048,28275835,0.709,Asia,18152000000.0,8324000000.0,2010-12-01
0.02,0.322,433989.0,Indonesia,50.0,,211296.0,709000000000.0,0.029,86.0,266,0.027,0.109,0.133,72.0,68.0,0.878,0.298,0.652,0.05,240676485,0.499,Asia,7618000000.0,8432000000.0,2010-12-01
0.021,0.649,2008823.0,India,29.0,,723743.0,1710000000000.0,0.037,52.0,258,0.046,0.075,0.083,67.0,64.0,0.624,0.302,0.648,0.051,1205624648,0.309,Asia,14490000000.0,10490000000.0,2010-12-01
0.021,0.408,477.0,Bhutan,46.0,,,1585396256.0,0.041,90.0,274,0.034,0.136,0.14,67.0,67.0,0.55,0.298,0.657,0.045,716939,0.348,Asia,64000000.0,43000000.0,2010-12-01
0.021,0.35,56153.0,Bangladesh,19.0,,30756.0,100000000000.0,0.037,24.0,302,0.039,0.037,0.13,70.0,69.0,0.449,0.317,0.637,0.046,151125475,0.305,Asia,103000000.0,835000000.0,2010-12-01
0.022,,53054.0,Turkmenistan,,,22675.0,22148070175.0,0.021,95.0,,0.051,0.03,,69.0,61.0,0.634,0.292,0.666,0.041,5041995,0.484,Asia,,,2010-12-01
0.022,0.093,1074.0,Maldives,9.0,,,2134104884.0,0.058,379.0,,0.011,0.265,0.104,78.0,76.0,1.518,0.3,0.65,0.05,325694,0.4,Asia,1713000000.0,252000000.0,2010-12-01
0.023,0.243,11511.0,Mongolia,13.0,,3454.0,6200357070.0,0.063,143.0,192,0.029,0.102,0.201,71.0,63.0,0.925,0.27,0.692,0.038,2712738,0.676,Asia,288000000.0,319000000.0,2010-12-01
0.023,0.286,248729.0,Kazakhstan,19.0,,74443.0,148000000000.0,0.043,398.0,271,0.019,0.316,,73.0,64.0,1.219,0.249,0.684,0.067,16321581,0.537,Asia,1236000000.0,1489000000.0,2010-12-01
0.023,0.956,104443.0,Uzbekistan,15.0,,43747.0,39332770929.0,0.054,75.0,205,0.04,0.2,,71.0,65.0,0.755,0.298,0.658,0.044,28562400,0.362,Asia,121000000.0,,2010-12-01
0.023,0.317,3755.0,Nepal,31.0,,10218.0,15994094607.0,0.059,36.0,338,0.036,0.079,0.08,68.0,66.0,0.343,0.371,0.58,0.049,26846016,0.168,Asia,378000000.0,528000000.0,2010-12-01
0.025,0.438,81591.0,Philippines,37.0,,40512.0,200000000000.0,0.042,90.0,195,0.025,0.25,0.077,72.0,65.0,0.89,0.353,0.61,0.037,93444322,0.453,Asia,3228000000.0,4194000000.0,2010-12-01
0.026,0.214,4180.0,Cambodia,102.0,,5024.0,11242266334.0,0.058,46.0,173,0.037,0.013,,73.0,68.0,0.567,0.318,0.631,0.05,14364931,0.198,Asia,1332000000.0,268000000.0,2010-12-01
0.027,0.309,161396.0,Pakistan,21.0,,84311.0,177000000000.0,0.03,30.0,560,0.073,0.08,0.14,67.0,65.0,0.573,0.354,0.602,0.043,173149306,0.366,Asia,998000000.0,1370000000.0,2010-12-01
0.027,0.306,6399.0,Kyrgyzstan,10.0,,2805.0,4794357795.0,0.067,60.0,202,0.027,0.184,0.315,74.0,65.0,0.989,0.3,0.655,0.044,5447900,0.353,Asia,336000000.0,398000000.0,2010-12-01
0.028,0.323,1874.0,Laos,93.0,,,7181441152.0,0.026,29.0,362,0.059,0.07,0.226,68.0,66.0,0.626,0.368,0.595,0.037,6395713,0.331,Asia,385000000.0,215000000.0,2010-12-01
0.033,0.84,2860.0,Tajikistan,27.0,,2370.0,5642178580.0,0.06,44.0,224,0.045,0.116,0.242,70.0,64.0,0.779,0.359,0.608,0.033,7627326,0.265,Asia,32400000.0,17800000.0,2010-12-01
0.036,0.11,183.0,Timor-Leste,110.0,,,934300000.0,0.056,46.0,276,0.052,0.002,0.11,68.0,64.0,0.438,0.473,0.496,0.031,1066409,0.295,Asia,31000000.0,68000000.0,2010-12-01
0.038,0.363,8236.0,Afghanistan,7.0,,,15936784436.0,0.087,43.0,275,0.075,0.04,0.157,61.0,58.0,0.458,0.486,0.492,0.022,28397812,0.247,Asia,138000000.0,86000000.0,2010-12-01
0.008,0.484,,Japan,22.0,,461468.0,5910000000000.0,0.1,4641.0,330,0.002,0.791,0.015,86.0,79.0,1.02,0.132,0.631,0.237,127817277,0.912,Asia,12534000000.0,39760000000.0,2011-12-01
0.009,0.287,,South Korea,6.0,,260440.0,1200000000000.0,0.074,1652.0,225,0.003,0.838,0.058,84.0,78.0,1.077,0.157,0.728,0.114,49779440,0.82,Asia,17467000000.0,22209000000.0,2011-12-01
0.01,,,"Macao SAR, China",,,,36634742799.0,,,,,0.602,0.053,82.0,78.0,2.477,0.124,0.802,0.074,546278,1.0,Asia,38976000000.0,1476000000.0,2011-12-01
0.01,0.271,,Singapore,3.0,,33447.0,274000000000.00003,0.042,2144.0,84,0.002,0.71,0.054,84.0,80.0,1.501,0.169,0.737,0.093,5183700,1.0,Asia,18082000000.0,21437000000.0,2011-12-01
0.011,0.369,,Thailand,29.0,,119147.0,346000000000.0,0.041,214.0,264,0.012,0.237,0.069,77.0,71.0,1.163,0.189,0.72,0.091,66576332,0.454,Asia,30926000000.0,7320000000.0,2011-12-01
0.012,0.635,,China,38.0,,2727728.0,7320000000000.0,0.051,274.0,358,0.013,0.383,0.066,76.0,74.0,0.721,0.18,0.735,0.085,1344130000,0.506,Asia,53313000000.0,79010000000.0,2011-12-01
0.014,,,North Korea,,,19037.0,,,,,0.024,,,73.0,66.0,0.041,0.223,0.687,0.09,24631291,0.603,Asia,,,2011-12-01
0.014,0.165,,Georgia,2.0,,3543.0,14434619972.0,0.094,310.0,387,0.014,0.315,0.15,78.0,70.0,1.013,0.174,0.684,0.142,4483350,0.53,Asia,1069000000.0,384000000.0,2011-12-01
0.014,0.388,,Armenia,8.0,,2716.0,10142342770.0,0.037,127.0,500,0.015,0.32,0.178,78.0,71.0,1.083,0.204,0.692,0.104,2964120,0.634,Asia,486000000.0,546000000.0,2011-12-01
0.014,0.23,,"Hong Kong SAR, China",3.0,,14894.0,249000000000.00003,,,80,,0.722,0.05,87.0,80.0,2.155,0.119,0.749,0.132,7071600,1.0,Asia,33169000000.0,19172000000.0,2011-12-01
0.016,0.4,,Vietnam,38.0,,61210.0,135999999999.99998,0.068,93.0,941,0.02,0.351,0.17,80.0,71.0,1.416,0.231,0.703,0.065,87840000,0.31,Asia,5710000000.0,1710000000.0,2011-12-01
0.016,0.168,,Brunei,101.0,,3832.0,16691360399.0,0.022,917.0,96,0.008,0.56,0.055,80.0,76.0,1.09,0.262,0.7,0.038,406512,0.759,Asia,,,2011-12-01
0.018,,,Myanmar,,,14056.0,,0.018,19.0,,0.042,0.01,0.163,67.0,63.0,0.024,0.257,0.692,0.051,52350763,0.319,Asia,293000000.0,132000000.0,2011-12-01
0.018,1.129,,Sri Lanka,37.0,,10421.0,59178013928.0,0.033,93.0,256,0.009,0.15,0.094,77.0,71.0,0.875,0.251,0.669,0.08,20869000,0.183,Asia,1421000000.0,926000000.0,2011-12-01
0.018,0.34,,Malaysia,6.0,,75907.0,289000000000.0,0.038,384.0,133,0.007,0.61,0.049,77.0,72.0,1.275,0.272,0.678,0.05,28758968,0.717,Asia,19649000000.0,10180000000.0,2011-12-01
0.019,0.4,,Azerbaijan,8.0,,12561.0,65951627200.0,0.05,359.0,225,0.032,0.5,0.19,74.0,68.0,1.1,0.224,0.718,0.058,9173082,0.536,Asia,1500000000.0,1778000000.0,2011-12-01
0.02,0.408,,Bhutan,36.0,,,1840841618.0,0.037,94.0,274,0.033,0.21,0.14,68.0,67.0,0.664,0.291,0.663,0.046,729429,0.356,Asia,76000000.0,58000000.0,2011-12-01
0.02,0.322,,Indonesia,48.0,,209009.0,846000000000.0001,0.029,99.0,266,0.026,0.111,0.124,72.0,68.0,1.025,0.296,0.653,0.051,243801639,0.507,Asia,9038000000.0,8653000000.0,2011-12-01
0.021,0.629,,India,29.0,,749447.0,1880000000000.0,0.039,62.0,254,0.045,0.101,0.102,68.0,64.0,0.732,0.298,0.651,0.051,1221156319,0.313,Asia,17708000000.0,13699000000.0,2011-12-01
0.021,0.35,,Bangladesh,19.0,,31294.0,112000000000.00002,0.038,27.0,302,0.037,0.05,0.133,71.0,69.0,0.552,0.311,0.642,0.047,152862431,0.312,Asia,97000000.0,819000000.0,2011-12-01
0.022,,,Turkmenistan,,,24710.0,29233333333.0,0.021,114.0,,0.05,0.05,,69.0,61.0,1.038,0.289,0.671,0.041,5106668,0.487,Asia,,,2011-12-01
0.022,0.975,,Uzbekistan,14.0,,47755.0,45324319955.0,0.056,91.0,205,0.039,0.302,,71.0,65.0,0.904,0.293,0.664,0.043,29339400,0.362,Asia,,,2011-12-01
0.022,0.315,,Nepal,29.0,,10391.0,18850351853.0,0.061,41.0,326,0.035,0.09,,69.0,66.0,0.492,0.364,0.586,0.05,27156367,0.172,Asia,415000000.0,420000000.0,2011-12-01
0.022,0.093,,Maldives,9.0,,,2162990126.0,0.081,525.0,,0.01,0.34,0.102,78.0,76.0,1.5979999999999999,0.294,0.655,0.05,331964,0.412,Asia,1868000000.0,256000000.0,2011-12-01
0.023,0.246,,Mongolia,13.0,,3607.0,8761426371.0,0.06,190.0,192,0.028,0.125,0.166,71.0,63.0,1.068,0.27,0.692,0.038,2754209,0.685,Asia,258000000.0,404000000.0,2011-12-01
0.023,0.286,,Kazakhstan,19.0,,78101.0,188000000000.0,0.039,458.0,188,0.018,0.506,,74.0,64.0,1.568,0.252,0.683,0.066,16556600,0.536,Asia,1524000000.0,1831000000.0,2011-12-01
0.025,0.445,,Philippines,36.0,,40452.0,224000000000.00003,0.044,105.0,195,0.025,0.29,0.067,72.0,65.0,0.991,0.349,0.613,0.038,95053437,0.45,Asia,4026000000.0,5807000000.0,2011-12-01
0.026,0.346,,Pakistan,21.0,,84845.0,214000000000.0,0.03,36.0,560,0.072,0.09,0.144,67.0,65.0,0.618,0.349,0.608,0.043,176166353,0.37,Asia,1123000000.0,1851000000.0,2011-12-01
0.026,0.214,,Cambodia,102.0,,5333.0,12829541141.0,0.056,49.0,173,0.036,0.031,,74.0,68.0,0.942,0.314,0.634,0.051,14605862,0.2,Asia,1790000000.0,333000000.0,2011-12-01
0.027,0.334,,Kyrgyzstan,10.0,,3097.0,6197766119.0,0.062,71.0,210,0.025,0.2,0.402,74.0,66.0,1.162,0.301,0.656,0.043,5514600,0.353,Asia,689000000.0,566000000.0,2011-12-01
0.028,0.319,,Laos,93.0,,,8254088067.0,0.028,35.0,362,0.057,0.09,,69.0,66.0,0.84,0.362,0.601,0.037,6521314,0.343,Asia,413000000.0,248000000.0,2011-12-01
0.033,0.845,,Tajikistan,24.0,,2395.0,6522732203.0,0.058,48.0,224,0.043,0.13,0.248,71.0,64.0,0.809,0.358,0.61,0.032,7814850,0.265,Asia,39800000.0,8400000.0,2011-12-01
0.036,0.11,,Timor-Leste,94.0,,,1128300000.0,0.046,46.0,276,0.05,0.009,0.11,68.0,65.0,0.56,0.469,0.5,0.032,1120392,0.302,Asia,24000000.0,63000000.0,2011-12-01
0.037,0.363,,Afghanistan,7.0,,,17870159082.0,0.084,48.0,275,0.074,0.05,0.151,61.0,59.0,0.603,0.481,0.497,0.022,29105480,0.251,Asia,137000000.0,127000000.0,2011-12-01
0.008,0.494,,Japan,22.0,23,451501.0,5939999999999.999,0.101,4752.0,330,0.002,0.863,0.014,86.0,80.0,1.087,0.131,0.625,0.244,127561489,0.919,Asia,16197000000.0,40967000000.0,2012-12-01
0.01,0.372,,Thailand,29.0,18,,366000000000.0,0.039,215.0,264,0.012,0.265,0.071,78.0,71.0,1.2730000000000001,0.185,0.721,0.094,66785001,0.467,Asia,37740000000.0,7864000000.0,2012-12-01
0.01,,,"Macao SAR, China",,,,42981497744.0,,,,,0.613,0.053,82.0,78.0,2.898,0.122,0.8,0.077,556783,1.0,Asia,44455000000.0,1711000000.0,2012-12-01
0.01,0.29,,South Korea,6.0,6,263002.0,1220000000000.0,0.075,1703.0,207,0.003,0.841,0.054,85.0,78.0,1.094,0.153,0.729,0.118,50004441,0.821,Asia,19653000000.0,22386000000.0,2012-12-01
0.01,0.276,,Singapore,3.0,1,,287000000000.0,0.047,2426.0,82,0.002,0.72,0.054,85.0,80.0,1.521,0.165,0.738,0.097,5312400,1.0,Asia,19261000000.0,22412000000.0,2012-12-01
0.012,0.637,,China,33.0,99,,8230000000000.0,0.054,322.0,338,0.012,0.423,0.06,77.0,74.0,0.808,0.18,0.733,0.087,1350695000,0.519,Asia,54937000000.0,,2012-12-01
0.013,0.23,,"Hong Kong SAR, China",3.0,2,,263000000000.0,,,78,,0.729,0.05,86.0,81.0,2.292,0.118,0.747,0.136,7154600,1.0,Asia,38021000000.0,20246000000.0,2012-12-01
0.014,,,North Korea,,,,,,,,0.023,,,73.0,66.0,0.069,0.22,0.688,0.092,24763188,0.604,Asia,,,2012-12-01
0.014,0.165,,Georgia,2.0,9,,15846484588.0,0.092,333.0,280,0.013,0.369,0.148,78.0,70.0,1.078,0.176,0.681,0.143,4490700,0.532,Asia,1565000000.0,471000000.0,2012-12-01
0.014,0.388,,Armenia,8.0,40,,9958217880.0,0.045,150.0,380,0.015,0.392,0.172,78.0,71.0,1.119,0.203,0.693,0.103,2969081,0.632,Asia,487000000.0,556000000.0,2012-12-01
0.016,0.343,,Vietnam,34.0,98,,156000000000.0,0.066,102.0,872,0.02,0.395,0.135,80.0,71.0,1.4769999999999999,0.229,0.706,0.066,88772900,0.317,Asia,6830000000.0,1856000000.0,2012-12-01
0.016,0.168,,Brunei,101.0,79,,16953952625.0,0.023,939.0,96,0.008,0.603,0.055,80.0,77.0,1.139,0.258,0.702,0.04,412238,0.762,Asia,,,2012-12-01
0.017,0.527,,Myanmar,72.0,182,,,0.018,20.0,155,0.041,0.011,0.13,67.0,63.0,0.071,0.253,0.696,0.052,52797319,0.325,Asia,,,2012-12-01
0.018,0.553,,Sri Lanka,8.0,83,,59393056426.0,0.031,89.0,254,0.009,0.183,0.133,77.0,71.0,0.916,0.252,0.666,0.082,20328000,0.183,Asia,1756000000.0,1219000000.0,2012-12-01
0.018,0.245,,Malaysia,6.0,8,,305000000000.0,0.039,410.0,133,0.007,0.658,0.048,77.0,73.0,1.413,0.267,0.682,0.052,29239927,0.725,Asia,20251000000.0,11545000000.0,2012-12-01
0.019,0.4,,Azerbaijan,8.0,71,,68730906314.0,0.054,398.0,214,0.031,0.542,0.183,74.0,68.0,1.088,0.222,0.721,0.057,9295784,0.539,Asia,2634000000.0,2616000000.0,2012-12-01
0.019,0.322,,Indonesia,48.0,116,,877000000000.0,0.03,108.0,259,0.025,0.147,0.118,73.0,69.0,1.142,0.293,0.656,0.051,246864191,0.515,Asia,9463000000.0,9498000000.0,2012-12-01
0.02,0.408,,Bhutan,36.0,146,,1861157558.0,0.038,90.0,274,0.031,0.254,0.14,68.0,68.0,0.756,0.285,0.668,0.047,741822,0.364,Asia,94000000.0,71000000.0,2012-12-01
0.02,0.35,,Bangladesh,19.0,132,,115999999999.99998,0.036,26.0,302,0.035,0.058,0.13,71.0,70.0,0.628,0.306,0.647,0.047,154695368,0.32,Asia,110000000.0,829000000.0,2012-12-01
0.021,0.628,,India,27.0,131,,1859999999999.9998,0.04,61.0,243,0.043,0.126,0.106,68.0,65.0,0.699,0.294,0.654,0.052,1236686732,0.316,Asia,18340000000.0,14107000000.0,2012-12-01
0.021,0.985,,Uzbekistan,12.0,156,,51183443225.0,0.059,105.0,205,0.038,0.365,,72.0,65.0,0.71,0.289,0.668,0.043,29774500,0.362,Asia,,,2012-12-01
0.022,,,Turkmenistan,,,,35164210526.0,0.02,129.0,,0.048,0.072,,70.0,61.0,1.141,0.286,0.673,0.041,5172931,0.49,Asia,,,2012-12-01
0.022,0.315,,Nepal,29.0,103,,19206800719.0,0.055,36.0,326,0.033,0.111,,69.0,67.0,0.605,0.356,0.594,0.051,27474377,0.175,Asia,379000000.0,561000000.0,2012-12-01
0.022,0.268,,Maldives,9.0,81,,2113179304.0,0.085,558.0,252,0.009,0.389,0.105,79.0,77.0,1.6560000000000001,0.29,0.66,0.05,338442,0.423,Asia,1873000000.0,270000000.0,2012-12-01
0.023,0.246,,Mongolia,12.0,80,,10321968595.0,0.063,232.0,192,0.027,0.164,0.181,71.0,63.0,1.207,0.271,0.691,0.038,2796484,0.695,Asia,480000000.0,420000000.0,2012-12-01
0.023,0.286,,Kazakhstan,19.0,53,,204000000000.0,0.042,521.0,188,0.016,0.533,,74.0,65.0,1.858,0.255,0.68,0.066,16791425,0.535,Asia,1572000000.0,2119000000.0,2012-12-01
0.025,0.445,,Philippines,36.0,133,,250000000000.0,0.046,119.0,193,0.024,0.362,0.057,72.0,65.0,1.055,0.345,0.616,0.038,96706764,0.448,Asia,4900000000.0,6839000000.0,2012-12-01
0.026,0.346,,Pakistan,21.0,106,,225000000000.0,0.031,39.0,560,0.071,0.1,0.135,67.0,66.0,0.671,0.343,0.613,0.044,179160111,0.374,Asia,1014000000.0,1801000000.0,2012-12-01
0.026,0.214,,Cambodia,102.0,135,,14054443213.0,0.054,51.0,173,0.034,0.049,,74.0,69.0,1.285,0.312,0.635,0.053,14864646,0.201,Asia,2000000000.0,382000000.0,2012-12-01
0.027,0.319,,Laos,92.0,163,,9386913253.0,0.029,40.0,362,0.055,0.107,,69.0,66.0,0.647,0.356,0.606,0.038,6645827,0.354,Asia,461000000.0,241000000.0,2012-12-01
0.028,0.334,,Kyrgyzstan,10.0,70,,6605133551.0,0.071,84.0,210,0.023,0.217,0.128,74.0,66.0,1.242,0.302,0.656,0.042,5607200,0.354,Asia,750000000.0,738000000.0,2012-12-01
0.033,0.845,,Tajikistan,24.0,141,,7633049792.0,0.058,55.0,224,0.042,0.145,0.252,71.0,64.0,0.815,0.358,0.61,0.032,8008990,0.266,Asia,60400000.0,6800000.0,2012-12-01
0.035,0.363,,Afghanistan,7.0,170,,20506795254.0,0.086,51.0,275,0.072,0.055,0.15,62.0,59.0,0.655,0.474,0.503,0.023,29824536,0.255,Asia,116000000.0,80000000.0,2012-12-01
0.036,0.11,,Timor-Leste,94.0,167,,1355000000.0,0.043,50.0,276,0.048,0.009,0.122,69.0,66.0,0.557,0.463,0.505,0.032,1148958,0.308,Asia,21000000.0,80000000.0,2012-12-01
,,,Monaco,,,,4280072626.0,0.04,4960.0,,0.004,0.555,,,,0.508,,,,33808,1.0,Europe,,,2005-12-01
,,766.0,Faroe Islands,,,,1730894295.0,,,,,0.679,,82.0,77.0,0.855,,,,49157,0.398,Europe,,,2005-12-01
0.008,0.428,25618.0,Bosnia and Herzegovina,63.0,,5042.0,10948051122.0,0.087,246.0,368,0.007,0.213,0.096,78.0,73.0,0.411,0.189,0.68,0.131,3879828,0.392,Europe,557000000.0,158000000.0,2005-12-01
0.008,0.477,806703.0,Germany,45.0,,335185.0,2770000000000.0,0.108,3624.0,196,0.004,0.687,,82.0,76.0,0.946,0.143,0.667,0.189,82469422,0.734,Europe,40531000000.0,84838000000.0,2005-12-01
0.009,0.573,333869.0,Ukraine,34.0,,142883.0,86142018069.0,0.064,117.0,2085,0.013,0.037,0.162,74.0,62.0,0.637,0.147,0.695,0.158,47105150,0.678,Europe,3542000000.0,3078000000.0,2005-12-01
0.009,1.373,59064.0,Belarus,79.0,,26874.0,30210091837.0,0.069,215.0,987,0.007,,0.114,75.0,63.0,0.424,0.155,0.698,0.147,9663000,0.724,Europe,346000000.0,516000000.0,2005-12-01
0.009,0.512,13993.0,Lithuania,26.0,,8848.0,26085307222.0,0.058,446.0,166,0.008,0.362,0.053,77.0,65.0,1.325,0.167,0.681,0.151,3322528,0.666,Europe,975000000.0,757000000.0,2005-12-01
0.009,0.452,47909.0,Bulgaria,32.0,,19898.0,28895083540.0,0.073,274.0,616,0.014,0.2,0.087,76.0,69.0,0.813,0.137,0.689,0.174,7739900,0.706,Europe,3063000000.0,1858000000.0,2005-12-01
0.009,0.392,15867.0,Slovenia,60.0,,7293.0,35717733757.0,0.084,1494.0,260,0.004,0.468,0.078,81.0,74.0,0.879,0.142,0.703,0.155,2000474,0.505,Europe,1894000000.0,1019000000.0,2005-12-01
0.01,0.6,1615688.0,Russia,29.0,,651712.0,764000000000.0,0.052,277.0,448,0.014,0.152,0.107,72.0,59.0,0.834,0.152,0.71,0.138,143113885,0.735,Europe,7806000000.0,18305000000.0,2005-12-01
0.01,0.364,7176.0,Latvia,16.0,,4528.0,16041840426.0,0.064,442.0,320,0.011,0.46,0.061,77.0,66.0,0.84,0.148,0.681,0.172,2238799,0.68,Europe,446000000.0,655000000.0,2005-12-01
0.01,0.558,95676.0,Romania,11.0,,38693.0,99172613716.0,0.055,251.0,190,0.018,0.215,0.196,76.0,68.0,0.604,0.155,0.697,0.148,21319685,0.532,Europe,1325000000.0,1073000000.0,2005-12-01
0.01,0.566,57917.0,Hungary,38.0,,27583.0,110000000000.00002,0.084,923.0,340,0.007,0.39,0.085,77.0,69.0,0.923,0.155,0.688,0.157,10087065,0.664,Europe,4761000000.0,2721000000.0,2005-12-01
0.01,0.358,,Serbia,23.0,,16051.0,25234408773.0,0.091,307.0,279,0.008,0.263,0.168,75.0,70.0,0.67,0.181,0.679,0.14,7440769,0.545,Europe,308000000.0,260000000.0,2005-12-01
0.01,0.487,39175.0,Slovakia,27.0,,18830.0,61328471583.0,0.07,627.0,325,0.008,0.552,0.067,78.0,70.0,0.842,0.168,0.716,0.117,5372807,0.556,Europe,1282000000.0,1122000000.0,2005-12-01
0.01,0.432,303598.0,Poland,31.0,,92377.0,304000000000.0,0.062,494.0,418,0.007,0.388,0.068,79.0,71.0,0.763,0.164,0.703,0.133,38165445,0.615,Europe,7128000000.0,5894000000.0,2005-12-01
0.01,0.214,23106.0,Croatia,29.0,,8905.0,44821408831.0,0.07,705.0,232,0.006,0.331,0.112,79.0,72.0,0.832,0.16,0.67,0.171,4442000,0.564,Europe,7625000000.0,786000000.0,2005-12-01
0.01,0.488,120736.0,Czechia,40.0,,44941.0,130000000000.0,0.069,882.0,930,0.004,0.353,0.058,79.0,73.0,1.151,0.148,0.711,0.141,10211216,0.736,Europe,5772000000.0,2603000000.0,2005-12-01
0.01,0.438,65309.0,Portugal,54.0,,26467.0,192000000000.0,0.104,1886.0,328,0.004,0.35,,81.0,75.0,1.089,0.156,0.673,0.171,10503330,0.575,Europe,9008000000.0,3743000000.0,2005-12-01
0.01,,2699.0,Malta,,,881.0,5980795756.0,0.091,1394.0,,0.006,0.412,0.055,81.0,77.0,0.781,0.173,0.694,0.133,403834,0.936,Europe,924000000.0,311000000.0,2005-12-01
0.01,0.582,74238.0,Austria,25.0,,33792.0,305000000000.0,0.104,3863.0,170,0.004,0.58,,82.0,77.0,1.052,0.16,0.679,0.161,8227829,0.658,Europe,18471000000.0,11077000000.0,2005-12-01
0.01,0.54,98675.0,Greece,38.0,,30248.0,240000000000.0,0.097,2093.0,264,0.005,0.24,,82.0,77.0,0.929,0.144,0.671,0.186,11092913,0.745,Europe,13453000000.0,3045000000.0,2005-12-01
0.01,0.768,473380.0,Italy,13.0,,183873.0,1790000000000.0,0.087,2672.0,340,0.004,0.35,0.053,84.0,78.0,1.219,0.141,0.663,0.196,57969484,0.677,Europe,38374000000.0,26774000000.0,2005-12-01
0.01,0.288,41375.0,Switzerland,18.0,,25941.0,385000000000.0,0.109,5637.0,63,0.004,0.701,0.031,84.0,79.0,0.922,0.163,0.679,0.158,7437115,0.735,Europe,11937000000.0,10579000000.0,2005-12-01
0.01,,,San Marino,,,,1375416604.0,0.053,3399.0,,0.004,0.503,0.072,85.0,79.0,0.576,,,,29775,0.94,Europe,,,2005-12-01
0.011,,,Isle of Man,,,,2915710378.0,,,,,,,,,,,,,80345,0.519,Europe,,,2005-12-01
0.011,,576.0,Andorra,,,,2539759286.0,0.058,2356.0,,0.003,0.376,,,,0.795,,,,81223,0.903,Europe,,,2005-12-01
0.011,0.503,16780.0,Estonia,35.0,,5164.0,13905561150.0,0.05,513.0,81,0.006,0.615,0.049,78.0,67.0,1.091,0.153,0.679,0.168,1354775,0.687,Europe,1229000000.0,530000000.0,2005-12-01
0.011,0.203,11280.0,North Macedonia,48.0,,2842.0,5985809060.0,0.081,231.0,192,0.012,0.265,0.121,77.0,72.0,0.541,0.198,0.69,0.112,2090044,0.575,Europe,116000000.0,97000000.0,2005-12-01
0.011,0.495,54646.0,Finland,14.0,,34263.0,196000000000.0,0.084,3151.0,269,0.003,0.745,,82.0,76.0,1.005,0.174,0.667,0.159,5246096,0.829,Europe,3069000000.0,3622000000.0,2005-12-01
0.011,0.595,108525.0,Belgium,34.0,,58688.0,377000000000.0,0.1,3606.0,156,0.004,0.558,0.067,82.0,76.0,0.914,0.171,0.657,0.173,10478617,0.974,Europe,10881000000.0,16771000000.0,2005-12-01
0.011,,,Liechtenstein,,,,3658356378.0,,,,,0.634,,84.0,77.0,0.792,,,,34740,0.147,Europe,,,2005-12-01
0.011,0.619,353462.0,Spain,47.0,,141914.0,1130000000000.0,0.083,2178.0,298,0.005,0.479,,84.0,77.0,0.984,0.145,0.688,0.168,43653155,0.773,Europe,53066000000.0,18441000000.0,2005-12-01
0.011,0.541,51562.0,Sweden,16.0,,51569.0,371000000000.0,0.091,3726.0,122,0.003,0.848,0.033,83.0,78.0,1.008,0.174,0.653,0.173,9029572,0.843,Europe,7739000000.0,11380000000.0,2005-12-01
0.012,0.48,4895.0,Moldova,30.0,,3500.0,2988172424.0,0.092,76.0,234,0.019,0.146,0.193,72.0,64.0,0.289,0.19,0.698,0.112,3595187,0.453,Europe,138000000.0,170000000.0,2005-12-01
0.012,0.333,47099.0,Denmark,6.0,,18888.0,258000000000.0,0.098,4652.0,135,0.004,0.827,,80.0,76.0,1.006,0.187,0.661,0.151,5419432,0.859,Europe,5293000000.0,6850000000.0,2005-12-01
0.012,,7503.0,Cyprus,,,2219.0,16997801392.0,0.064,1434.0,,0.004,0.328,0.071,81.0,77.0,0.758,0.2,0.693,0.107,1032586,0.683,Europe,2644000000.0,1001000000.0,2005-12-01
0.012,0.347,541986.0,United Kingdom,13.0,,222638.0,2320000000000.0,0.083,3161.0,105,0.005,0.7,0.046,81.0,77.0,1.086,0.179,0.661,0.16,60401206,0.799,Europe,39411000000.0,72993000000.0,2005-12-01
0.012,,11544.0,Luxembourg,,,4382.0,37643013481.0,0.079,6485.0,,0.003,0.7,,82.0,77.0,1.114,0.186,0.67,0.144,465158,0.866,Europe,3612000000.0,2977000000.0,2005-12-01
0.012,0.477,172228.0,Netherlands,9.0,,78824.0,638000000000.0,0.109,4261.0,250,0.005,0.81,0.028,82.0,77.0,0.971,0.184,0.675,0.14,16319868,0.826,Europe,16528000000.0,16621000000.0,2005-12-01
0.012,0.411,42438.0,Norway,8.0,,26771.0,304000000000.0,0.095,6293.0,87,0.003,0.82,0.04,83.0,78.0,1.028,0.196,0.656,0.147,4623291,0.775,Europe,4243000000.0,10400000000.0,2005-12-01
0.013,,2057.0,Montenegro,,,987.0,2257181943.0,0.087,319.0,,0.01,0.271,,76.0,71.0,0.882,0.201,0.67,0.129,615820,0.622,Europe,,,2005-12-01
0.013,0.651,392072.0,France,7.0,,270660.0,2140000000000.0002,0.11,3750.0,132,0.004,0.429,,84.0,77.0,0.783,0.185,0.651,0.164,63176246,0.771,Europe,51691000000.0,38813000000.0,2005-12-01
0.014,0.582,4254.0,Albania,41.0,,2172.0,8376483740.0,0.063,160.0,364,0.018,0.06,0.131,79.0,73.0,0.479,0.265,0.649,0.085,2992724,0.467,Europe,880000000.0,808000000.0,2005-12-01
0.014,0.264,2204.0,Iceland,5.0,,3480.0,16286331747.0,0.096,5329.0,140,0.002,0.87,0.148,84.0,80.0,0.954,0.221,0.662,0.117,296734,0.93,Europe,635000000.0,991000000.0,2005-12-01
0.015,0.253,43535.0,Ireland,18.0,,14330.0,202999999999.99997,0.076,3734.0,76,0.004,0.416,0.026,81.0,77.0,1.027,0.206,0.684,0.111,4159914,0.605,Europe,6780000000.0,6186000000.0,2005-12-01
0.019,0.528,237369.0,Türkiye,6.0,,84379.0,483000000000.0,0.054,366.0,254,0.026,0.155,,76.0,69.0,0.644,0.285,0.649,0.066,67743052,0.678,Europe,20760000000.0,3563000000.0,2005-12-01
0.021,,,Kosovo,,,1946.0,3743116980.0,,,,,,0.14,71.0,67.0,,,,,1705780,,Europe,,,2005-12-01
,,,Isle of Man,,,,3437450712.0,,,,,,,,,,,,,81068,0.519,Europe,,,2006-12-01
,,,Monaco,,,,4663488363.0,0.038,5115.0,,0.004,0.615,,,,0.533,,,,34369,1.0,Europe,,,2006-12-01
,,766.0,Faroe Islands,,,,1970135199.0,,,,,0.694,,82.0,77.0,1.011,,,,49414,0.401,Europe,,,2006-12-01
0.008,0.427,27169.0,Bosnia and Herzegovina,63.0,,5301.0,12400102623.0,0.085,275.0,368,0.007,0.251,0.08,78.0,73.0,0.487,0.186,0.678,0.136,3875157,0.392,Europe,658000000.0,210000000.0,2006-12-01
0.008,0.474,808860.0,Germany,24.0,,340492.0,2900000000000.0,0.106,3746.0,196,0.004,0.722,,82.0,76.0,1.023,0.141,0.665,0.194,82376451,0.735,Europe,45538000000.0,85974000000.0,2006-12-01
0.009,0.214,23175.0,Croatia,25.0,,8944.0,49855078905.0,0.07,790.0,196,0.006,0.38,0.099,79.0,73.0,1.004,0.158,0.67,0.172,4440000,0.566,Europe,8296000000.0,770000000.0,2006-12-01
0.009,0.392,16245.0,Slovenia,60.0,,7321.0,38945146500.0,0.083,1610.0,260,0.003,0.54,0.074,82.0,75.0,0.906,0.14,0.702,0.158,2006868,0.504,Europe,2074000000.0,1058000000.0,2006-12-01
0.009,,2574.0,Malta,,,834.0,6390123590.0,0.09,1445.0,,0.006,0.404,0.057,82.0,77.0,0.832,0.168,0.696,0.136,405308,0.939,Europe,966000000.0,362000000.0,2006-12-01
0.009,0.524,71565.0,Austria,25.0,,33799.0,325000000000.0,0.102,4016.0,170,0.004,0.636,,83.0,77.0,1.121,0.158,0.679,0.164,8268641,0.658,Europe,18886000000.0,11721000000.0,2006-12-01
0.01,0.512,1669618.0,Russia,29.0,,670673.0,990000000000.0,0.053,365.0,448,0.013,0.18,0.104,73.0,60.0,1.048,0.149,0.713,0.138,142487260,0.735,Europe,9720000000.0,19478000000.0,2006-12-01
0.01,0.57,326480.0,Ukraine,33.0,,137333.0,108000000000.0,0.064,147.0,2085,0.012,0.045,0.152,74.0,62.0,1.047,0.143,0.697,0.16,46787750,0.68,Europe,4018000000.0,3202000000.0,2006-12-01
0.01,1.373,61829.0,Belarus,69.0,,28621.0,36961918859.0,0.063,243.0,987,0.007,0.162,0.088,76.0,64.0,0.62,0.152,0.702,0.147,9604000,0.728,Europe,401000000.0,675000000.0,2006-12-01
0.01,0.476,14294.0,Lithuania,26.0,,8718.0,30246361657.0,0.062,552.0,166,0.008,0.439,0.051,77.0,65.0,1.457,0.163,0.685,0.153,3269909,0.667,Europe,1077000000.0,931000000.0,2006-12-01
0.01,0.364,7583.0,Latvia,16.0,,4688.0,19935046397.0,0.068,590.0,320,0.01,0.536,0.073,77.0,66.0,0.994,0.144,0.681,0.175,2218357,0.68,Europe,622000000.0,788000000.0,2006-12-01
0.01,0.482,102595.0,Romania,11.0,,39936.0,123000000000.0,0.051,289.0,193,0.017,0.247,0.14,76.0,69.0,0.725,0.152,0.7,0.149,21193760,0.533,Europe,1676000000.0,1459000000.0,2006-12-01
0.01,0.416,48943.0,Bulgaria,32.0,,20459.0,33209188739.0,0.069,297.0,616,0.013,0.271,0.089,76.0,69.0,1.083,0.135,0.69,0.176,7699020,0.709,Europe,3317000000.0,2099000000.0,2006-12-01
0.01,0.557,57235.0,Hungary,38.0,,27330.0,112999999999.99998,0.083,922.0,340,0.007,0.471,0.081,77.0,69.0,0.989,0.153,0.688,0.159,10071370,0.669,Europe,4998000000.0,2319000000.0,2006-12-01
0.01,0.473,38929.0,Slovakia,27.0,,18640.0,69002095095.0,0.073,761.0,325,0.008,0.561,0.077,78.0,70.0,0.907,0.163,0.719,0.118,5373054,0.554,Europe,1655000000.0,1230000000.0,2006-12-01
0.01,0.358,53766.0,Serbia,23.0,,17064.0,29221081587.0,0.094,371.0,279,0.007,0.272,0.166,76.0,71.0,0.815,0.178,0.682,0.14,7411569,0.548,Europe,416000000.0,322000000.0,2006-12-01
0.01,0.432,320004.0,Poland,31.0,,97241.0,342000000000.0,0.062,554.0,418,0.006,0.446,0.055,80.0,71.0,0.962,0.16,0.707,0.133,38141267,0.613,Europe,8122000000.0,7654000000.0,2006-12-01
0.01,0.482,122764.0,Czechia,24.0,,45904.0,148000000000.0,0.067,969.0,930,0.004,0.479,0.056,80.0,74.0,1.207,0.145,0.712,0.143,10238905,0.735,Europe,6702000000.0,2874000000.0,2006-12-01
0.01,0.438,59108.0,Portugal,7.0,,24698.0,202000000000.0,0.1,1915.0,328,0.004,0.38,,82.0,75.0,1.16,0.155,0.672,0.173,10522288,0.581,Europe,10438000000.0,4142000000.0,2006-12-01
0.01,0.495,97286.0,Greece,38.0,,30223.0,262000000000.0,0.097,2293.0,264,0.005,0.323,,82.0,77.0,0.993,0.144,0.669,0.187,11127947,0.748,Europe,14495000000.0,3004000000.0,2006-12-01
0.01,,,Liechtenstein,,,,3988775844.0,,,,,0.642,,83.0,79.0,0.821,,,,35028,0.147,Europe,,,2006-12-01
0.01,0.754,469347.0,Italy,13.0,,181830.0,1870000000000.0,0.088,2818.0,340,0.004,0.38,0.056,84.0,79.0,1.361,0.141,0.661,0.198,58143979,0.679,Europe,41644000000.0,27437000000.0,2006-12-01
0.01,0.276,41877.0,Switzerland,18.0,,27084.0,405000000000.0,0.104,5643.0,63,0.004,0.757,0.03,84.0,79.0,0.994,0.16,0.68,0.16,7483934,0.735,Europe,12852000000.0,11199000000.0,2006-12-01
0.01,,,San Marino,,,,1469075398.0,0.051,3444.0,,0.004,0.502,0.067,85.0,79.0,0.577,,,,30130,0.94,Europe,,,2006-12-01
0.011,,546.0,Andorra,,,,2823503853.0,0.06,2631.0,,0.003,0.489,,,,0.843,,,,81877,0.898,Europe,,,2006-12-01
0.011,0.491,16190.0,Estonia,35.0,,5038.0,16798498860.0,0.05,620.0,81,0.005,0.635,0.05,78.0,67.0,1.258,0.151,0.679,0.17,1346810,0.686,Europe,1361000000.0,706000000.0,2006-12-01
0.011,0.203,10939.0,North Macedonia,18.0,,2924.0,6560546900.0,0.078,246.0,192,0.012,0.286,0.113,77.0,72.0,0.604,0.192,0.694,0.113,2093801,0.574,Europe,156000000.0,110000000.0,2006-12-01
0.011,0.477,66197.0,Finland,14.0,,37334.0,208000000000.0,0.083,3302.0,269,0.003,0.797,,83.0,76.0,1.076,0.172,0.667,0.161,5266268,0.83,Europe,3515000000.0,4099000000.0,2006-12-01
0.011,0.446,167201.0,Netherlands,8.0,,76830.0,678000000000.0,0.107,4459.0,250,0.004,0.837,0.035,82.0,78.0,1.056,0.183,0.675,0.142,16346101,0.836,Europe,17529000000.0,17453000000.0,2006-12-01
0.011,0.619,350037.0,Spain,47.0,,141748.0,1240000000000.0,0.084,2371.0,298,0.005,0.504,,84.0,78.0,1.038,0.145,0.687,0.168,44397319,0.775,Europe,57543000000.0,20348000000.0,2006-12-01
0.012,0.459,4994.0,Moldova,30.0,,3441.0,3408454198.0,0.106,101.0,232,0.018,0.196,0.181,72.0,64.0,0.366,0.182,0.705,0.113,3585209,0.452,Europe,150000000.0,224000000.0,2006-12-01
0.012,0.315,55005.0,Denmark,6.0,,20252.0,274000000000.00003,0.099,5017.0,135,0.004,0.867,,80.0,76.0,1.071,0.186,0.66,0.154,5437272,0.861,Europe,5562000000.0,7486000000.0,2006-12-01
0.012,,7789.0,Cyprus,,,2308.0,18435765910.0,0.063,1494.0,,0.004,0.358,0.067,81.0,77.0,0.828,0.195,0.697,0.109,1048314,0.681,Europe,2691000000.0,1031000000.0,2006-12-01
0.012,0.346,542041.0,United Kingdom,13.0,,218961.0,2480000000000.0,0.084,3423.0,105,0.005,0.688,0.046,81.0,77.0,1.156,0.178,0.662,0.16,60846820,0.802,Europe,43803000000.0,77674000000.0,2006-12-01
0.012,0.204,11357.0,Luxembourg,26.0,,4329.0,42544677906.0,0.077,7029.0,59,0.003,0.725,,82.0,77.0,1.529,0.184,0.672,0.144,472637,0.87,Europe,3636000000.0,3138000000.0,2006-12-01
0.012,0.593,106834.0,Belgium,27.0,,58111.0,400000000000.0,0.095,3608.0,156,0.004,0.597,0.075,82.0,77.0,0.93,0.17,0.658,0.172,10547958,0.974,Europe,11625000000.0,17891000000.0,2006-12-01
0.012,0.541,49571.0,Sweden,16.0,,50207.0,399000000000.0,0.089,3947.0,122,0.003,0.878,,83.0,79.0,1.057,0.172,0.655,0.174,9080505,0.844,Europe,10016000000.0,11685000000.0,2006-12-01
0.013,0.304,2384.0,Montenegro,24.0,,1118.0,2696020575.0,0.082,361.0,372,0.009,0.289,0.112,76.0,71.0,1.043,0.2,0.671,0.129,616854,0.624,Europe,,,2006-12-01
0.013,0.65,382582.0,France,7.0,,266793.0,2260000000000.0,0.11,3907.0,132,0.004,0.469,,85.0,77.0,0.835,0.185,0.651,0.165,63617975,0.774,Europe,54450000000.0,39331000000.0,2006-12-01
0.013,0.411,44257.0,Norway,7.0,,27129.0,340000000000.0,0.092,6778.0,87,0.003,0.826,0.047,83.0,78.0,1.043,0.195,0.658,0.147,4660677,0.779,Europe,4289000000.0,11273000000.0,2006-12-01
0.014,0.565,3865.0,Albania,39.0,,2068.0,9132562332.0,0.06,168.0,364,0.017,0.096,0.129,80.0,73.0,0.601,0.258,0.654,0.089,2968028,0.478,Europe,1057000000.0,989000000.0,2006-12-01
0.015,0.253,43458.0,Ireland,13.0,,14607.0,223000000000.0,0.075,3982.0,76,0.004,0.548,,82.0,77.0,1.11,0.206,0.683,0.111,4274137,0.608,Europe,7664000000.0,6978000000.0,2006-12-01
0.015,0.265,2277.0,Iceland,5.0,,4159.0,16651492784.0,0.094,5205.0,140,0.002,0.895,0.179,83.0,80.0,1.004,0.218,0.664,0.118,303782,0.932,Europe,702000000.0,1084000000.0,2006-12-01
0.019,,,Kosovo,,,1966.0,3918176308.0,,,,,,0.146,71.0,67.0,,,,,1719536,,Europe,,,2006-12-01
0.019,0.524,261571.0,Türkiye,6.0,,93035.0,530999999999.99994,0.058,422.0,254,0.024,0.182,,76.0,69.0,0.767,0.281,0.652,0.067,68626337,0.684,Europe,19137000000.0,3517000000.0,2006-12-01
,,,Monaco,,,,5974371696.0,0.034,5671.0,,0.004,0.644,,,,0.583,,,,35013,1.0,Europe,,,2007-12-01
0.008,0.428,27884.0,Bosnia and Herzegovina,63.0,,5305.0,15280615815.0,0.086,341.0,368,0.007,0.279,0.072,78.0,73.0,0.633,0.184,0.676,0.14,3868665,0.392,Europe,804000000.0,264000000.0,2007-12-01
0.008,0.49,784016.0,Germany,18.0,,330719.0,3320000000000.0,0.105,4231.0,196,0.004,0.752,,82.0,77.0,1.151,0.139,0.662,0.198,82266372,0.737,Europe,49332000000.0,96549000000.0,2007-12-01
0.009,0.358,52251.0,Serbia,23.0,,16602.0,38952093544.0,0.104,547.0,279,0.007,0.332,0.111,76.0,71.0,1.045,0.176,0.686,0.139,7381579,0.551,Europe,1016000000.0,1202000000.0,2007-12-01
0.009,0.214,24389.0,Croatia,22.0,,9325.0,59319390298.0,0.075,1008.0,196,0.005,0.414,0.093,79.0,72.0,1.152,0.157,0.67,0.173,4436000,0.568,Europe,9601000000.0,1025000000.0,2007-12-01
0.009,0.524,69141.0,Austria,25.0,,33393.0,375000000000.0,0.103,4636.0,170,0.004,0.694,,83.0,77.0,1.193,0.155,0.678,0.167,8300788,0.658,Europe,21088000000.0,12825000000.0,2007-12-01
0.009,,2725.0,Malta,,,878.0,7513834700.0,0.085,1580.0,,0.006,0.469,0.062,82.0,78.0,0.88,0.164,0.698,0.138,406724,0.941,Europe,1185000000.0,284000000.0,2007-12-01
0.009,,,San Marino,,,,1687653983.0,0.05,3872.0,,0.003,0.504,0.076,85.0,80.0,0.576,,,,30377,0.94,Europe,,,2007-12-01
0.01,,539.0,Andorra,,,,3245411584.0,0.062,3012.0,,0.003,0.709,,,,0.781,,,,81292,0.894,Europe,,,2007-12-01
0.01,0.566,327595.0,Ukraine,27.0,,137343.0,143000000000.0,0.064,194.0,2085,0.012,0.066,0.139,74.0,63.0,1.184,0.141,0.698,0.161,46509350,0.681,Europe,5320000000.0,4022000000.0,2007-12-01
0.01,0.462,15137.0,Lithuania,26.0,,9460.0,39325985931.0,0.062,725.0,166,0.007,0.499,0.069,77.0,65.0,1.54,0.159,0.688,0.154,3231294,0.668,Europe,1192000000.0,1168000000.0,2007-12-01
0.01,0.456,100960.0,Romania,9.0,,39757.0,171000000000.0,0.052,414.0,202,0.015,0.283,0.133,76.0,69.0,0.927,0.15,0.701,0.149,20882982,0.534,Europe,2073000000.0,1725000000.0,2007-12-01
0.01,0.358,52812.0,Bulgaria,32.0,,20117.0,42113656147.0,0.068,375.0,616,0.012,0.336,0.1,76.0,69.0,1.309,0.133,0.689,0.177,7545338,0.713,Europe,4181000000.0,2142000000.0,2007-12-01
0.01,0.553,55859.0,Hungary,16.0,,26729.0,135999999999.99998,0.077,1038.0,340,0.007,0.533,0.091,77.0,69.0,1.096,0.151,0.689,0.161,10055780,0.674,Europe,5628000000.0,3088000000.0,2007-12-01
0.01,0.473,36600.0,Slovakia,27.0,,17850.0,84108560088.0,0.078,1078.0,325,0.008,0.618,0.08,78.0,71.0,1.123,0.159,0.722,0.119,5374622,0.553,Europe,2352000000.0,1825000000.0,2007-12-01
0.01,0.434,315637.0,Poland,31.0,,96824.0,425000000000.0,0.063,706.0,418,0.006,0.486,,80.0,71.0,1.084,0.156,0.71,0.133,38120560,0.612,Europe,11686000000.0,8342000000.0,2007-12-01
0.01,0.429,60865.0,Portugal,6.0,,25302.0,231999999999.99997,0.1,2185.0,328,0.003,0.421,,82.0,75.0,1.2770000000000001,0.154,0.671,0.175,10542964,0.587,Europe,12917000000.0,4864000000.0,2007-12-01
0.01,0.384,16212.0,Slovenia,60.0,,7321.0,47349639895.0,0.079,1850.0,260,0.003,0.567,0.059,82.0,75.0,0.955,0.14,0.7,0.16,2018122,0.503,Europe,2465000000.0,1260000000.0,2007-12-01
0.01,0.489,98246.0,Greece,38.0,,30217.0,305000000000.0,0.098,2682.0,264,0.004,0.359,,82.0,77.0,1.111,0.144,0.668,0.188,11163002,0.752,Europe,15687000000.0,3430000000.0,2007-12-01
0.01,,,Liechtenstein,,,,4602346923.0,,,,,0.651,,84.0,79.0,0.907,,,,35308,0.146,Europe,,,2007-12-01
0.01,0.754,462676.0,Italy,13.0,,179599.0,2130000000000.0,0.085,3058.0,340,0.004,0.408,0.063,84.0,79.0,1.51,0.141,0.66,0.199,58438310,0.68,Europe,46144000000.0,32754000000.0,2007-12-01
0.01,0.279,38019.0,Switzerland,18.0,,25760.0,451000000000.0,0.102,6126.0,63,0.004,0.772,0.032,84.0,79.0,1.085,0.157,0.681,0.162,7551117,0.736,Europe,14721000000.0,12298000000.0,2007-12-01
0.011,,,Isle of Man,,,,4075664785.0,,,,,,,,,,,,,81812,0.519,Europe,,,2007-12-01
0.011,0.512,1667598.0,Russia,29.0,,672591.0,1300000000000.0,0.054,487.0,448,0.012,0.247,0.1,74.0,61.0,1.192,0.147,0.716,0.137,142114903,0.736,Europe,12427000000.0,23248000000.0,2007-12-01
0.011,1.208,60282.0,Belarus,48.0,,28039.0,45275711996.0,0.064,304.0,987,0.006,0.197,0.086,76.0,65.0,0.726,0.15,0.705,0.145,9560000,0.733,Europe,479000000.0,724000000.0,2007-12-01
0.011,0.364,7928.0,Latvia,16.0,,4796.0,28765687042.0,0.07,883.0,279,0.01,0.592,0.109,77.0,66.0,1.023,0.142,0.68,0.178,2200325,0.679,Europe,881000000.0,1021000000.0,2007-12-01
0.011,0.203,11379.0,North Macedonia,15.0,,3045.0,8159825620.0,0.07,272.0,192,0.011,0.363,0.102,77.0,72.0,0.856,0.187,0.699,0.114,2096620,0.572,Europe,219000000.0,147000000.0,2007-12-01
0.011,0.477,123948.0,Czechia,17.0,,45845.0,180000000000.0,0.065,1144.0,808,0.004,0.519,0.058,80.0,74.0,1.28,0.143,0.712,0.145,10298828,0.735,Europe,7775000000.0,3704000000.0,2007-12-01
0.011,0.478,63982.0,Finland,14.0,,36803.0,246000000000.0,0.08,3751.0,269,0.003,0.808,,83.0,76.0,1.149,0.17,0.668,0.163,5288720,0.832,Europe,4287000000.0,4812000000.0,2007-12-01
0.011,0.2,10869.0,Luxembourg,26.0,,4209.0,51320661751.0,0.068,7326.0,59,0.002,0.789,,82.0,77.0,1.437,0.182,0.675,0.143,479993,0.874,Europe,4032000000.0,3476000000.0,2007-12-01
0.011,0.418,171766.0,Netherlands,8.0,,79350.0,783000000000.0,0.108,5150.0,180,0.004,0.858,0.046,82.0,78.0,1.173,0.181,0.674,0.144,16381696,0.845,Europe,19922000000.0,19477000000.0,2007-12-01
0.011,0.621,358237.0,Spain,47.0,,143836.0,1440000000000.0,0.085,2752.0,298,0.004,0.551,,84.0,78.0,1.084,0.146,0.686,0.168,45226803,0.777,Europe,65020000000.0,24355000000.0,2007-12-01
0.012,0.425,4686.0,Moldova,23.0,,3342.0,4402495921.0,0.109,134.0,234,0.017,0.205,0.188,72.0,64.0,0.513,0.177,0.71,0.113,3576910,0.451,Europe,229000000.0,290000000.0,2007-12-01
0.012,0.484,18845.0,Estonia,7.0,,5624.0,21993674015.0,0.051,835.0,81,0.005,0.662,0.065,79.0,67.0,1.2810000000000001,0.151,0.678,0.172,1340680,0.685,Europe,1416000000.0,804000000.0,2007-12-01
0.012,0.32,50253.0,Denmark,6.0,,19763.0,311000000000.0,0.1,5710.0,135,0.004,0.85,,81.0,76.0,1.154,0.185,0.659,0.156,5461438,0.863,Europe,5978000000.0,8830000000.0,2007-12-01
0.012,,8196.0,Cyprus,,,2437.0,21841815681.0,0.061,1691.0,,0.004,0.408,0.067,81.0,77.0,0.93,0.19,0.7,0.11,1063095,0.68,Europe,3108000000.0,1554000000.0,2007-12-01
0.012,0.573,103215.0,Belgium,4.0,,57019.0,459999999999.99994,0.095,4136.0,156,0.004,0.644,0.086,83.0,77.0,1.006,0.169,0.659,0.172,10625700,0.975,Europe,12371000000.0,19215000000.0,2007-12-01
0.012,0.411,45089.0,Norway,7.0,,27547.0,393000000000.0,0.095,7978.0,87,0.003,0.869,0.066,83.0,78.0,1.067,0.193,0.66,0.147,4709153,0.782,Europe,5322000000.0,13256000000.0,2007-12-01
0.012,0.537,48060.0,Sweden,16.0,,50060.0,463000000000.0,0.089,4526.0,122,0.003,0.82,,83.0,79.0,1.105,0.169,0.656,0.175,9148092,0.846,Europe,12259000000.0,14336000000.0,2007-12-01
0.013,0.304,2252.0,Montenegro,24.0,,1086.0,3673382212.0,0.07,414.0,372,0.008,0.308,0.092,76.0,72.0,1.457,0.199,0.673,0.128,617800,0.626,Europe,660000000.0,58000000.0,2007-12-01
0.013,0.459,4056.0,Albania,36.0,,2025.0,10701011856.0,0.064,218.0,364,0.017,0.15,0.141,80.0,73.0,0.734,0.25,0.658,0.092,2940880,0.489,Europe,1479000000.0,1331000000.0,2007-12-01
0.013,0.345,528906.0,United Kingdom,13.0,,210993.0,2860000000000.0,0.085,3953.0,105,0.005,0.751,0.055,82.0,77.0,1.211,0.177,0.662,0.161,61322463,0.805,Europe,48193000000.0,86747000000.0,2007-12-01
0.013,0.65,375882.0,France,7.0,,263542.0,2580000000000.0,0.109,4413.0,132,0.004,0.661,,85.0,78.0,0.89,0.184,0.651,0.165,64012572,0.776,Europe,63701000000.0,46029000000.0,2007-12-01
0.014,,774.0,Faroe Islands,,,,2278229880.0,,,,,0.76,,83.0,78.0,1.053,,,,49554,0.403,Europe,,,2007-12-01
0.015,0.262,2310.0,Iceland,5.0,,4836.0,20428232684.0,0.093,6182.0,140,0.002,0.906,0.193,83.0,80.0,1.069,0.215,0.666,0.118,311566,0.933,Europe,848000000.0,1336000000.0,2007-12-01
0.016,0.253,44583.0,Ireland,13.0,,15120.0,260000000000.0,0.079,4733.0,76,0.004,0.612,,82.0,77.0,1.159,0.208,0.681,0.111,4398942,0.61,Europe,9263000000.0,8785000000.0,2007-12-01
0.019,,,Kosovo,,,2045.0,4743437689.0,,,,,,0.141,71.0,67.0,,,,,1733404,,Europe,,,2007-12-01
0.019,0.443,284658.0,Türkiye,6.0,,100005.0,647000000000.0,0.06,558.0,223,0.023,0.286,,77.0,70.0,0.892,0.278,0.655,0.068,69496513,0.69,Europe,21662000000.0,4254000000.0,2007-12-01
,,,Isle of Man,,,,,,,,,,,,,,,,,82561,0.52,Europe,,,2008-12-01
,,,Monaco,,,,6919241412.0,0.036,6623.0,,0.003,0.673,,,,0.616,,,,35686,1.0,Europe,,,2008-12-01
,,719.0,Faroe Islands,,,,2412859693.0,,,,,0.756,,83.0,78.0,1.106,,,,49601,0.405,Europe,,,2008-12-01
0.008,0.428,30997.0,Bosnia and Herzegovina,69.0,,5954.0,18543289395.0,0.088,425.0,428,0.007,0.347,0.07,78.0,73.0,0.823,0.181,0.674,0.144,3861201,0.392,Europe,913000000.0,345000000.0,2008-12-01
0.008,0.494,783359.0,Germany,18.0,,334634.0,3620000000000.0,0.107,4718.0,196,0.004,0.78,,82.0,77.0,1.266,0.137,0.66,0.202,82110097,0.739,Europe,53398000000.0,,2008-12-01
0.009,0.34,51881.0,Serbia,23.0,,16808.0,47760580366.0,0.104,673.0,279,0.007,0.356,0.161,76.0,71.0,1.198,0.173,0.689,0.138,7350221,0.551,Europe,1133000000.0,1468000000.0,2008-12-01
0.009,0.524,68269.0,Austria,25.0,,33545.0,413999999999.99994,0.105,5211.0,170,0.004,0.729,,83.0,78.0,1.297,0.152,0.677,0.171,8336926,0.658,Europe,24346000000.0,13993000000.0,2008-12-01
0.01,,539.0,Andorra,,,,3712034267.0,0.062,3105.0,,0.003,0.7,,,,0.803,,,,79969,0.889,Europe,,,2008-12-01
0.01,0.339,50792.0,Bulgaria,49.0,,19815.0,51824892678.0,0.07,474.0,616,0.012,0.397,0.109,77.0,70.0,1.3900000000000001,0.133,0.688,0.179,7492561,0.716,Europe,4852000000.0,2602000000.0,2008-12-01
0.01,0.566,54657.0,Hungary,5.0,,26458.0,154000000000.0,0.075,1146.0,330,0.006,0.61,0.102,78.0,70.0,1.217,0.149,0.688,0.163,10038188,0.679,Europe,7113000000.0,3833000000.0,2008-12-01
0.01,0.214,23366.0,Croatia,22.0,,9084.0,69595512099.0,0.078,1224.0,196,0.005,0.442,0.101,80.0,72.0,1.045,0.156,0.671,0.173,4434508,0.57,Europe,11681000000.0,1156000000.0,2008-12-01
0.01,0.425,58357.0,Portugal,5.0,,24430.0,252000000000.0,0.102,2425.0,328,0.003,0.441,,82.0,76.0,1.329,0.153,0.67,0.176,10558177,0.594,Europe,14047000000.0,5283000000.0,2008-12-01
0.01,,2560.0,Malta,,,837.0,8554293727.0,0.082,1596.0,,0.006,0.501,0.059,82.0,77.0,0.916,0.162,0.699,0.139,409379,0.943,Europe,1336000000.0,361000000.0,2008-12-01
0.01,0.725,447187.0,Italy,10.0,,176004.0,2310000000000.0,0.089,3441.0,314,0.004,0.445,0.068,85.0,79.0,1.509,0.14,0.66,0.2,58826731,0.681,Europe,48757000000.0,37807000000.0,2008-12-01
0.01,0.278,40392.0,Switzerland,18.0,,26773.0,524000000000.0,0.103,7104.0,63,0.004,0.792,0.033,84.0,80.0,1.163,0.155,0.681,0.164,7647675,0.736,Europe,17570000000.0,13346000000.0,2008-12-01
0.01,,,Liechtenstein,,,,4929414915.0,,,,,0.7,,86.0,80.0,0.956,,,,35582,0.146,Europe,,,2008-12-01
0.011,0.572,323459.0,Ukraine,27.0,,134562.0,180000000000.0,0.066,257.0,848,0.011,0.11,0.175,74.0,63.0,1.198,0.139,0.7,0.16,46258200,0.683,Europe,6722000000.0,4585000000.0,2008-12-01
0.011,1.175,62816.0,Belarus,31.0,,28098.0,60763483146.0,0.059,378.0,987,0.006,0.23,0.086,77.0,65.0,0.851,0.148,0.708,0.143,9528000,0.737,Europe,585000000.0,860000000.0,2008-12-01
0.011,0.456,15115.0,Lithuania,26.0,,9520.0,47438363056.0,0.066,934.0,166,0.007,0.552,0.084,78.0,66.0,1.5979999999999999,0.156,0.69,0.154,3198231,0.668,Europe,1316000000.0,1567000000.0,2008-12-01
0.011,0.368,7591.0,Latvia,16.0,,4586.0,33669367720.0,0.066,979.0,279,0.009,0.634,0.119,78.0,67.0,1.075,0.141,0.679,0.18,2177322,0.678,Europe,1134000000.0,1250000000.0,2008-12-01
0.011,0.454,94645.0,Romania,9.0,,39617.0,204000000000.0,0.054,516.0,202,0.014,0.324,0.15,76.0,69.0,1.114,0.15,0.702,0.149,20537875,0.536,Europe,2625000000.0,2409000000.0,2008-12-01
0.011,0.465,37557.0,Slovakia,18.0,,18321.0,97908891167.0,0.08,1400.0,325,0.007,0.661,0.058,79.0,71.0,1.019,0.156,0.724,0.12,5379233,0.551,Europe,3004000000.0,2596000000.0,2008-12-01
0.011,0.451,316125.0,Poland,31.0,,97892.0,529000000000.0,0.069,956.0,418,0.006,0.531,,80.0,71.0,1.15,0.154,0.713,0.133,38125759,0.611,Europe,12837000000.0,10689000000.0,2008-12-01
0.011,0.174,11848.0,North Macedonia,9.0,,3012.0,9834034351.0,0.069,325.0,150,0.01,0.46,0.097,77.0,72.0,0.937,0.182,0.703,0.115,2098769,0.571,Europe,262000000.0,190000000.0,2008-12-01
0.011,0.358,17180.0,Slovenia,19.0,,7740.0,54554616826.0,0.083,2265.0,260,0.003,0.58,0.067,82.0,75.0,1.011,0.139,0.698,0.162,2021316,0.502,Europe,2954000000.0,1610000000.0,2008-12-01
0.011,0.478,56593.0,Finland,14.0,,35284.0,271999999999.99997,0.083,4262.0,269,0.003,0.837,,83.0,76.0,1.284,0.168,0.668,0.165,5313399,0.833,Europe,4873000000.0,5579000000.0,2008-12-01
0.011,0.382,173845.0,Netherlands,8.0,,79550.0,871000000000.0001,0.11,5834.0,180,0.004,0.874,0.046,82.0,78.0,1.25,0.179,0.674,0.147,16445593,0.854,Europe,20523000000.0,22217000000.0,2008-12-01
0.011,0.467,97810.0,Greece,19.0,,30419.0,342000000000.0,0.101,3085.0,224,0.004,0.382,,83.0,78.0,1.245,0.144,0.668,0.188,11186439,0.756,Europe,17586000000.0,3946000000.0,2008-12-01
0.011,0.603,329286.0,Spain,47.0,,139013.0,1589999999999.9998,0.089,3146.0,234,0.004,0.596,,84.0,78.0,1.097,0.147,0.684,0.169,45954106,0.78,Europe,70434000000.0,27157000000.0,2008-12-01
0.011,,,San Marino,,,,1899809580.0,0.05,4069.0,,0.003,0.545,0.079,86.0,80.0,0.799,,,,30549,0.941,Europe,,,2008-12-01
0.012,0.483,1715639.0,Russia,29.0,,688483.0,1660000000000.0002,0.051,594.0,448,0.012,0.268,0.122,74.0,62.0,1.389,0.147,0.718,0.135,141956409,0.736,Europe,15821000000.0,26401000000.0,2008-12-01
0.012,0.42,4774.0,Moldova,15.0,,3363.0,6054806101.0,0.114,193.0,234,0.016,0.234,0.211,72.0,64.0,0.666,0.172,0.715,0.112,3570108,0.45,Europe,293000000.0,359000000.0,2008-12-01
0.012,0.479,17492.0,Estonia,7.0,,5440.0,23781549758.0,0.06,1060.0,81,0.004,0.706,0.085,79.0,69.0,1.242,0.151,0.676,0.173,1337090,0.684,Europe,1643000000.0,939000000.0,2008-12-01
0.012,0.31,2750.0,Montenegro,21.0,,1177.0,4538345345.0,0.063,466.0,372,0.007,0.329,0.092,76.0,72.0,1.8719999999999999,0.198,0.676,0.126,618649,0.627,Europe,859000000.0,80000000.0,2008-12-01
0.012,0.477,117014.0,Czechia,20.0,,44870.0,225000000000.0,0.068,1481.0,808,0.004,0.63,0.063,80.0,74.0,1.324,0.142,0.711,0.147,10384603,0.734,Europe,8871000000.0,4797000000.0,2008-12-01
0.012,0.292,46960.0,Denmark,6.0,,19200.0,344000000000.0,0.102,6395.0,135,0.004,0.85,,81.0,76.0,1.193,0.183,0.657,0.159,5493621,0.865,Europe,6281000000.0,9698000000.0,2008-12-01
0.012,0.206,8555.0,Cyprus,8.0,,2574.0,25321517504.0,0.069,2182.0,149,0.003,0.423,,81.0,77.0,0.944,0.186,0.703,0.112,1077089,0.678,Europe,3231000000.0,1895000000.0,2008-12-01
0.012,0.552,103882.0,Belgium,4.0,,58600.0,507000000000.0,0.099,4715.0,156,0.004,0.66,0.092,83.0,77.0,1.053,0.168,0.661,0.171,10709973,0.975,Europe,13106000000.0,21445000000.0,2008-12-01
0.012,0.2,10792.0,Luxembourg,26.0,,4204.0,54742763112.0,0.073,8305.0,59,0.002,0.822,,83.0,78.0,1.451,0.18,0.679,0.141,488650,0.878,Europe,4486000000.0,3801000000.0,2008-12-01
0.012,0.537,49105.0,Sweden,16.0,,49601.0,486000000000.00006,0.092,4886.0,122,0.003,0.9,,83.0,79.0,1.084,0.167,0.656,0.177,9219637,0.847,Europe,12060000000.0,15447000000.0,2008-12-01
0.013,0.462,4129.0,Albania,9.0,,2061.0,12881352688.0,0.061,251.0,368,0.016,0.239,0.13,80.0,74.0,0.589,0.243,0.662,0.095,2912559,0.5,Europe,1848000000.0,1644000000.0,2008-12-01
0.013,0.342,522467.0,United Kingdom,13.0,,208209.0,2690000000000.0,0.09,3875.0,105,0.005,0.784,0.046,82.0,78.0,1.222,0.176,0.661,0.162,61806995,0.808,Europe,46285000000.0,83584000000.0,2008-12-01
0.013,0.407,50326.0,Norway,7.0,,29805.0,454000000000.0,0.09,8626.0,87,0.003,0.906,0.073,83.0,78.0,1.091,0.191,0.661,0.148,4768212,0.785,Europe,5702000000.0,15118000000.0,2008-12-01
0.013,0.645,372564.0,France,7.0,,264803.0,2830000000000.0,0.11,4877.0,132,0.004,0.707,,85.0,78.0,0.927,0.184,0.651,0.165,64371099,0.779,Europe,67779000000.0,50021000000.0,2008-12-01
0.015,0.258,2120.0,Iceland,5.0,,5354.0,16832076487.0,0.093,4959.0,140,0.002,0.91,0.201,83.0,80.0,1.089,0.213,0.668,0.119,317414,0.934,Europe,881000000.0,1103000000.0,2008-12-01
0.017,0.254,43021.0,Ireland,13.0,,14903.0,264000000000.0,0.091,5393.0,76,0.004,0.653,,82.0,78.0,1.16,0.21,0.679,0.111,4489544,0.613,Europe,9967000000.0,10539000000.0,2008-12-01
0.018,0.443,285274.0,Türkiye,6.0,,98502.0,730000000000.0,0.061,628.0,223,0.022,0.344,,77.0,70.0,0.935,0.274,0.657,0.069,70363511,0.696,Europe,26446000000.0,4509000000.0,2008-12-01
0.019,,,Kosovo,,,2216.0,5771473142.0,,,,,,0.138,72.0,67.0,,,,,1747383,,Europe,,,2008-12-01
,,,Isle of Man,,,,,,,,,,,,,,,,,83293,0.52,Europe,,,2009-12-01
,,,Monaco,,,,5557579883.0,0.043,6458.0,,0.003,0.701,,,,0.633,,,,36314,1.0,Europe,,,2009-12-01
,,667.0,Faroe Islands,,,,2198138372.0,,,,,0.752,,84.0,78.0,1.149,,,,49600,0.407,Europe,,,2009-12-01
0.008,0.439,732249.0,Germany,18.0,,313249.0,3300000000000.0,0.118,4727.0,196,0.004,0.79,,83.0,77.0,1.262,0.136,0.659,0.206,81902307,0.741,Europe,47466000000.0,93112000000.0,2009-12-01
0.009,0.259,30590.0,Bosnia and Herzegovina,69.0,,6161.0,17082889410.0,0.099,440.0,422,0.007,0.377,0.079,78.0,73.0,0.845,0.178,0.674,0.148,3853446,0.392,Europe,753000000.0,285000000.0,2009-12-01
0.009,0.423,57411.0,Portugal,5.0,,24152.0,234000000000.0,0.108,2382.0,328,0.003,0.483,,82.0,76.0,1.115,0.153,0.669,0.178,10568247,0.6,Europe,12315000000.0,4604000000.0,2009-12-01
0.009,0.534,62262.0,Austria,25.0,,31963.0,384000000000.0,0.112,5125.0,170,0.004,0.735,,83.0,77.0,1.366,0.15,0.675,0.175,8365275,0.658,Europe,21220000000.0,12767000000.0,2009-12-01
0.01,,517.0,Andorra,,,,,0.062,2762.0,,0.003,0.785,,,,0.821,,,,78659,0.884,Europe,,,2009-12-01
0.01,0.377,6824.0,Latvia,16.0,,4403.0,25875781250.0,0.068,784.0,279,0.009,0.668,0.162,78.0,68.0,1.091,0.141,0.677,0.182,2141669,0.678,Europe,1013000000.0,906000000.0,2009-12-01
0.01,0.566,48676.0,Hungary,4.0,,24859.0,127000000000.0,0.077,977.0,330,0.006,0.62,0.11,78.0,70.0,1.176,0.147,0.687,0.165,10022650,0.684,Europe,6740000000.0,3233000000.0,2009-12-01
0.01,0.34,46127.0,Serbia,13.0,,15177.0,40249472482.0,0.105,577.0,279,0.007,0.381,0.118,76.0,71.0,1.244,0.171,0.692,0.137,7320807,0.552,Europe,989000000.0,1107000000.0,2009-12-01
0.01,0.214,21555.0,Croatia,22.0,,8722.0,62202619240.0,0.078,1095.0,196,0.005,0.506,0.116,80.0,73.0,1.075,0.154,0.672,0.174,4429078,0.573,Europe,9308000000.0,1041000000.0,2009-12-01
0.01,,2497.0,Malta,,,777.0,8099400961.0,0.083,1669.0,,0.006,0.589,0.045,83.0,78.0,0.998,0.159,0.699,0.141,412477,0.945,Europe,1117000000.0,362000000.0,2009-12-01
0.01,0.677,401592.0,Italy,10.0,,164858.0,2109999999999.9998,0.094,3306.0,314,0.004,0.488,0.048,85.0,79.0,1.495,0.14,0.658,0.201,59095365,0.682,Europe,41938000000.0,34399000000.0,2009-12-01
0.01,0.287,41598.0,Switzerland,18.0,,26968.0,509000000000.0,0.11,7277.0,63,0.004,0.813,0.028,84.0,80.0,1.204,0.152,0.681,0.167,7743831,0.736,Europe,16665000000.0,13058000000.0,2009-12-01
0.011,0.572,261813.0,Ukraine,27.0,,114420.0,117000000000.0,0.078,198.0,736,0.011,0.179,0.209,75.0,64.0,1.188,0.139,0.702,0.159,46053300,0.685,Europe,4349000000.0,3751000000.0,2009-12-01
0.011,0.997,60293.0,Belarus,10.0,,26737.0,49208656976.0,0.061,314.0,900,0.005,0.274,0.117,76.0,65.0,1.017,0.148,0.711,0.141,9507000,0.742,Europe,563000000.0,752000000.0,2009-12-01
0.011,0.451,80307.0,Romania,9.0,,34882.0,164000000000.0,0.056,431.0,202,0.013,0.366,0.173,77.0,70.0,1.145,0.15,0.702,0.148,20367487,0.537,Europe,1687000000.0,1769000000.0,2009-12-01
0.011,0.304,42805.0,Bulgaria,18.0,,17512.0,48568714012.0,0.072,463.0,616,0.012,0.45,0.113,77.0,70.0,1.404,0.133,0.686,0.181,7444443,0.72,Europe,4273000000.0,1955000000.0,2009-12-01
0.011,0.475,33890.0,Slovakia,18.0,,16735.0,87239747152.0,0.092,1475.0,257,0.007,0.7,,79.0,71.0,1.013,0.153,0.726,0.121,5386406,0.55,Europe,2539000000.0,2249000000.0,2009-12-01
0.011,0.146,11408.0,North Macedonia,4.0,,2811.0,9313573965.0,0.069,306.0,150,0.01,0.518,0.101,77.0,72.0,0.925,0.178,0.707,0.115,2100558,0.57,Europe,232000000.0,150000000.0,2009-12-01
0.011,0.422,298787.0,Poland,32.0,,94002.0,430999999999.99994,0.072,813.0,395,0.005,0.59,,80.0,72.0,1.173,0.152,0.715,0.134,38151603,0.61,Europe,9843000000.0,7888000000.0,2009-12-01
0.011,0.464,108121.0,Czechia,20.0,,42044.0,197000000000.0,0.08,1498.0,613,0.004,0.644,0.06,80.0,74.0,1.246,0.142,0.708,0.15,10443936,0.733,Europe,7936000000.0,4158000000.0,2009-12-01
0.011,0.367,15310.0,Slovenia,6.0,,7097.0,49208375314.0,0.092,2235.0,260,0.003,0.64,0.059,82.0,76.0,1.027,0.14,0.696,0.165,2039669,0.501,Europe,2735000000.0,1456000000.0,2009-12-01
0.011,0.282,44503.0,Denmark,6.0,,18358.0,311000000000.0,0.115,6464.0,135,0.004,0.868,,81.0,77.0,1.237,0.181,0.656,0.163,5523095,0.867,Europe,5617000000.0,8968000000.0,2009-12-01
0.011,0.477,53168.0,Finland,14.0,,33259.0,239000000000.0,0.092,4121.0,243,0.003,0.825,,83.0,77.0,1.441,0.166,0.666,0.167,5338871,0.834,Europe,4104000000.0,5226000000.0,2009-12-01
0.011,0.467,94902.0,Greece,19.0,,29436.0,321000000000.0,0.1,2861.0,224,0.004,0.424,,83.0,78.0,1.198,0.145,0.667,0.189,11187085,0.759,Europe,14796000000.0,3401000000.0,2009-12-01
0.011,0.2,10249.0,Luxembourg,24.0,,3956.0,49420751774.0,0.08,8127.0,59,0.002,0.873,,83.0,78.0,1.445,0.178,0.682,0.14,497783,0.882,Europe,4148000000.0,3612000000.0,2009-12-01
0.011,0.385,169650.0,Netherlands,8.0,,78175.0,796000000000.0,0.119,5740.0,164,0.004,0.896,0.02,83.0,79.0,1.217,0.177,0.673,0.15,16530388,0.862,Europe,17868000000.0,21080000000.0,2009-12-01
0.011,0.571,288237.0,Spain,47.0,,127732.0,1450000000000.0,0.096,3058.0,213,0.004,0.624,,85.0,79.0,1.116,0.148,0.682,0.17,46362946,0.782,Europe,59743000000.0,22787000000.0,2009-12-01
0.011,,,Liechtenstein,,,,4826167676.0,,,,,0.75,,84.0,80.0,0.976,,,,35851,0.145,Europe,,,2009-12-01
0.011,,,San Marino,,,,,0.051,3548.0,,0.003,0.542,0.057,86.0,80.0,0.976,,,,30698,0.941,Europe,,,2009-12-01
0.012,0.483,1574368.0,Russia,29.0,,646915.0,1220000000000.0,0.062,525.0,320,0.011,0.29,0.153,75.0,63.0,1.601,0.148,0.72,0.133,141909244,0.736,Europe,12369000000.0,23785000000.0,2009-12-01
0.012,0.31,4547.0,Moldova,10.0,,3171.0,5439422031.0,0.125,190.0,228,0.016,0.275,0.205,72.0,65.0,0.593,0.169,0.719,0.112,3565604,0.449,Europe,240000000.0,307000000.0,2009-12-01
0.012,0.436,12578.0,Lithuania,26.0,,8766.0,37050081723.0,0.075,836.0,166,0.006,0.598,0.084,79.0,68.0,1.599,0.154,0.692,0.155,3162916,0.668,Europe,1063000000.0,1170000000.0,2009-12-01
0.012,0.481,14745.0,Estonia,7.0,,4749.0,19406617022.0,0.068,968.0,81,0.004,0.725,0.094,80.0,70.0,1.205,0.153,0.674,0.174,1334515,0.682,Europe,1445000000.0,696000000.0,2009-12-01
0.012,0.263,1822.0,Montenegro,12.0,,994.0,4158135026.0,0.063,424.0,372,0.007,0.351,0.094,77.0,72.0,2.089,0.196,0.679,0.125,619408,0.629,Europe,792000000.0,76000000.0,2009-12-01
0.012,0.206,8141.0,Cyprus,8.0,,2525.0,23542650736.0,0.074,2115.0,149,0.003,0.498,,81.0,77.0,0.896,0.181,0.705,0.114,1090553,0.677,Europe,2474000000.0,1638000000.0,2009-12-01
0.012,0.545,104194.0,Belgium,4.0,,57096.0,473000000000.00006,0.106,4664.0,156,0.004,0.7,0.095,83.0,77.0,1.084,0.168,0.661,0.171,10796493,0.976,Europe,11500000000.0,22292000000.0,2009-12-01
0.012,0.539,43744.0,Sweden,16.0,,45407.0,405999999999.99994,0.099,4357.0,122,0.003,0.91,,83.0,79.0,1.121,0.166,0.655,0.179,9298515,0.849,Europe,10100000000.0,12791000000.0,2009-12-01
0.013,0.37,3880.0,Albania,6.0,,2068.0,12044212904.0,0.06,230.0,368,0.015,0.412,0.127,80.0,74.0,0.782,0.236,0.666,0.098,2884303,0.511,Europe,2014000000.0,1693000000.0,2009-12-01
0.013,0.349,475108.0,United Kingdom,12.0,,196485.0,2210000000000.0,0.099,3512.0,110,0.005,0.836,0.006,82.0,78.0,1.24,0.176,0.66,0.164,62276270,0.81,Europe,38564000000.0,61133000000.0,2009-12-01
0.013,0.648,356924.0,France,7.0,,253469.0,2620000000000.0,0.117,4776.0,132,0.004,0.716,,85.0,78.0,0.921,0.184,0.65,0.166,64702921,0.781,Europe,58857000000.0,45806000000.0,2009-12-01
0.013,0.407,47077.0,Norway,7.0,,29775.0,379000000000.0,0.101,7944.0,87,0.003,0.921,0.043,83.0,79.0,1.107,0.189,0.662,0.149,4828726,0.788,Europe,4949000000.0,13221000000.0,2009-12-01
0.016,0.243,2054.0,Iceland,5.0,,5384.0,12115441517.0,0.097,3696.0,140,0.002,0.93,0.19,84.0,80.0,1.083,0.211,0.669,0.12,318499,0.935,Europe,550000000.0,534000000.0,2009-12-01
0.017,0.255,40623.0,Ireland,13.0,,14364.0,225000000000.0,0.1,5040.0,76,0.004,0.674,,83.0,78.0,1.067,0.212,0.676,0.112,4535375,0.616,Europe,8458000000.0,7934000000.0,2009-12-01
0.018,0.433,277845.0,Türkiye,6.0,,97661.0,615000000000.0,0.067,580.0,223,0.021,0.364,,77.0,70.0,0.881,0.271,0.66,0.069,71241080,0.701,Europe,26331000000.0,5061000000.0,2009-12-01
0.019,0.283,,Kosovo,52.0,,2435.0,5620572910.0,,,163,,,0.141,72.0,68.0,,,,,1761474,,Europe,,,2009-12-01
,,,Isle of Man,,,,,,,,,,,,,,,,,83992,0.52,Europe,,,2010-12-01
,,,Monaco,,,,5350993377.0,0.044,6431.0,,0.003,0.75,,,,0.635,,,,36845,1.0,Europe,,,2010-12-01
,,711.0,Faroe Islands,,,,,,,,,0.752,,84.0,79.0,1.199,,,,49581,0.409,Europe,,,2010-12-01
0.008,0.47,745384.0,Germany,15.0,,329769.0,3300000000000.0,0.115,4668.0,215,0.004,0.82,,83.0,78.0,1.065,0.134,0.658,0.208,81776930,0.743,Europe,49108000000.0,91166000000.0,2010-12-01
0.009,0.376,7616.0,Latvia,16.0,,4644.0,24009680460.0,0.065,742.0,293,0.008,0.684,0.096,78.0,69.0,1.103,0.142,0.675,0.184,2097555,0.677,Europe,963000000.0,771000000.0,2010-12-01
0.009,0.34,45962.0,Serbia,13.0,,15536.0,36990001284.0,0.107,546.0,279,0.007,0.409,0.173,77.0,71.0,1.2530000000000001,0.169,0.694,0.137,7291436,0.552,Europe,951000000.0,1106000000.0,2010-12-01
0.009,0.546,50583.0,Hungary,4.0,,25667.0,128000000000.0,0.08,1026.0,277,0.006,0.65,0.076,78.0,71.0,1.199,0.146,0.686,0.167,10000023,0.689,Europe,6338000000.0,2879000000.0,2010-12-01
0.009,0.222,31125.0,Bosnia and Herzegovina,64.0,,6451.0,16775919279.0,0.098,427.0,422,0.007,0.52,0.079,78.0,73.0,0.809,0.174,0.675,0.151,3845929,0.392,Europe,662000000.0,247000000.0,2010-12-01
0.009,0.532,66897.0,Austria,25.0,,34228.0,378000000000.0,0.116,5272.0,170,0.004,0.752,,83.0,78.0,1.457,0.148,0.674,0.178,8389771,0.659,Europe,20980000000.0,12213000000.0,2010-12-01
0.009,,2589.0,Malta,,,848.0,8163841060.0,0.085,1707.0,,0.006,0.63,0.046,84.0,79.0,1.073,0.156,0.699,0.145,414508,0.947,Europe,1238000000.0,366000000.0,2010-12-01
0.009,,,Liechtenstein,,,,,,,,,0.8,,84.0,80.0,0.983,,,,36120,0.145,Europe,,,2010-12-01
0.009,0.677,406307.0,Italy,6.0,,170239.0,2060000000000.0,0.094,3205.0,285,0.003,0.537,0.04,85.0,80.0,1.548,0.14,0.657,0.203,59277417,0.683,Europe,40058000000.0,33053000000.0,2010-12-01
0.01,,517.0,Andorra,,,,,0.072,2958.0,,0.002,0.81,,,,0.841,,,,77907,0.878,Europe,,,2010-12-01
0.01,0.28,44679.0,Bulgaria,18.0,,17897.0,47726575741.0,0.076,480.0,616,0.011,0.462,0.111,77.0,70.0,1.38,0.133,0.683,0.183,7395599,0.723,Europe,4035000000.0,1382000000.0,2010-12-01
0.01,0.221,20884.0,Croatia,9.0,,8564.0,58873994412.0,0.078,1051.0,196,0.005,0.566,0.104,80.0,74.0,1.1360000000000001,0.153,0.672,0.175,4417781,0.575,Europe,8255000000.0,859000000.0,2010-12-01
0.01,0.426,52361.0,Portugal,5.0,,23541.0,229000000000.0,0.108,2324.0,298,0.003,0.533,,82.0,76.0,1.153,0.151,0.668,0.18,10573100,0.606,Europe,12969000000.0,4691000000.0,2010-12-01
0.01,0.467,86717.0,Greece,19.0,,27615.0,294000000000.0,0.094,2442.0,224,0.004,0.444,,83.0,78.0,1.106,0.145,0.665,0.19,11153454,0.763,Europe,12579000000.0,2874000000.0,2010-12-01
0.01,0.568,269675.0,Spain,47.0,,127749.0,1380000000000.0,0.096,2902.0,197,0.004,0.658,,85.0,79.0,1.113,0.149,0.68,0.171,46576897,0.784,Europe,59042000000.0,22733000000.0,2010-12-01
0.01,0.288,38757.0,Switzerland,18.0,,26199.0,549000000000.0,0.109,7697.0,63,0.004,0.839,0.027,85.0,80.0,1.232,0.151,0.68,0.169,7824909,0.737,Europe,17614000000.0,13528000000.0,2010-12-01
0.011,0.555,304805.0,Ukraine,27.0,,132308.0,135999999999.99998,0.078,231.0,657,0.01,0.233,0.159,76.0,65.0,1.171,0.139,0.703,0.158,45870700,0.687,Europe,4696000000.0,4134000000.0,2010-12-01
0.011,0.805,62222.0,Belarus,10.0,,27686.0,55220932614.0,0.056,323.0,798,0.005,0.318,0.092,77.0,65.0,1.089,0.148,0.712,0.139,9490000,0.746,Europe,665000000.0,748000000.0,2010-12-01
0.011,0.435,78745.0,Romania,9.0,,35031.0,165000000000.0,0.059,457.0,222,0.012,0.399,0.141,77.0,70.0,1.114,0.15,0.701,0.148,20246871,0.538,Europe,1631000000.0,1896000000.0,2010-12-01
0.011,0.474,36094.0,Slovakia,18.0,,17828.0,87077443709.0,0.09,1446.0,257,0.007,0.757,,79.0,72.0,1.09,0.151,0.726,0.123,5391428,0.547,Europe,2335000000.0,2146000000.0,2010-12-01
0.011,0.401,317254.0,Poland,32.0,,101539.0,470000000000.0,0.07,860.0,325,0.005,0.623,,81.0,72.0,1.229,0.15,0.715,0.135,38183683,0.609,Europe,9986000000.0,9100000000.0,2010-12-01
0.011,0.083,10873.0,North Macedonia,3.0,,2883.0,9338674078.0,0.07,309.0,119,0.009,0.519,0.095,77.0,73.0,1.024,0.174,0.709,0.117,2102216,0.57,Europe,209000000.0,141000000.0,2010-12-01
0.011,0.48,111752.0,Czechia,20.0,,44043.0,198000000000.0,0.074,1404.0,557,0.003,0.688,0.059,81.0,74.0,1.226,0.142,0.704,0.154,10474410,0.733,Europe,8017000000.0,4166000000.0,2010-12-01
0.011,0.346,15328.0,Slovenia,6.0,,7230.0,46999407184.0,0.089,2044.0,260,0.003,0.7,,83.0,76.0,1.033,0.14,0.693,0.167,2048583,0.5,Europe,2721000000.0,1377000000.0,2010-12-01
0.011,0.281,46303.0,Denmark,6.0,,19307.0,313000000000.0,0.111,6266.0,135,0.003,0.887,,81.0,77.0,1.157,0.18,0.654,0.167,5547683,0.868,Europe,5704000000.0,9082000000.0,2010-12-01
0.011,0.408,61844.0,Finland,14.0,,36429.0,237000000000.0,0.09,3978.0,243,0.003,0.869,,83.0,77.0,1.563,0.165,0.664,0.171,5363352,0.836,Europe,4510000000.0,5267000000.0,2010-12-01
0.011,0.394,182078.0,Netherlands,8.0,,83426.0,777000000000.0,0.121,5676.0,134,0.004,0.907,0.018,83.0,79.0,1.154,0.175,0.671,0.154,16615394,0.871,Europe,18690000000.0,19772000000.0,2010-12-01
0.011,,,San Marino,,,,,0.053,3319.0,,0.003,,0.054,86.0,80.0,0.991,,,,30861,0.941,Europe,,,2010-12-01
0.012,0.304,4855.0,Moldova,10.0,,3426.0,5811604052.0,0.117,190.0,228,0.015,0.323,0.164,72.0,65.0,0.714,0.167,0.722,0.112,3562045,0.449,Europe,232000000.0,324000000.0,2010-12-01
0.012,0.451,13561.0,Lithuania,22.0,,7052.0,36709511568.0,0.07,782.0,175,0.006,0.621,0.06,79.0,68.0,1.5939999999999999,0.152,0.693,0.155,3097282,0.668,Europe,1034000000.0,936000000.0,2010-12-01
0.012,0.486,18339.0,Estonia,7.0,,5568.0,19033475893.0,0.063,894.0,81,0.004,0.741,0.078,81.0,71.0,1.2730000000000001,0.154,0.671,0.175,1331475,0.681,Europe,1412000000.0,723000000.0,2010-12-01
0.012,0.254,2582.0,Montenegro,10.0,,1174.0,4114881347.0,0.072,476.0,372,0.006,0.375,0.095,77.0,72.0,1.887,0.195,0.681,0.125,620078,0.631,Europe,765000000.0,72000000.0,2010-12-01
0.012,0.223,7708.0,Cyprus,8.0,,2443.0,23132450331.0,0.074,2012.0,149,0.003,0.53,,81.0,77.0,0.937,0.178,0.707,0.116,1103685,0.676,Europe,2371000000.0,1457000000.0,2010-12-01
0.012,0.567,108947.0,Belgium,4.0,,60892.0,471000000000.0,0.105,4570.0,156,0.004,0.75,,83.0,78.0,1.111,0.168,0.661,0.172,10920272,0.976,Europe,11624000000.0,20876000000.0,2010-12-01
0.012,0.2,10829.0,Luxembourg,19.0,,4220.0,52053324635.0,0.072,7592.0,59,0.002,0.906,,84.0,78.0,1.431,0.176,0.684,0.14,506953,0.885,Europe,4115000000.0,3549000000.0,2010-12-01
0.012,0.52,52515.0,Sweden,16.0,,51315.0,463000000000.0,0.095,4694.0,122,0.003,0.9,,84.0,80.0,1.172,0.165,0.653,0.182,9378126,0.851,Europe,10991000000.0,14912000000.0,2010-12-01
0.013,0.465,1740776.0,Russia,29.0,,702292.0,1520000000000.0,0.063,669.0,320,0.01,0.43,0.108,75.0,63.0,1.655,0.149,0.72,0.131,142385523,0.737,Europe,13239000000.0,30169000000.0,2010-12-01
0.013,0.331,4283.0,Albania,6.0,,2059.0,11926953259.0,0.055,207.0,360,0.015,0.45,0.128,80.0,74.0,0.855,0.228,0.671,0.101,2856673,0.522,Europe,1780000000.0,1454000000.0,2010-12-01
0.013,0.648,361273.0,France,7.0,,261157.0,2570000000000.0,0.117,4634.0,132,0.004,0.773,,85.0,78.0,0.914,0.184,0.648,0.168,65023142,0.783,Europe,56139000000.0,46157000000.0,2010-12-01
0.013,0.361,493505.0,United Kingdom,12.0,,201829.0,2300000000000.0,0.096,3489.0,110,0.004,0.85,0.005,82.0,79.0,1.236,0.176,0.659,0.166,62766365,0.813,Europe,40746000000.0,61368000000.0,2010-12-01
0.013,0.407,57187.0,Norway,7.0,,32338.0,421000000000.0,0.1,8694.0,87,0.003,0.934,,83.0,79.0,1.145,0.188,0.662,0.15,4889252,0.791,Europe,5299000000.0,14658000000.0,2010-12-01
0.015,0.261,1962.0,Iceland,5.0,,5369.0,12564705489.0,0.094,3730.0,140,0.002,0.934,0.103,84.0,80.0,1.072,0.209,0.669,0.121,318041,0.936,Europe,562000000.0,599000000.0,2010-12-01
0.017,0.253,40000.0,Ireland,13.0,,14219.0,209000000000.0,0.093,4320.0,76,0.004,0.699,,83.0,79.0,1.052,0.213,0.673,0.113,4560155,0.618,Europe,8187000000.0,7178000000.0,2010-12-01
0.018,0.433,298002.0,Türkiye,6.0,,105133.0,731000000000.0,0.068,680.0,226,0.02,0.398,,78.0,71.0,0.856,0.267,0.662,0.071,72137546,0.707,Europe,26318000000.0,5817000000.0,2010-12-01
0.019,0.165,,Kosovo,58.0,,2496.0,5740438192.0,,,163,,,0.143,72.0,68.0,,0.275,0.659,0.067,1775680,,Europe,,,2010-12-01
,,,Isle of Man,,,,,,,,,,,,,,,,,84654,0.52,Europe,,,2011-12-01
,,,Andorra,,,,,0.072,3053.0,,0.002,0.81,,,,0.835,,,,77865,0.873,Europe,,,2011-12-01
,,,Monaco,,,,6074506533.0,0.044,7180.0,,0.003,0.803,,,,0.853,,,,37261,1.0,Europe,,,2011-12-01
0.008,0.456,,Germany,15.0,,311770.0,3630000000000.0,0.113,4996.0,221,0.003,0.813,,83.0,78.0,1.097,0.133,0.657,0.21,81797673,0.745,Europe,53399000000.0,,2011-12-01
0.009,0.371,,Latvia,16.0,,4371.0,28480338368.0,0.06,826.0,290,0.008,0.697,0.064,79.0,69.0,1.114,0.143,0.672,0.185,2059709,0.676,Europe,1102000000.0,920000000.0,2011-12-01
0.009,0.52,,Hungary,4.0,,24964.0,137000000000.00002,0.079,1096.0,277,0.006,0.68,0.083,79.0,71.0,1.169,0.146,0.685,0.169,9971727,0.693,Europe,6929000000.0,3028000000.0,2011-12-01
0.009,0.34,,Serbia,13.0,,16185.0,43749934551.0,0.103,622.0,279,0.006,0.422,0.172,77.0,72.0,1.302,0.167,0.695,0.138,7234099,0.553,Europe,1149000000.0,1263000000.0,2011-12-01
0.009,0.237,,Bosnia and Herzegovina,40.0,,7095.0,18252896439.0,0.099,471.0,422,0.006,0.6,0.074,79.0,73.0,0.826,0.169,0.678,0.153,3839322,0.393,Europe,734000000.0,238000000.0,2011-12-01
0.009,0.427,,Portugal,4.0,,23084.0,238000000000.0,0.102,2302.0,275,0.003,0.552,,84.0,77.0,1.164,0.15,0.667,0.182,10557560,0.612,Europe,14882000000.0,4948000000.0,2011-12-01
0.009,0.523,,Austria,25.0,,33019.0,416000000000.0,0.113,5643.0,170,0.003,0.787,,84.0,78.0,1.544,0.146,0.673,0.181,8406187,0.659,Europe,22453000000.0,12920000000.0,2011-12-01
0.009,0.677,,Italy,6.0,,167416.0,2200000000000.0,0.092,3339.0,285,0.003,0.544,0.046,85.0,80.0,1.581,0.14,0.654,0.205,59379449,0.684,Europe,45368000000.0,35724000000.0,2011-12-01
0.01,0.431,,Romania,14.0,,35830.0,183000000000.0,0.056,480.0,222,0.012,0.4,0.121,78.0,71.0,1.074,0.15,0.701,0.149,20147528,0.54,Europe,2018000000.0,2295000000.0,2011-12-01
0.01,0.272,,Bulgaria,18.0,,19216.0,53542780661.0,0.073,522.0,500,0.011,0.48,0.106,78.0,71.0,1.428,0.134,0.68,0.186,7348328,0.726,Europe,4554000000.0,1498000000.0,2011-12-01
0.01,0.395,,Poland,32.0,,101313.0,516000000000.0,0.068,915.0,296,0.005,0.619,,81.0,73.0,1.313,0.149,0.713,0.137,38534157,0.608,Europe,11598000000.0,8882000000.0,2011-12-01
0.01,0.219,,Croatia,8.0,,8439.0,61520901516.0,0.068,992.0,196,0.004,0.578,0.097,80.0,74.0,1.183,0.151,0.671,0.177,4280622,0.578,Europe,9638000000.0,919000000.0,2011-12-01
0.01,0.481,,Czechia,20.0,,43429.0,216000000000.0,0.075,1545.0,557,0.003,0.705,0.057,81.0,75.0,1.241,0.143,0.699,0.158,10496088,0.732,Europe,8503000000.0,4660000000.0,2011-12-01
0.01,0.459,,Greece,11.0,,26723.0,290000000000.0,0.09,2304.0,224,0.004,0.516,,84.0,78.0,1.091,0.146,0.663,0.192,11123213,0.766,Europe,14984000000.0,3197000000.0,2011-12-01
0.01,0.41,,Malta,40.0,,857.0,9302057270.0,0.087,1900.0,139,0.005,0.68,0.047,83.0,79.0,1.224,0.153,0.697,0.15,416268,0.948,Europe,1465000000.0,401000000.0,2011-12-01
0.01,,,San Marino,,,,,0.055,3553.0,,0.003,0.496,0.059,86.0,80.0,1.142,,,,31048,0.941,Europe,,,2011-12-01
0.01,0.387,,Spain,28.0,,125570.0,1450000000000.0,0.093,2978.0,187,0.004,0.676,,86.0,80.0,1.131,0.151,0.677,0.173,46742697,0.787,Europe,67698000000.0,23583000000.0,2011-12-01
0.01,0.289,,Switzerland,18.0,,25375.0,659000000000.0,0.11,9248.0,63,0.004,0.852,0.027,85.0,81.0,1.274,0.149,0.679,0.172,7912398,0.737,Europe,20640000000.0,16612000000.0,2011-12-01
0.011,0.571,,Ukraine,24.0,,126438.0,163000000000.0,0.073,262.0,657,0.01,0.287,0.159,76.0,66.0,1.213,0.14,0.704,0.156,45706100,0.689,Europe,5406000000.0,4829000000.0,2011-12-01
0.011,0.431,,Lithuania,22.0,,7287.0,43083067994.0,0.067,887.0,175,0.005,0.636,,79.0,68.0,1.6219999999999999,0.151,0.693,0.155,3028115,0.667,Europe,1417000000.0,874000000.0,2011-12-01
0.011,0.576,,Estonia,7.0,,5603.0,22542967739.0,0.058,928.0,81,0.003,0.765,0.061,81.0,71.0,1.439,0.155,0.668,0.176,1327439,0.68,Europe,1683000000.0,939000000.0,2011-12-01
0.011,0.476,,Slovakia,18.0,,17349.0,95877536836.0,0.079,1415.0,231,0.007,0.744,,80.0,72.0,1.1,0.15,0.725,0.125,5398384,0.544,Europe,2514000000.0,2449000000.0,2011-12-01
0.011,0.084,,North Macedonia,3.0,,3122.0,10395222334.0,0.069,344.0,119,0.008,0.567,0.089,77.0,73.0,1.052,0.171,0.71,0.118,2103890,0.57,Europe,242000000.0,159000000.0,2011-12-01
0.011,0.339,,Slovenia,6.0,,7249.0,50250147802.0,0.089,2171.0,260,0.003,0.673,,83.0,77.0,1.052,0.141,0.691,0.169,2052843,0.499,Europe,2953000000.0,1315000000.0,2011-12-01
0.011,0.39,,Finland,14.0,,34749.0,262000000000.0,0.09,4411.0,93,0.002,0.887,,84.0,77.0,1.659,0.164,0.659,0.177,5388272,0.837,Europe,5591000000.0,6009000000.0,2011-12-01
0.011,0.264,,Denmark,6.0,,17997.0,334000000000.0,0.109,6521.0,135,0.003,0.898,,82.0,78.0,1.287,0.178,0.651,0.171,5570572,0.87,Europe,6366000000.0,9840000000.0,2011-12-01
0.011,0.396,,Netherlands,8.0,,77419.0,833000000000.0,0.119,5997.0,127,0.004,0.914,0.02,83.0,79.0,1.19,0.173,0.667,0.159,16693074,0.878,Europe,20970000000.0,20884000000.0,2011-12-01
0.011,0.198,,Luxembourg,19.0,,4171.0,58009863403.0,0.067,7751.0,59,0.002,0.9,,84.0,79.0,1.482,0.175,0.685,0.14,518347,0.889,Europe,4825000000.0,3822000000.0,2011-12-01
0.011,,,Liechtenstein,,,,,,,,,0.85,,84.0,80.0,1.016,,,,36388,0.144,Europe,,,2011-12-01
0.012,0.308,,Moldova,9.0,,3331.0,7016162818.0,0.114,224.0,228,0.014,0.38,0.144,73.0,65.0,0.908,0.165,0.723,0.112,3559986,0.449,Europe,262000000.0,374000000.0,2011-12-01
0.012,0.623,,Belarus,10.0,,29501.0,59734593905.0,0.049,311.0,654,0.004,0.396,0.136,77.0,65.0,1.1320000000000001,0.149,0.712,0.138,9473000,0.75,Europe,747000000.0,729000000.0,2011-12-01
0.012,0.209,,Montenegro,10.0,,1179.0,4501753898.0,0.072,522.0,372,0.006,0.356,0.097,77.0,72.0,1.8679999999999999,0.193,0.682,0.126,620644,0.633,Europe,926000000.0,70000000.0,2011-12-01
0.012,0.22,,Cyprus,8.0,,2368.0,24851264943.0,0.074,2123.0,149,0.003,0.569,,82.0,77.0,0.977,0.174,0.708,0.118,1116513,0.674,Europe,2751000000.0,1721000000.0,2011-12-01
0.012,0.57,,Belgium,4.0,,59094.0,513000000000.0,0.105,4914.0,156,0.004,0.816,,83.0,78.0,1.135,0.168,0.658,0.174,11047744,0.977,Europe,13008000000.0,24215000000.0,2011-12-01
0.012,,,Faroe Islands,,,,,,,,,0.807,,84.0,79.0,1.18,,,,49551,0.411,Europe,,,2011-12-01
0.012,0.407,,Norway,7.0,,28137.0,491000000000.0,0.099,9908.0,87,0.003,0.935,,84.0,79.0,1.158,0.187,0.661,0.152,4953088,0.794,Europe,6301000000.0,16833000000.0,2011-12-01
0.012,0.52,,Sweden,16.0,,49045.0,536000000000.00006,0.095,5419.0,122,0.002,0.928,,84.0,80.0,1.212,0.166,0.649,0.185,9449213,0.852,Europe,12777000000.0,17187000000.0,2011-12-01
0.013,0.469,,Russia,29.0,,730970.0,1900000000000.0,0.061,803.0,290,0.01,0.49,0.085,76.0,64.0,1.42,0.151,0.718,0.13,142956460,0.737,Europe,16961000000.0,37343000000.0,2011-12-01
0.013,0.315,,Albania,6.0,,2173.0,12890867763.0,0.06,243.0,371,0.014,0.49,0.124,80.0,74.0,0.983,0.221,0.676,0.103,2829337,0.532,Europe,1833000000.0,1678000000.0,2011-12-01
0.013,0.361,,United Kingdom,12.0,,188074.0,2460000000000.0,0.094,3659.0,110,0.004,0.854,0.005,83.0,79.0,1.236,0.175,0.656,0.169,63258918,0.816,Europe,45940000000.0,64627000000.0,2011-12-01
0.013,0.647,,France,7.0,,252827.0,2780000000000.0005,0.116,4968.0,132,0.004,0.778,,86.0,79.0,0.941,0.183,0.646,0.171,65343588,0.786,Europe,65959000000.0,53914000000.0,2011-12-01
0.014,0.296,,Iceland,5.0,,5731.0,14042801904.0,0.092,4051.0,140,0.002,0.948,0.077,84.0,81.0,1.068,0.208,0.669,0.123,319014,0.937,Europe,751000000.0,740000000.0,2011-12-01
0.016,0.254,,Ireland,13.0,,13216.0,225999999999.99997,0.088,4306.0,76,0.003,0.749,,83.0,79.0,1.085,0.215,0.67,0.115,4576794,0.621,Europe,9526000000.0,6837000000.0,2011-12-01
0.017,0.4,,Türkiye,6.0,,112459.0,775000000000.0,0.061,644.0,226,0.019,0.431,,78.0,71.0,0.894,0.264,0.665,0.072,73058638,0.713,Europe,30093000000.0,5372000000.0,2011-12-01
0.018,0.154,,Kosovo,58.0,,2528.0,6630214452.0,,,164,,,0.139,72.0,68.0,,,,,1790957,,Europe,,,2011-12-01
,,,Isle of Man,,,,,,,,,,,,,,,,,85284,0.52,Europe,,,2012-12-01
,,,Monaco,,,,,0.044,6708.0,,0.003,0.87,,,,0.883,,,,37579,1.0,Europe,,,2012-12-01
0.008,0.459,,Germany,15.0,19,307381.0,3430000000000.0,0.113,4683.0,207,0.003,0.823,,83.0,79.0,1.116,0.132,0.657,0.211,80425823,0.747,Europe,51581000000.0,96361000000.0,2012-12-01
0.009,0.495,,Hungary,5.0,52,23499.0,125000000000.0,0.078,987.0,277,0.005,0.706,0.09,79.0,72.0,1.161,0.146,0.683,0.17,9920362,0.698,Europe,5923000000.0,2514000000.0,2012-12-01
0.009,0.34,,Serbia,12.0,87,,38110737579.0,0.105,561.0,279,0.006,0.481,0.182,78.0,73.0,1.178,0.165,0.695,0.14,7199077,0.553,Europe,1066000000.0,1176000000.0,2012-12-01
0.009,0.237,,Bosnia and Herzegovina,37.0,130,,16853238733.0,0.099,447.0,407,0.006,0.654,0.069,79.0,74.0,0.876,0.163,0.682,0.155,3833916,0.394,Europe,665000000.0,194000000.0,2012-12-01
0.009,0.42,,Portugal,4.0,29,21949.0,212000000000.0,0.094,1905.0,275,0.003,0.603,,84.0,77.0,1.1400000000000001,0.149,0.666,0.185,10514844,0.618,Europe,14559000000.0,4490000000.0,2012-12-01
0.009,0.441,,Greece,12.0,89,25991.0,248000000000.0,0.093,2044.0,202,0.004,0.551,,83.0,78.0,1.201,0.146,0.66,0.194,11092771,0.77,Europe,13313000000.0,2392000000.0,2012-12-01
0.009,0.524,,Austria,25.0,28,32896.0,394000000000.0,0.115,5407.0,170,0.003,0.8,,84.0,78.0,1.605,0.145,0.672,0.182,8429991,0.659,Europe,21446000000.0,12352000000.0,2012-12-01
0.009,0.677,,Italy,6.0,67,158616.0,2009999999999.9998,0.092,3032.0,269,0.003,0.558,0.052,86.0,80.0,1.597,0.14,0.651,0.208,59539717,0.686,Europe,43036000000.0,32798000000.0,2012-12-01
0.01,,,Andorra,,,,,0.083,3057.0,,0.002,0.864,,,,0.815,,,,78360,0.867,Europe,,,2012-12-01
0.01,0.422,,San Marino,40.0,74,,,0.065,3792.0,52,0.003,0.509,,,,1.152,,,,31247,0.941,Europe,,,2012-12-01
0.01,0.43,,Lithuania,20.0,25,,42343559196.0,0.067,859.0,175,0.005,0.672,,80.0,68.0,1.651,0.151,0.693,0.156,2987773,0.666,Europe,1430000000.0,1058000000.0,2012-12-01
0.01,0.359,,Latvia,16.0,24,,28372577697.0,0.06,792.0,264,0.008,0.731,0.055,79.0,69.0,1.121,0.146,0.669,0.185,2034319,0.675,Europe,1068000000.0,863000000.0,2012-12-01
0.01,0.429,,Romania,10.0,73,,169000000000.0,0.051,420.0,216,0.011,0.459,0.113,78.0,71.0,1.05,0.15,0.7,0.15,20076727,0.541,Europe,1919000000.0,2112000000.0,2012-12-01
0.01,0.277,,Bulgaria,18.0,57,,51303659418.0,0.074,516.0,454,0.011,0.519,0.097,78.0,71.0,1.4809999999999999,0.135,0.675,0.189,7305888,0.73,Europe,4202000000.0,1475000000.0,2012-12-01
0.01,0.471,,Slovakia,14.0,43,16676.0,91347809328.0,0.078,1326.0,207,0.006,0.767,,80.0,73.0,1.119,0.15,0.723,0.127,5407579,0.542,Europe,2365000000.0,2307000000.0,2012-12-01
0.01,0.398,,Poland,32.0,48,96543.0,490000000000.00006,0.067,854.0,286,0.005,0.623,,81.0,73.0,1.415,0.149,0.71,0.14,38535873,0.607,Europe,11835000000.0,9038000000.0,2012-12-01
0.01,0.218,,Croatia,8.0,88,,56155732957.0,0.068,908.0,196,0.004,0.619,0.095,80.0,74.0,1.154,0.15,0.67,0.18,4267558,0.581,Europe,8865000000.0,962000000.0,2012-12-01
0.01,0.481,,Czechia,20.0,68,42823.0,196000000000.0,0.077,1432.0,413,0.003,0.734,0.054,81.0,75.0,1.268,0.146,0.692,0.162,10510785,0.731,Europe,7758000000.0,4379000000.0,2012-12-01
0.01,0.27,,Denmark,6.0,5,17041.0,315000000000.0,0.112,6304.0,130,0.003,0.923,,82.0,78.0,1.303,0.177,0.649,0.175,5591572,0.871,Europe,6135000000.0,9600000000.0,2012-12-01
0.01,0.409,,Malta,40.0,100,,8863076923.0,0.091,1835.0,139,0.005,0.682,0.047,83.0,79.0,1.244,0.15,0.694,0.156,419455,0.95,Europe,1451000000.0,408000000.0,2012-12-01
0.01,,,Liechtenstein,,,,,,,,,0.894,,85.0,80.0,0.974,,,,36656,0.144,Europe,,,2012-12-01
0.01,0.387,,Spain,28.0,46,124679.0,1320000000000.0,0.096,2808.0,167,0.004,0.698,,85.0,80.0,1.084,0.152,0.673,0.175,46761264,0.789,Europe,63198000000.0,21749000000.0,2012-12-01
0.01,0.291,,Switzerland,18.0,27,25500.0,631000000000.0,0.113,8980.0,63,0.004,0.852,0.027,85.0,81.0,1.321,0.148,0.678,0.174,7996861,0.737,Europe,19439000000.0,16675000000.0,2012-12-01
0.011,0.554,,Ukraine,22.0,140,,177000000000.0,0.076,293.0,491,0.009,0.353,0.184,76.0,66.0,1.303,0.142,0.705,0.153,45593300,0.691,Europe,5988000000.0,5536000000.0,2012-12-01
0.011,0.664,,Estonia,7.0,21,5721.0,22376042498.0,0.059,1010.0,81,0.003,0.784,0.057,82.0,72.0,1.604,0.157,0.665,0.178,1325016,0.678,Europe,1588000000.0,958000000.0,2012-12-01
0.011,0.082,,North Macedonia,2.0,36,,9576482628.0,0.071,327.0,119,0.007,0.574,0.085,77.0,73.0,1.062,0.169,0.711,0.12,2105575,0.57,Europe,237000000.0,153000000.0,2012-12-01
0.011,0.339,,Slovenia,6.0,31,7143.0,45379174408.0,0.088,1942.0,260,0.002,0.683,,83.0,77.0,1.084,0.142,0.688,0.171,2057159,0.499,Europe,2841000000.0,1085000000.0,2012-12-01
0.011,0.576,,Belgium,4.0,32,57286.0,483000000000.0,0.108,4711.0,156,0.004,0.807,,83.0,78.0,1.113,0.169,0.655,0.176,11128246,0.977,Europe,12659000000.0,23784000000.0,2012-12-01
0.011,0.406,,Finland,14.0,12,33475.0,246999999999.99997,0.091,4232.0,93,0.002,0.899,,84.0,78.0,1.7229999999999999,0.164,0.653,0.183,5413971,0.838,Europe,5415000000.0,5839000000.0,2012-12-01
0.011,0.392,,Netherlands,5.0,30,78220.0,770000000000.0,0.124,5737.0,127,0.004,0.929,0.016,83.0,79.0,1.18,0.172,0.663,0.164,16754962,0.886,Europe,20527000000.0,20346000000.0,2012-12-01
0.011,0.2,,Luxembourg,19.0,56,4080.0,55143457330.0,0.069,7452.0,59,0.002,0.919,,84.0,79.0,1.454,0.175,0.685,0.141,530946,0.892,Europe,4613000000.0,3582000000.0,2012-12-01
0.012,0.308,,Moldova,9.0,86,,7284686576.0,0.117,239.0,220,0.014,0.434,0.134,73.0,65.0,1.02,0.165,0.722,0.112,3559519,0.449,Europe,294000000.0,420000000.0,2012-12-01
0.012,0.605,,Belarus,10.0,64,,63615445567.0,0.05,339.0,338,0.004,0.469,0.195,78.0,67.0,1.135,0.151,0.711,0.138,9464000,0.755,Europe,986000000.0,781000000.0,2012-12-01
0.012,0.209,,Montenegro,10.0,50,,4045813953.0,0.076,493.0,320,0.005,0.568,0.096,77.0,72.0,1.595,0.19,0.682,0.128,621081,0.635,Europe,860000000.0,67000000.0,2012-12-01
0.012,0.222,,Cyprus,8.0,38,,22766912960.0,0.073,1949.0,147,0.003,0.607,,82.0,78.0,0.984,0.172,0.708,0.12,1128994,0.673,Europe,2709000000.0,1637000000.0,2012-12-01
0.012,0.407,,Norway,7.0,7,29818.0,500000000000.0,0.09,9055.0,87,0.002,0.946,,84.0,80.0,1.167,0.186,0.659,0.155,5018573,0.797,Europe,5353000000.0,17559000000.0,2012-12-01
0.012,0.52,,Sweden,16.0,14,48877.0,524000000000.0,0.096,5319.0,122,0.002,0.932,,84.0,80.0,1.246,0.167,0.644,0.189,9519374,0.854,Europe,12415000000.0,17664000000.0,2012-12-01
0.013,0.541,,Russia,18.0,111,,2020000000000.0,0.063,887.0,177,0.009,0.638,0.091,76.0,65.0,1.453,0.154,0.716,0.13,143178000,0.738,Europe,17876000000.0,48096000000.0,2012-12-01
0.013,0.32,,Albania,5.0,82,,12344532541.0,0.06,228.0,357,0.014,0.547,0.109,80.0,74.0,1.107,0.213,0.681,0.106,2801681,0.543,Europe,1623000000.0,1374000000.0,2012-12-01
0.013,0.647,,France,7.0,35,251706.0,2610000000000.0,0.117,4690.0,132,0.004,0.814,,86.0,79.0,0.974,0.183,0.643,0.175,65676758,0.788,Europe,63530000000.0,47159000000.0,2012-12-01
0.013,0.35,,United Kingdom,12.0,11,192381.0,2460000000000.0,0.094,3647.0,110,0.004,0.875,0.005,84.0,80.0,1.248,0.175,0.653,0.172,63695687,0.818,Europe,45966000000.0,66182000000.0,2012-12-01
0.013,,,Faroe Islands,,,,,,,,,0.853,,85.0,80.0,1.186,,,,49506,0.413,Europe,,,2012-12-01
0.014,0.306,,Iceland,5.0,13,6021.0,13586213061.0,0.091,3872.0,140,0.002,0.962,0.083,84.0,82.0,1.081,0.207,0.667,0.126,320716,0.938,Europe,865000000.0,780000000.0,2012-12-01
0.016,0.255,,Ireland,10.0,15,13350.0,211000000000.0,0.081,3708.0,80,0.003,0.769,,83.0,79.0,1.072,0.215,0.667,0.118,4586897,0.624,Europe,9064000000.0,6001000000.0,2012-12-01
0.017,0.4,,Türkiye,6.0,72,115701.0,789000000000.0,0.063,665.0,226,0.017,0.451,,78.0,72.0,0.915,0.26,0.667,0.073,73997128,0.718,Europe,32249000000.0,4604000000.0,2012-12-01
0.018,0.154,,Kosovo,52.0,96,,6445460830.0,,,164,,,0.129,73.0,68.0,,,,,1807106,,Europe,,,2012-12-01
0.014,0.354,16245.0,Lebanon,46.0,,5023.0,21287562189.0,0.078,420.0,180,0.012,0.101,0.106,79.0,75.0,0.249,0.279,0.646,0.075,3986865,0.866,Middle East,5969000000.0,3565000000.0,2005-12-01
0.015,,51881.0,Qatar,,,16638.0,44530493222.0,0.03,1634.0,,0.009,0.247,0.067,78.0,77.0,0.873,0.237,0.749,0.014,821159,0.974,Middle East,760000000.0,1759000000.0,2005-12-01
0.016,0.144,116149.0,United Arab Emirates,19.0,,43231.0,181000000000.0,0.023,1030.0,12,0.008,0.4,,77.0,75.0,1.093,0.2,0.791,0.008,4148883,0.823,Middle East,3218000000.0,6186000000.0,2005-12-01
0.018,0.442,469328.0,Iran,28.0,,172442.0,192000000000.0,0.053,156.0,344,0.022,0.081,0.16,73.0,70.0,0.121,0.258,0.693,0.049,70152384,0.676,Middle East,1025000000.0,4112000000.0,2005-12-01
0.019,,19208.0,Bahrain,,,7332.0,15969151306.0,0.037,573.0,,0.009,0.213,0.078,76.0,75.0,0.872,0.269,0.709,0.022,879534,0.884,Middle East,1603000000.0,574000000.0,2005-12-01
0.021,0.107,71547.0,Kuwait,35.0,,26399.0,80797945205.0,0.024,834.0,98,0.01,0.259,0.075,75.0,73.0,0.602,0.255,0.712,0.033,2296314,0.982,Middle East,413000000.0,4997000000.0,2005-12-01
0.021,0.391,60245.0,Israel,20.0,,18478.0,134000000000.00002,0.077,1480.0,230,0.005,0.252,0.068,82.0,78.0,1.175,0.279,0.621,0.1,6930100,0.915,Middle East,3427000000.0,3780000000.0,2005-12-01
0.022,0.195,29893.0,Oman,35.0,,10772.0,30905071771.0,0.026,331.0,52,0.011,0.067,0.071,77.0,72.0,0.529,0.351,0.624,0.025,2522325,0.724,Middle East,627000000.0,863000000.0,2005-12-01
0.023,0.145,397642.0,Saudi Arabia,67.0,,145540.0,328000000000.0,0.035,466.0,69,0.017,0.127,,76.0,72.0,0.574,0.343,0.626,0.031,24690067,0.81,Middle East,4626000000.0,9087000000.0,2005-12-01
0.027,0.433,50634.0,Syria,43.0,,20792.0,28858965517.0,0.041,63.0,336,0.016,0.056,0.08,77.0,73.0,0.162,0.386,0.58,0.034,18167367,0.538,Middle East,2035000000.0,584000000.0,2005-12-01
0.03,0.311,21027.0,Jordan,16.0,,6677.0,12582876895.0,0.089,213.0,136,0.02,0.129,0.076,74.0,71.0,0.599,0.379,0.589,0.032,5411000,0.812,Middle East,1759000000.0,653000000.0,2005-12-01
0.034,0.242,114770.0,Iraq,32.0,,26866.0,49954890353.0,0.041,55.0,312,0.033,0.009,0.137,72.0,67.0,0.056,0.419,0.546,0.035,27377045,0.688,Middle East,186000000.0,627000000.0,2005-12-01
0.035,1.952,20044.0,Yemen,63.0,,6589.0,16753787028.0,0.046,42.0,248,0.056,0.01,0.18,63.0,60.0,0.113,0.457,0.517,0.026,20139661,0.289,Middle East,181000000.0,224000000.0,2005-12-01
0.014,0.354,14499.0,Lebanon,46.0,,4774.0,21796351575.0,0.081,443.0,180,0.011,0.15,0.103,80.0,76.0,0.271,0.274,0.65,0.076,4079823,0.867,Middle East,5457000000.0,3783000000.0,2006-12-01
0.014,,56736.0,Qatar,,,19606.0,60882141103.0,0.026,1625.0,,0.009,0.29,0.072,78.0,77.0,0.951,0.21,0.778,0.013,967602,0.978,Middle East,874000000.0,3751000000.0,2006-12-01
0.016,0.144,123875.0,United Arab Emirates,19.0,,45911.0,222000000000.00003,0.023,1109.0,12,0.008,0.52,,77.0,75.0,1.1320000000000001,0.18,0.813,0.007,4875639,0.826,Middle East,4972000000.0,8827000000.0,2006-12-01
0.018,0.442,509889.0,Iran,28.0,,180242.0,223000000000.0,0.051,174.0,344,0.021,0.088,0.14,74.0,70.0,0.217,0.249,0.701,0.05,70976584,0.682,Middle East,1464000000.0,5066000000.0,2006-12-01
0.018,,19497.0,Bahrain,,,8093.0,18505250857.0,0.036,599.0,,0.009,0.282,0.08,76.0,75.0,0.954,0.252,0.727,0.022,950951,0.884,Middle East,1786000000.0,639000000.0,2006-12-01
0.021,0.107,73769.0,Kuwait,35.0,,25780.0,102000000000.0,0.022,943.0,98,0.01,0.288,0.086,75.0,73.0,0.488,0.255,0.715,0.031,2417445,0.982,Middle East,508000000.0,6074000000.0,2006-12-01
0.021,0.382,65977.0,Israel,20.0,,20380.0,151000000000.0,0.074,1524.0,230,0.004,0.279,0.081,83.0,88.0,1.2429999999999999,0.277,0.622,0.101,7053700,0.916,Middle East,3802000000.0,4085000000.0,2006-12-01
0.022,0.203,39604.0,Oman,35.0,,15183.0,36803641389.0,0.023,346.0,52,0.011,0.083,0.074,77.0,73.0,0.712,0.34,0.635,0.025,2554905,0.73,Middle East,749000000.0,894000000.0,2006-12-01
0.023,0.145,432739.0,Saudi Arabia,42.0,,158214.0,377000000000.0,0.037,537.0,79,0.016,0.195,,76.0,72.0,0.776,0.335,0.634,0.03,25371936,0.812,Middle East,4769000000.0,12979000000.0,2006-12-01
0.027,0.433,53590.0,Syria,43.0,,21630.0,33332844575.0,0.038,66.0,336,0.015,0.078,0.08,77.0,73.0,0.249,0.38,0.585,0.034,18804914,0.542,Middle East,2113000000.0,585000000.0,2006-12-01
0.03,0.311,20733.0,Jordan,16.0,,6853.0,15056937190.0,0.081,224.0,136,0.02,0.139,0.082,74.0,71.0,0.8,0.374,0.594,0.032,5536000,0.814,Middle East,2426000000.0,956000000.0,2006-12-01
0.034,0.278,99544.0,Iraq,32.0,,21503.0,65141035028.0,0.03,58.0,312,0.033,0.01,0.145,72.0,66.0,0.333,0.418,0.547,0.034,28064095,0.688,Middle East,170000000.0,526000000.0,2006-12-01
0.035,0.479,20796.0,Yemen,63.0,,7054.0,19081726103.0,0.048,52.0,248,0.054,0.012,0.18,63.0,60.0,0.144,0.449,0.524,0.026,20661714,0.295,Middle East,181000000.0,225000000.0,2006-12-01
0.013,0.354,14972.0,Lebanon,46.0,,4206.0,24577114428.0,0.08,480.0,180,0.011,0.187,0.103,80.0,76.0,0.304,0.266,0.655,0.078,4139813,0.868,Middle East,5796000000.0,3914000000.0,2007-12-01
0.013,0.113,67242.0,Qatar,7.0,,22790.0,79712085615.0,0.023,1600.0,36,0.008,0.37,0.074,79.0,77.0,1.097,0.183,0.805,0.012,1152459,0.98,Middle East,,,2007-12-01
0.016,0.144,139405.0,United Arab Emirates,18.0,,51975.0,258000000000.0,0.025,1184.0,12,0.008,0.61,,77.0,75.0,1.334,0.162,0.833,0.005,5797347,0.83,Middle East,6072000000.0,11273000000.0,2007-12-01
0.018,0.147,22398.0,Bahrain,9.0,,8962.0,21730590263.0,0.036,648.0,36,0.009,0.329,0.083,77.0,75.0,1.081,0.233,0.746,0.021,1032353,0.884,Middle East,1854000000.0,671000000.0,2007-12-01
0.019,0.442,539790.0,Iran,28.0,,190620.0,286000000000.0,0.051,220.0,344,0.019,0.095,0.12,74.0,70.0,0.415,0.242,0.707,0.051,71809219,0.689,Middle East,1950000000.0,7335000000.0,2007-12-01
0.021,0.107,75236.0,Kuwait,35.0,,26389.0,114999999999.99998,0.021,954.0,98,0.01,0.348,0.085,75.0,73.0,0.558,0.254,0.718,0.028,2554920,0.982,Middle East,530000000.0,7267000000.0,2007-12-01
0.021,0.352,66424.0,Israel,20.0,,20700.0,175000000000.0,0.075,1730.0,230,0.004,0.481,0.069,82.0,88.0,1.285,0.275,0.623,0.102,7180100,0.916,Middle East,4405000000.0,4669000000.0,2007-12-01
0.022,0.145,393535.0,Saudi Arabia,20.0,,144109.0,416000000000.0,0.037,566.0,79,0.016,0.3,,76.0,73.0,1.096,0.328,0.642,0.03,25915624,0.814,Middle East,6907000000.0,21031000000.0,2007-12-01
0.022,0.12,44587.0,Oman,35.0,,17583.0,41901170689.0,0.025,403.0,62,0.01,0.167,0.073,77.0,73.0,0.973,0.327,0.649,0.024,2569739,0.735,Middle East,905000000.0,952000000.0,2007-12-01
0.026,0.433,57429.0,Syria,43.0,,22803.0,40405006007.0,0.038,79.0,336,0.015,0.115,0.102,77.0,73.0,0.319,0.373,0.592,0.035,19561477,0.545,Middle East,2972000000.0,710000000.0,2007-12-01
0.03,0.311,21540.0,Jordan,13.0,,7209.0,17110610000.0,0.083,252.0,136,0.019,0.2,0.087,75.0,71.0,0.844,0.368,0.6,0.033,5661000,0.817,Middle East,2754000000.0,1024000000.0,2007-12-01
0.034,0.479,21712.0,Yemen,63.0,,7014.0,25633674564.0,0.049,57.0,248,0.052,0.05,0.18,63.0,61.0,0.205,0.442,0.532,0.026,21182162,0.3,Middle East,425000000.0,247000000.0,2007-12-01
0.034,0.278,62834.0,Iraq,32.0,,23696.0,88837727881.0,0.037,95.0,312,0.032,0.009,0.195,72.0,66.0,0.488,0.417,0.548,0.034,28740630,0.689,Middle East,555000000.0,705000000.0,2007-12-01
0.013,0.36,16656.0,Lebanon,11.0,,5426.0,28829850746.0,0.075,529.0,180,0.01,0.225,0.1,81.0,76.0,0.341,0.257,0.662,0.081,4186088,0.869,Middle East,6317000000.0,4297000000.0,2008-12-01
0.013,0.113,67997.0,Qatar,7.0,,23642.0,114999999999.99998,0.019,1590.0,36,0.008,0.443,0.068,79.0,77.0,1.052,0.161,0.827,0.012,1359114,0.983,Middle East,,,2008-12-01
0.016,0.144,158935.0,United Arab Emirates,18.0,,58347.0,315000000000.0,0.027,1353.0,12,0.008,0.63,,77.0,75.0,1.376,0.149,0.847,0.004,6798635,0.834,Middle East,7162000000.0,13288000000.0,2008-12-01
0.017,0.135,24301.0,Bahrain,9.0,,9771.0,25711147929.0,0.041,727.0,36,0.008,0.52,0.082,77.0,75.0,1.291,0.217,0.763,0.021,1116038,0.885,Middle East,1927000000.0,704000000.0,2008-12-01
0.019,0.442,570574.0,Iran,28.0,,204312.0,356000000000.0,0.064,313.0,344,0.018,0.102,0.12,74.0,71.0,0.592,0.239,0.71,0.051,72660887,0.695,Middle East,1978000000.0,8270000000.0,2008-12-01
0.021,0.107,79959.0,Kuwait,35.0,,28843.0,147000000000.0,0.019,1049.0,98,0.01,0.42,0.076,75.0,73.0,0.555,0.254,0.721,0.025,2702221,0.982,Middle East,610000000.0,8341000000.0,2008-12-01
0.022,0.145,418240.0,Saudi Arabia,20.0,,154076.0,520000000000.0,0.031,566.0,79,0.016,0.36,,76.0,73.0,1.365,0.32,0.65,0.03,26366358,0.816,Middle East,6775000000.0,16005000000.0,2008-12-01
0.022,0.216,41067.0,Oman,14.0,,18679.0,60743823637.0,0.021,473.0,62,0.01,0.2,0.071,78.0,73.0,1.241,0.311,0.665,0.024,2593523,0.741,Middle East,1105000000.0,1197000000.0,2008-12-01
0.022,0.33,70938.0,Israel,20.0,,22868.0,213000000000.0,0.076,2076.0,230,0.004,0.594,0.066,83.0,79.0,1.264,0.274,0.624,0.103,7308800,0.917,Middle East,5509000000.0,4693000000.0,2008-12-01
0.026,0.398,67700.0,Syria,16.0,,23052.0,,0.034,90.0,336,0.014,0.14,0.102,77.0,73.0,0.347,0.367,0.598,0.036,20346056,0.549,Middle East,3176000000.0,912000000.0,2008-12-01
0.03,0.311,20763.0,Jordan,13.0,,7069.0,21971835256.0,0.088,326.0,136,0.019,0.23,0.09,75.0,72.0,0.899,0.362,0.605,0.033,5786000,0.82,Middle East,3539000000.0,1140000000.0,2008-12-01
0.033,0.478,22207.0,Yemen,13.0,,7208.0,30397203369.0,0.051,69.0,248,0.05,0.069,0.18,63.0,61.0,0.297,0.434,0.539,0.027,21703571,0.306,Middle East,886000000.0,246000000.0,2008-12-01
0.033,0.278,94444.0,Iraq,32.0,,28806.0,132000000000.0,0.039,142.0,312,0.031,0.01,0.195,72.0,65.0,0.596,0.416,0.549,0.034,29429829,0.689,Middle East,867000000.0,813000000.0,2008-12-01
0.012,0.113,66120.0,Qatar,7.0,,24942.0,97798348830.0,0.026,1647.0,36,0.008,0.531,0.07,79.0,77.0,1.246,0.146,0.843,0.011,1564082,0.985,Middle East,,,2009-12-01
0.013,0.302,20917.0,Lebanon,9.0,,6652.0,35139635158.0,0.074,604.0,180,0.009,0.301,0.096,81.0,77.0,0.563,0.247,0.67,0.083,4246924,0.871,Middle East,7157000000.0,4928000000.0,2009-12-01
0.016,0.141,162602.0,United Arab Emirates,15.0,,60672.0,254999999999.99997,0.034,1336.0,12,0.008,0.64,,77.0,75.0,1.383,0.141,0.855,0.004,7718319,0.837,Middle East,7352000000.0,10347000000.0,2009-12-01
0.017,0.135,24169.0,Bahrain,9.0,,9340.0,22938464723.0,0.045,729.0,36,0.007,0.53,0.079,77.0,75.0,1.177,0.205,0.775,0.02,1191539,0.885,Middle East,1873000000.0,597000000.0,2009-12-01
0.019,0.442,577483.0,Iran,9.0,,213423.0,363000000000.0,0.072,357.0,344,0.017,0.111,0.12,75.0,71.0,0.715,0.237,0.712,0.051,73542954,0.7,Middle East,2259000000.0,8503000000.0,2009-12-01
0.021,0.107,81869.0,Kuwait,35.0,,30815.0,106000000000.0,0.039,1463.0,98,0.01,0.508,0.062,75.0,73.0,0.919,0.253,0.724,0.023,2850102,0.982,Middle East,660000000.0,6799000000.0,2009-12-01
0.021,0.145,431027.0,Saudi Arabia,21.0,,175675.0,429000000000.0,0.041,582.0,79,0.015,0.38,,77.0,73.0,1.674,0.313,0.657,0.03,26796375,0.819,Middle East,6744000000.0,21312000000.0,2009-12-01
0.022,0.216,40264.0,Oman,12.0,,18279.0,48242913263.0,0.03,511.0,62,0.01,0.268,0.074,78.0,74.0,1.491,0.292,0.683,0.024,2663224,0.746,Middle East,1092000000.0,1295000000.0,2009-12-01
0.022,0.319,67029.0,Israel,20.0,,21463.0,206000000000.0,0.076,1973.0,230,0.004,0.631,0.042,83.0,80.0,1.24,0.272,0.624,0.104,7485600,0.918,Middle East,5067000000.0,4241000000.0,2009-12-01
0.025,0.397,62112.0,Syria,15.0,,21233.0,,0.035,95.0,336,0.014,0.173,0.1,77.0,73.0,0.477,0.361,0.602,0.036,21031546,0.553,Middle East,3781000000.0,980000000.0,2009-12-01
0.029,0.311,21254.0,Jordan,12.0,,7458.0,23818322918.0,0.095,368.0,136,0.018,0.26,0.092,75.0,72.0,0.973,0.356,0.61,0.034,5915000,0.822,Middle East,3472000000.0,1202000000.0,2009-12-01
0.033,0.478,23058.0,Yemen,12.0,,7764.0,27838718233.0,0.053,65.0,248,0.048,0.1,0.18,64.0,61.0,0.374,0.427,0.547,0.027,22229625,0.312,Middle East,899000000.0,277000000.0,2009-12-01
0.033,0.278,106651.0,Iraq,32.0,,32846.0,112000000000.00002,0.046,143.0,312,0.031,0.011,0.156,72.0,65.0,0.667,0.415,0.551,0.034,30163199,0.69,Middle East,1432000000.0,1221000000.0,2009-12-01
0.012,0.113,70531.0,Qatar,10.0,,28973.0,125000000000.0,0.021,1496.0,36,0.008,0.69,0.073,79.0,77.0,1.25,0.137,0.852,0.011,1749713,0.987,Middle East,,,2010-12-01
0.013,0.302,20403.0,Lebanon,9.0,,6382.0,38009950249.0,0.072,620.0,180,0.009,0.437,0.083,81.0,77.0,0.66,0.237,0.678,0.084,4341092,0.872,Middle East,8026000000.0,4868000000.0,2010-12-01
0.016,0.135,24202.0,Bahrain,9.0,,9472.0,25713547869.0,0.043,747.0,36,0.007,0.55,0.072,77.0,76.0,1.252,0.199,0.781,0.02,1251513,0.885,Middle East,2163000000.0,684000000.0,2010-12-01
0.016,0.141,167597.0,United Arab Emirates,15.0,,63099.0,287000000000.0,0.032,1283.0,12,0.008,0.68,,78.0,76.0,1.294,0.139,0.858,0.003,8441537,0.841,Middle East,8577000000.0,11818000000.0,2010-12-01
0.019,0.441,571612.0,Iran,11.0,,210678.0,423000000000.00006,0.073,416.0,344,0.016,0.147,0.12,75.0,71.0,0.726,0.236,0.712,0.052,74462314,0.706,Middle East,2631000000.0,10570000000.0,2010-12-01
0.021,0.107,93696.0,Kuwait,35.0,,32586.0,120000000000.0,0.028,1116.0,98,0.009,0.614,0.049,75.0,73.0,1.33,0.252,0.726,0.021,2991580,0.983,Middle East,574000000.0,7106000000.0,2010-12-01
0.021,0.145,464481.0,Saudi Arabia,21.0,,192004.0,526999999999.99994,0.04,663.0,79,0.015,0.41,,77.0,73.0,1.892,0.307,0.663,0.03,27258387,0.821,Middle East,7536000000.0,22076000000.0,2010-12-01
0.022,0.216,57202.0,Oman,12.0,,23158.0,58813004375.0,0.028,582.0,62,0.01,0.358,0.068,78.0,74.0,1.643,0.274,0.701,0.025,2802768,0.752,Middle East,1246000000.0,1768000000.0,2010-12-01
0.022,0.311,70656.0,Israel,20.0,,23195.0,231999999999.99997,0.076,2165.0,235,0.004,0.675,0.05,84.0,80.0,1.228,0.272,0.623,0.104,7623600,0.918,Middle East,5824000000.0,4725000000.0,2010-12-01
0.025,0.397,61859.0,Syria,13.0,,21649.0,,0.034,97.0,336,0.013,0.207,0.099,78.0,72.0,0.543,0.357,0.605,0.037,21532647,0.557,Middle East,6308000000.0,1598000000.0,2010-12-01
0.029,0.312,20821.0,Jordan,12.0,,7105.0,26425379367.0,0.085,361.0,136,0.018,0.272,0.09,75.0,72.0,1.026,0.351,0.615,0.034,6046000,0.825,Middle East,4390000000.0,1736000000.0,2010-12-01
0.032,0.478,21852.0,Yemen,12.0,,8360.0,31743751169.0,0.051,66.0,248,0.046,0.124,0.238,64.0,61.0,0.487,0.42,0.553,0.027,22763008,0.317,Middle East,1161000000.0,252000000.0,2010-12-01
0.032,0.278,114667.0,Iraq,32.0,,37845.0,143000000000.0,0.031,141.0,312,0.03,0.025,0.133,73.0,65.0,0.751,0.412,0.554,0.034,30962380,0.69,Middle East,1736000000.0,1675000000.0,2010-12-01
0.011,0.113,,Qatar,9.0,,33285.0,170000000000.0,0.019,1738.0,36,0.007,0.69,0.055,79.0,77.0,1.205,0.134,0.856,0.01,1910902,0.988,Middle East,4463000000.0,7813000000.0,2011-12-01
0.013,0.302,,Lebanon,9.0,,6349.0,40078938640.0,0.074,646.0,180,0.009,0.52,0.075,82.0,77.0,0.772,0.227,0.688,0.085,4382790,0.873,Middle East,6797000000.0,4440000000.0,2011-12-01
0.016,0.135,,Bahrain,9.0,,9506.0,29044378668.0,0.038,766.0,36,0.006,0.77,0.068,77.0,76.0,1.31,0.198,0.781,0.021,1292764,0.886,Middle East,1766000000.0,899000000.0,2011-12-01
0.016,0.141,,United Arab Emirates,13.0,,66108.0,349000000000.0,0.031,1375.0,12,0.007,0.78,,78.0,76.0,1.314,0.14,0.857,0.003,8925096,0.844,Middle East,,,2011-12-01
0.019,0.441,,Iran,11.0,,212145.0,528000000000.0,0.068,483.0,344,0.016,0.21,0.11,75.0,72.0,0.743,0.236,0.712,0.052,75424285,0.712,Middle East,2574000000.0,10881000000.0,2011-12-01
0.02,0.145,,Saudi Arabia,21.0,,187070.0,670000000000.0,0.035,721.0,79,0.014,0.475,,77.0,74.0,1.935,0.302,0.669,0.029,27761728,0.823,Middle East,9317000000.0,18202000000.0,2011-12-01
0.021,0.107,,Kuwait,32.0,,32523.0,161000000000.0,0.026,1349.0,98,0.009,0.658,0.052,75.0,73.0,1.579,0.251,0.728,0.021,3124705,0.983,Middle East,644000000.0,9179000000.0,2011-12-01
0.021,0.302,,Israel,20.0,,23254.0,258000000000.0,0.076,2373.0,235,0.003,0.689,0.06,84.0,80.0,1.22,0.273,0.622,0.105,7765800,0.919,Middle East,6029000000.0,4937000000.0,2011-12-01
0.022,0.22,,Oman,8.0,,25276.0,69971912138.0,0.024,610.0,62,0.01,0.48,0.062,79.0,74.0,1.5899999999999999,0.257,0.717,0.026,3024774,0.757,Middle East,1612000000.0,1982000000.0,2011-12-01
0.025,0.397,,Syria,13.0,,19986.0,,0.034,102.0,336,0.013,0.225,,78.0,72.0,0.592,0.355,0.607,0.038,21961676,0.561,Middle East,,,2011-12-01
0.028,0.277,,Jordan,12.0,,7064.0,28840197019.0,0.088,386.0,151,0.017,0.349,0.087,75.0,72.0,1.112,0.346,0.62,0.034,6181000,0.827,Middle East,3860000000.0,1280000000.0,2011-12-01
0.032,0.327,,Yemen,12.0,,7260.0,29207296703.0,0.05,63.0,248,0.044,0.149,0.25,64.0,61.0,0.501,0.413,0.559,0.028,23304206,0.323,Middle East,780000000.0,258000000.0,2011-12-01
0.032,0.278,,Iraq,32.0,,40220.0,191000000000.0,0.027,160.0,312,0.029,0.05,0.136,73.0,65.0,0.802,0.409,0.558,0.033,31760020,0.691,Middle East,1557000000.0,1879000000.0,2011-12-01
0.011,0.113,,Qatar,9.0,45,,190000000000.0,0.022,2029.0,48,0.007,0.693,0.054,79.0,78.0,1.2690000000000001,0.133,0.857,0.01,2050514,0.989,Middle East,7220000000.0,10702000000.0,2012-12-01
0.013,0.302,,Lebanon,9.0,105,,43205095854.0,0.076,675.0,180,0.008,0.612,0.072,82.0,78.0,0.808,0.216,0.698,0.086,4424888,0.874,Middle East,6298000000.0,4125000000.0,2012-12-01
0.015,0.149,,United Arab Emirates,8.0,26,,384000000000.0,0.028,1343.0,12,0.007,0.85,,78.0,76.0,1.496,0.144,0.852,0.004,9205651,0.847,Middle East,,,2012-12-01
0.016,0.135,,Bahrain,9.0,47,,30362317939.0,0.039,895.0,36,0.006,0.88,0.06,77.0,76.0,1.612,0.202,0.777,0.021,1317827,0.886,Middle East,1742000000.0,889000000.0,2012-12-01
0.019,0.441,,Iran,16.0,152,,503000000000.0,0.067,490.0,344,0.015,0.275,0.11,76.0,72.0,0.761,0.237,0.711,0.052,76424443,0.718,Middle East,,,2012-12-01
0.02,0.145,,Saudi Arabia,21.0,22,,734000000000.0,0.032,795.0,72,0.014,0.54,,77.0,74.0,1.874,0.297,0.674,0.029,28287855,0.825,Middle East,8400000000.0,17986000000.0,2012-12-01
0.021,0.124,,Kuwait,32.0,101,,183000000000.0,0.025,1428.0,98,0.009,0.705,0.05,75.0,73.0,1.569,0.249,0.729,0.022,3250496,0.983,Middle East,780000000.0,9821000000.0,2012-12-01
0.021,0.22,,Oman,8.0,44,,78289467471.0,0.026,690.0,62,0.01,0.6,0.057,79.0,75.0,1.593,0.242,0.731,0.028,3314001,0.762,Middle East,1779000000.0,2184000000.0,2012-12-01
0.022,0.29,,Israel,21.0,33,24079.0,258000000000.0,0.075,2289.0,235,0.003,0.708,0.056,84.0,80.0,1.207,0.275,0.619,0.105,7910500,0.919,Middle East,6225000000.0,4851000000.0,2012-12-01
0.024,0.397,,Syria,13.0,147,,,0.034,105.0,336,0.012,0.243,,78.0,72.0,0.593,0.354,0.607,0.039,22399254,0.565,Middle East,,,2012-12-01
0.028,0.281,,Jordan,12.0,119,,31015239496.0,0.098,388.0,151,0.017,0.41,0.088,75.0,72.0,1.282,0.341,0.624,0.035,6318000,0.83,Middle East,4485000000.0,1257000000.0,2012-12-01
0.031,0.327,,Yemen,40.0,129,,31992801303.0,0.055,71.0,248,0.042,0.174,0.245,64.0,62.0,0.583,0.407,0.565,0.028,23852409,0.329,Middle East,1057000000.0,,2012-12-01
0.031,0.278,,Iraq,29.0,155,,216000000000.0,0.036,226.0,312,0.029,0.071,0.13,73.0,66.0,0.816,0.405,0.562,0.033,32578209,0.692,Middle East,1640000000.0,2363000000.0,2012-12-01
,,,American Samoa,,,,,,,,,,,,,,,,,59117,0.881,Oceania,,,2005-12-01
0.013,0.521,362685.0,Australia,3.0,,113503.0,694000000000.0,0.085,3136.0,107,0.005,0.63,0.091,83.0,79.0,0.898,0.198,0.673,0.129,20394800,0.88,Oceania,19820000000.0,15656000000.0,2005-12-01
0.014,0.366,33920.0,New Zealand,12.0,,16846.0,114000000000.00002,0.084,2288.0,172,0.005,0.627,0.078,82.0,78.0,0.854,0.215,0.664,0.12,4133900,0.861,Oceania,5211000000.0,2671000000.0,2005-12-01
0.017,,2838.0,New Caledonia,,,,,,,,,0.324,,79.0,72.0,0.587,0.269,0.662,0.069,234393,0.64,Oceania,149000000.0,122000000.0,2005-12-01
0.018,,851.0,French Polynesia,,,,,,,,,0.215,,77.0,72.0,0.471,0.277,0.672,0.05,254884,0.564,Oceania,759000000.0,430000000.0,2005-12-01
0.019,,,Guam,,,,,,,,,0.386,,79.0,74.0,,0.295,0.641,0.064,158401,0.936,Oceania,,,2005-12-01
0.023,0.415,1364.0,Fiji Islands,46.0,,578.0,3006725015.0,0.036,132.0,140,0.02,0.085,0.068,71.0,66.0,0.249,0.306,0.653,0.041,822484,0.499,Oceania,722000000.0,132000000.0,2005-12-01
0.025,0.318,62.0,Kiribati,31.0,,8.0,106147384.0,0.101,118.0,120,0.05,0.04,,69.0,64.0,0.007,0.371,0.593,0.036,90468,0.436,Oceania,3100000.0,9300000.0,2005-12-01
0.026,0.596,117.0,"Micronesia, Fed. Sts.",16.0,,,249845593.0,0.121,285.0,128,0.037,0.119,0.164,69.0,67.0,0.133,0.388,0.572,0.04,106198,0.223,Oceania,21000000.0,7000000.0,2005-12-01
0.029,0.084,55.0,Vanuatu,47.0,,30.0,394962552.0,0.033,61.0,120,0.018,0.051,0.075,71.0,67.0,0.061,0.397,0.57,0.033,209375,0.231,Oceania,104000000.0,13000000.0,2005-12-01
0.029,0.202,158.0,Samoa,35.0,,57.0,412220560.0,0.05,114.0,224,0.017,0.034,0.114,74.0,68.0,0.133,0.396,0.556,0.048,179928,0.212,Oceania,74000000.0,20300000.0,2005-12-01
0.029,0.275,158.0,Tonga,32.0,,57.0,264812954.0,0.064,167.0,164,0.013,0.049,0.114,74.0,69.0,0.296,0.381,0.559,0.06,100960,0.232,Oceania,15000000.0,16000000.0,2005-12-01
0.033,0.416,4613.0,Papua New Guinea,51.0,,,4901584516.0,0.04,32.0,207,0.056,0.017,0.115,63.0,59.0,0.012,0.4,0.574,0.026,6095959,0.131,Oceania,9400000.0,57000000.0,2005-12-01
0.035,0.648,84.0,Marshall Islands,17.0,,29.0,137556823.0,0.173,462.0,128,0.033,0.039,,,,0.013,,,,52058,0.699,Oceania,5700000.0,400000.0,2005-12-01
0.035,0.261,180.0,Solomon Islands,56.0,,58.0,413909879.0,0.078,69.0,80,0.029,0.008,0.141,67.0,64.0,0.013,0.413,0.557,0.03,469306,0.178,Oceania,6400000.0,11200000.0,2005-12-01
0.013,0.511,371214.0,Australia,3.0,,115020.0,747000000000.0,0.085,3330.0,107,0.005,0.66,0.094,84.0,79.0,0.947,0.195,0.674,0.13,20697900,0.882,Oceania,20726000000.0,16446000000.0,2006-12-01
0.014,0.354,33553.0,New Zealand,12.0,,16965.0,110000000000.00002,0.088,2295.0,172,0.005,0.69,0.082,82.0,78.0,0.909,0.213,0.666,0.121,4184600,0.861,Oceania,4792000000.0,2534000000.0,2006-12-01
0.018,,851.0,French Polynesia,,,,,,,,,0.251,,77.0,72.0,0.59,0.269,0.678,0.053,257731,0.566,Oceania,463000000.0,122000000.0,2006-12-01
0.018,,2780.0,New Caledonia,,,,,,,,,0.335,,80.0,73.0,0.667,0.262,0.664,0.074,238459,0.646,Oceania,122000000.0,129000000.0,2006-12-01
0.019,,,Guam,,,,,,,,,0.439,,80.0,74.0,,0.292,0.642,0.066,158429,0.937,Oceania,,,2006-12-01
0.022,,,American Samoa,,,,,,,,,,,,,,,,,58652,0.88,Oceania,,,2006-12-01
0.023,0.415,1360.0,Fiji Islands,46.0,,559.0,3103099942.0,0.038,144.0,140,0.02,0.096,0.073,72.0,66.0,0.344,0.3,0.657,0.042,828060,0.503,Oceania,684000000.0,123000000.0,2006-12-01
0.024,0.318,70.0,Kiribati,31.0,,10.0,104668675.0,0.11,124.0,120,0.05,0.045,,69.0,64.0,0.008,0.364,0.6,0.037,91953,0.436,Oceania,2300000.0,5600000.0,2006-12-01
0.025,0.596,103.0,"Micronesia, Fed. Sts.",16.0,,,252991205.0,0.119,285.0,128,0.036,0.128,0.156,69.0,67.0,0.176,0.385,0.575,0.04,105686,0.223,Oceania,23000000.0,7000000.0,2006-12-01
0.029,0.084,48.0,Vanuatu,47.0,,31.0,437072934.0,0.031,64.0,120,0.017,0.059,0.083,72.0,68.0,0.07,0.394,0.572,0.034,214654,0.234,Oceania,109000000.0,11000000.0,2006-12-01
0.029,0.202,158.0,Samoa,35.0,,57.0,453082900.0,0.052,129.0,224,0.016,0.045,0.117,75.0,68.0,0.251,0.393,0.558,0.049,181073,0.21,Oceania,87000000.0,21200000.0,2006-12-01
0.029,0.275,176.0,Tonga,32.0,,57.0,295998379.0,0.055,159.0,164,0.013,0.059,0.12,74.0,69.0,0.296,0.38,0.56,0.06,101617,0.232,Oceania,15700000.0,16400000.0,2006-12-01
0.032,0.415,4595.0,Papua New Guinea,51.0,,,5598700444.0,0.035,31.0,207,0.055,0.018,0.106,63.0,59.0,0.016,0.399,0.575,0.026,6245797,0.131,Oceania,3900000.0,43000000.0,2006-12-01
0.034,0.261,180.0,Solomon Islands,56.0,,59.0,456735445.0,0.067,63.0,80,0.029,0.016,0.139,67.0,65.0,0.015,0.412,0.557,0.03,480745,0.183,Oceania,35300000.0,26500000.0,2006-12-01
0.035,0.648,92.0,Marshall Islands,17.0,,30.0,143352031.0,0.196,547.0,128,0.033,0.038,,,,,,,,52084,0.702,Oceania,6600000.0,400000.0,2006-12-01
,,,American Samoa,,,,,,,,,,,,,,,,,57919,0.879,Oceania,,,2007-12-01
0.014,0.501,377235.0,Australia,3.0,,118655.0,853999999999.9999,0.086,3956.0,107,0.005,0.695,0.082,84.0,79.0,1.001,0.193,0.676,0.131,20827600,0.883,Oceania,25624000000.0,20429000000.0,2007-12-01
0.015,0.355,33648.0,New Zealand,12.0,,17123.0,135000000000.00002,0.085,2694.0,172,0.005,0.698,0.086,82.0,78.0,1.004,0.211,0.666,0.123,4228300,0.861,Oceania,5413000000.0,3077000000.0,2007-12-01
0.017,,2945.0,New Caledonia,,,,,,,,,0.351,,80.0,72.0,0.748,0.255,0.665,0.08,242400,0.653,Oceania,142000000.0,149000000.0,2007-12-01
0.018,,843.0,French Polynesia,,,,,,,,,0.286,,77.0,73.0,0.672,0.26,0.683,0.057,260361,0.568,Oceania,537000000.0,153000000.0,2007-12-01
0.019,,,Guam,,,,,,,,,0.462,,80.0,75.0,,0.288,0.645,0.067,158331,0.938,Oceania,,,2007-12-01
0.023,0.415,1203.0,Fiji Islands,46.0,,524.0,3405050612.0,0.037,152.0,140,0.02,0.109,0.09,72.0,66.0,0.634,0.296,0.66,0.044,835392,0.507,Oceania,725000000.0,130000000.0,2007-12-01
0.024,0.318,51.0,Kiribati,31.0,,11.0,123005090.0,0.121,160.0,120,0.05,0.06,,70.0,64.0,0.008,0.357,0.606,0.037,93401,0.436,Oceania,4000000.0,9100000.0,2007-12-01
0.025,0.587,99.0,"Micronesia, Fed. Sts.",16.0,,,255890836.0,0.12,292.0,128,0.035,0.136,0.14,69.0,67.0,0.261,0.382,0.579,0.039,105097,0.223,Oceania,25000000.0,7000000.0,2007-12-01
0.028,0.084,95.0,Vanuatu,47.0,,35.0,526425740.0,0.037,88.0,120,0.017,0.068,0.082,72.0,68.0,0.118,0.391,0.573,0.036,220001,0.237,Oceania,142000000.0,13000000.0,2007-12-01
0.028,0.275,154.0,Tonga,32.0,,58.0,301064027.0,0.069,205.0,164,0.013,0.072,0.122,75.0,69.0,0.455,0.379,0.561,0.06,102289,0.232,Oceania,15200000.0,19200000.0,2007-12-01
0.029,0.198,161.0,Samoa,35.0,,58.0,490916835.0,0.059,164.0,224,0.016,0.047,0.127,75.0,68.0,0.472,0.39,0.56,0.049,182240,0.208,Oceania,102000000.0,19800000.0,2007-12-01
0.032,0.415,4903.0,Papua New Guinea,51.0,,,6329292929.0,0.042,41.0,207,0.054,0.018,0.098,63.0,59.0,0.047,0.397,0.576,0.027,6397623,0.131,Oceania,4500000.0,81000000.0,2007-12-01
0.034,0.261,198.0,Solomon Islands,56.0,,64.0,516209150.0,0.056,67.0,80,0.029,0.02,0.141,68.0,65.0,0.022,0.411,0.558,0.031,492148,0.187,Oceania,37800000.0,35600000.0,2007-12-01
0.035,0.648,99.0,Marshall Islands,17.0,,32.0,149739017.0,0.196,587.0,128,0.032,0.04,,,,,,,,52150,0.705,Oceania,4500000.0,,2007-12-01
,,,American Samoa,,,,,,,,,,,,,,,,,57053,0.878,Oceania,,,2008-12-01
,0.648,99.0,Marshall Islands,17.0,,,152565763.0,0.179,569.0,128,0.032,0.046,,,,,,,,52245,0.708,Oceania,3000000.0,,2008-12-01
0.014,0.499,387635.0,Australia,3.0,,122519.0,1060000000000.0,0.088,4237.0,107,0.004,0.717,0.089,84.0,79.0,1.022,0.192,0.677,0.132,21249200,0.884,Oceania,28306000000.0,24689000000.0,2008-12-01
0.015,0.36,34264.0,New Zealand,1.0,,17412.0,130000000000.0,0.093,2820.0,172,0.005,0.72,0.089,82.0,78.0,1.08,0.208,0.666,0.125,4268900,0.861,Oceania,5152000000.0,3006000000.0,2008-12-01
0.016,,3282.0,New Caledonia,,,,,,,,,0.345,,81.0,72.0,0.821,0.248,0.667,0.086,243985,0.66,Oceania,152000000.0,168000000.0,2008-12-01
0.017,,869.0,French Polynesia,,,,,,,,,0.339,,78.0,73.0,0.712,0.251,0.688,0.061,262877,0.567,Oceania,522000000.0,159000000.0,2008-12-01
0.018,,,Guam,,,,,,,,,0.484,,80.0,75.0,,0.284,0.647,0.069,158310,0.939,Oceania,,,2008-12-01
0.022,0.415,1078.0,Fiji Islands,46.0,,,3629936625.0,0.036,154.0,140,0.02,0.13,0.08,72.0,66.0,0.711,0.294,0.661,0.045,843851,0.511,Oceania,938000000.0,112000000.0,2008-12-01
0.024,0.318,55.0,Kiribati,31.0,,,135044456.0,0.132,183.0,120,0.049,0.07,,70.0,64.0,0.011,0.35,0.613,0.037,94832,0.436,Oceania,2900000.0,12700000.0,2008-12-01
0.024,0.587,99.0,"Micronesia, Fed. Sts.",16.0,,,261339642.0,0.129,323.0,128,0.034,0.145,0.144,69.0,68.0,0.263,0.378,0.583,0.039,104498,0.223,Oceania,27000000.0,7000000.0,2008-12-01
0.028,0.084,92.0,Vanuatu,47.0,,,607983815.0,0.037,99.0,120,0.017,0.073,0.053,72.0,68.0,0.16,0.388,0.574,0.037,225398,0.24,Oceania,188000000.0,32000000.0,2008-12-01
0.028,0.275,161.0,Tonga,25.0,,,346850176.0,0.063,207.0,164,0.012,0.081,0.125,75.0,69.0,0.49,0.377,0.563,0.059,102947,0.233,Oceania,19500000.0,25100000.0,2008-12-01
0.029,0.189,161.0,Samoa,35.0,,,573939144.0,0.051,153.0,224,0.016,0.05,0.127,75.0,69.0,,0.388,0.563,0.05,183444,0.205,Oceania,112000000.0,21600000.0,2008-12-01
0.031,0.415,3476.0,Papua New Guinea,51.0,,,8010370370.0,0.046,56.0,194,0.053,0.012,0.092,64.0,60.0,0.133,0.395,0.578,0.027,6550877,0.131,Oceania,3800000.0,75000000.0,2008-12-01
0.034,0.261,198.0,Solomon Islands,56.0,,,608292552.0,0.056,72.0,80,0.028,0.03,0.144,68.0,65.0,0.06,0.41,0.558,0.032,503541,0.191,Oceania,40600000.0,40500000.0,2008-12-01
,,,American Samoa,,,,,,,,,,,,,,,,,56245,0.877,Oceania,,,2009-12-01
,0.648,103.0,Marshall Islands,17.0,,,151560778.0,0.175,551.0,128,0.032,0.056,,,,,,,,52341,0.711,Oceania,3500000.0,,2009-12-01
0.014,0.332,32325.0,New Zealand,1.0,,17469.0,119000000000.0,0.1,2702.0,172,0.005,0.797,0.067,83.0,79.0,1.087,0.207,0.666,0.127,4315800,0.861,Oceania,4591000000.0,2580000000.0,2009-12-01
0.014,0.476,395094.0,Australia,3.0,,122108.0,927000000000.0,0.09,4118.0,107,0.004,0.743,0.06,84.0,79.0,1.007,0.19,0.677,0.133,21691700,0.886,Oceania,28022000000.0,21891000000.0,2009-12-01
0.016,,2849.0,New Caledonia,,,,,,,,,0.34,,81.0,72.0,0.863,0.241,0.668,0.091,245580,0.666,Oceania,141000000.0,170000000.0,2009-12-01
0.017,,873.0,French Polynesia,,,,,,,,,0.446,,78.0,73.0,0.785,0.244,0.692,0.065,265412,0.566,Oceania,440000000.0,164000000.0,2009-12-01
0.018,,,Guam,,,,,,,,,0.506,,81.0,75.0,,0.279,0.65,0.071,158621,0.94,Oceania,,,2009-12-01
0.022,0.412,847.0,Fiji Islands,46.0,,,2925499821.0,0.042,143.0,150,0.02,0.17,0.079,72.0,66.0,0.751,0.292,0.662,0.047,852479,0.514,Oceania,724000000.0,110000000.0,2009-12-01
0.024,0.318,40.0,Kiribati,31.0,,,127125253.0,0.115,143.0,120,0.049,0.09,,70.0,65.0,0.103,0.343,0.619,0.038,96272,0.437,Oceania,2700000.0,10900000.0,2009-12-01
0.024,0.587,99.0,"Micronesia, Fed. Sts.",16.0,,,277510923.0,0.134,357.0,128,0.033,0.154,0.154,69.0,68.0,0.264,0.374,0.588,0.039,103983,0.223,Oceania,27000000.0,8000000.0,2009-12-01
0.028,0.084,117.0,Vanuatu,47.0,,,610075807.0,0.039,103.0,120,0.016,0.075,0.055,73.0,69.0,0.57,0.385,0.576,0.039,230833,0.243,Oceania,214000000.0,28000000.0,2009-12-01
0.028,0.189,161.0,Samoa,9.0,,,501065927.0,0.057,160.0,224,0.016,0.06,0.121,75.0,69.0,,0.385,0.565,0.05,184704,0.203,Oceania,115000000.0,20000000.0,2009-12-01
0.028,0.275,172.0,Tonga,25.0,,,318522296.0,0.046,145.0,164,0.012,0.1,0.125,75.0,69.0,0.512,0.376,0.565,0.059,103557,0.233,Oceania,16800000.0,19100000.0,2009-12-01
0.031,0.421,3333.0,Papua New Guinea,51.0,,,7914594203.0,0.042,50.0,194,0.052,0.016,0.101,64.0,60.0,0.211,0.393,0.579,0.027,6704829,0.13,Oceania,2100000.0,132000000.0,2009-12-01
0.033,0.261,198.0,Solomon Islands,56.0,,,597765363.0,0.078,91.0,80,0.028,0.04,0.153,68.0,66.0,0.097,0.409,0.559,0.032,514964,0.196,Oceania,50000000.0,37700000.0,2009-12-01
,0.648,103.0,Marshall Islands,17.0,,,163200000.0,0.16,542.0,128,0.032,0.07,,,,,,,,52428,0.713,Oceania,3300000.0,,2010-12-01
0.014,0.475,373081.0,Australia,3.0,,122512.0,1140000000000.0002,0.089,5138.0,109,0.004,0.76,0.073,84.0,80.0,1.004,0.189,0.676,0.134,22031800,0.887,Oceania,32336000000.0,27534000000.0,2010-12-01
0.015,0.347,31551.0,New Zealand,1.0,,18287.0,143000000000.0,0.102,3260.0,172,0.005,0.805,0.063,83.0,79.0,1.078,0.205,0.665,0.13,4367800,0.862,Oceania,4904000000.0,3037000000.0,2010-12-01
0.017,,884.0,French Polynesia,,,,,,,,,0.49,,78.0,73.0,0.805,0.238,0.695,0.068,268065,0.565,Oceania,405000000.0,160000000.0,2010-12-01
0.017,,3920.0,New Caledonia,,,,,,,,,0.42,,79.0,73.0,0.896,0.235,0.67,0.095,250000,0.673,Oceania,129000000.0,179000000.0,2010-12-01
0.018,,,Guam,,,,,,,,,0.54,,81.0,75.0,,0.275,0.652,0.073,159440,0.941,Oceania,,,2010-12-01
0.019,,,American Samoa,,,,,,,,,,,,,,,,,55636,0.876,Oceania,,,2010-12-01
0.022,0.393,1291.0,Fiji Islands,46.0,,,3225095136.0,0.042,154.0,163,0.02,0.2,0.075,72.0,66.0,0.811,0.29,0.661,0.048,860559,0.518,Oceania,809000000.0,100000000.0,2010-12-01
0.023,0.318,62.0,Kiribati,31.0,,,150431114.0,0.112,162.0,120,0.048,0.091,,71.0,65.0,0.108,0.336,0.626,0.039,97743,0.438,Oceania,,,2010-12-01
0.024,0.587,103.0,"Micronesia, Fed. Sts.",16.0,,,294117230.0,0.138,393.0,128,0.033,0.2,0.151,69.0,68.0,0.266,0.369,0.593,0.038,103619,0.223,Oceania,29000000.0,8000000.0,2010-12-01
0.027,0.084,117.0,Vanuatu,47.0,,,700804286.0,0.047,139.0,120,0.016,0.08,0.055,73.0,69.0,0.719,0.382,0.579,0.039,236299,0.246,Oceania,242000000.0,33000000.0,2010-12-01
0.027,0.254,158.0,Tonga,25.0,,,369212477.0,0.048,172.0,164,0.012,0.16,0.115,75.0,69.0,0.522,0.375,0.567,0.059,104098,0.234,Oceania,,,2010-12-01
0.028,0.189,161.0,Samoa,9.0,,,572971727.0,0.064,201.0,224,0.016,0.07,0.107,76.0,69.0,,0.383,0.567,0.051,186029,0.201,Oceania,124000000.0,25200000.0,2010-12-01
0.03,0.421,3135.0,Papua New Guinea,51.0,,,9480047959.0,0.041,57.0,194,0.051,0.013,0.104,64.0,60.0,0.278,0.391,0.582,0.028,6858945,0.13,Oceania,2500000.0,138000000.0,2010-12-01
0.033,0.262,202.0,Solomon Islands,56.0,,,681587105.0,0.074,95.0,80,0.027,0.05,0.144,68.0,66.0,0.219,0.408,0.56,0.033,526447,0.2,Oceania,65400000.0,51200000.0,2010-12-01
,,,American Samoa,,,,,,,,,,,,,,,,,55274,0.875,Oceania,,,2011-12-01
,0.648,,Marshall Islands,17.0,,,170700000.0,0.16,567.0,128,0.032,0.081,,,,,,,,52495,0.716,Oceania,,,2011-12-01
0.014,0.344,,New Zealand,1.0,,18167.0,164000000000.0,0.103,3715.0,172,0.005,0.812,0.061,83.0,79.0,1.092,0.204,0.663,0.133,4405200,0.862,Oceania,5546000000.0,3462000000.0,2011-12-01
0.014,0.473,,Australia,3.0,,122888.0,1390000000000.0002,0.092,6114.0,109,0.004,0.795,0.077,84.0,80.0,1.046,0.189,0.674,0.137,22340000,0.889,Oceania,34207000000.0,33328000000.0,2011-12-01
0.016,,,New Caledonia,,,,,,,,,0.5,,79.0,73.0,0.91,0.231,0.671,0.098,254000,0.679,Oceania,153000000.0,176000000.0,2011-12-01
0.017,,,French Polynesia,,,,,,,,,0.49,,78.0,74.0,0.823,0.233,0.698,0.07,270874,0.563,Oceania,384000000.0,168000000.0,2011-12-01
0.018,,,Guam,,,,,,,,,0.577,,81.0,76.0,,0.271,0.654,0.075,160858,0.942,Oceania,,,2011-12-01
0.021,0.383,,Fiji Islands,45.0,,,3753485389.0,0.038,167.0,163,0.02,0.28,0.075,73.0,67.0,0.838,0.289,0.661,0.05,867921,0.522,Oceania,933000000.0,115000000.0,2011-12-01
0.023,0.318,,Kiribati,31.0,,,172253739.0,0.108,181.0,120,0.047,0.1,,71.0,65.0,0.139,0.33,0.631,0.039,99250,0.439,Oceania,,,2011-12-01
0.024,0.59,,"Micronesia, Fed. Sts.",16.0,,,310287519.0,0.137,412.0,128,0.032,0.228,0.144,70.0,68.0,0.267,0.364,0.597,0.039,103424,0.223,Oceania,26000000.0,8000000.0,2011-12-01
0.027,0.084,,Vanuatu,35.0,,,785745262.0,0.038,125.0,120,0.015,0.092,0.055,73.0,69.0,0.644,0.378,0.582,0.04,241778,0.249,Oceania,252000000.0,39000000.0,2011-12-01
0.027,0.254,,Tonga,16.0,,,423038017.0,0.05,219.0,164,0.011,0.25,0.114,75.0,69.0,0.526,0.374,0.568,0.058,104554,0.234,Oceania,,,2011-12-01
0.027,0.189,,Samoa,9.0,,,631791993.0,0.07,245.0,224,0.016,0.11,0.1,76.0,70.0,,0.381,0.569,0.051,187429,0.199,Oceania,135000000.0,22200000.0,2011-12-01
0.03,0.421,,Papua New Guinea,51.0,,,12393604089.0,0.042,74.0,194,0.05,0.02,0.108,64.0,60.0,0.342,0.387,0.584,0.028,7012977,0.13,Oceania,3500000.0,,2011-12-01
0.032,0.262,,Solomon Islands,42.0,,,868574141.0,0.077,124.0,80,0.026,0.06,0.132,69.0,66.0,0.511,0.406,0.561,0.033,537997,0.205,Oceania,86700000.0,66000000.0,2011-12-01
,,,American Samoa,,,,,,,,,,,,,,,,,55128,0.874,Oceania,,,2012-12-01
,0.648,,Marshall Islands,17.0,110,,173000000.0,0.156,590.0,128,0.031,0.1,,,,,,,,52555,0.719,Oceania,,,2012-12-01
0.014,0.34,,New Zealand,1.0,3,18566.0,171000000000.0,0.103,3292.0,152,0.005,0.82,0.058,83.0,79.0,1.104,0.203,0.661,0.136,4433000,0.862,Oceania,5467000000.0,3718000000.0,2012-12-01
0.014,0.472,,Australia,3.0,10,133681.0,1530000000000.0,0.091,6140.0,109,0.004,0.79,0.07,84.0,80.0,1.056,0.189,0.671,0.14,22723900,0.89,Oceania,34130000000.0,34704000000.0,2012-12-01
0.016,,,New Caledonia,,,,,,,,,0.58,,79.0,73.0,0.912,0.228,0.673,0.099,258000,0.685,Oceania,,,2012-12-01
0.017,,,French Polynesia,,,,,,,,,0.529,,78.0,74.0,0.825,0.229,0.7,0.071,273814,0.562,Oceania,,,2012-12-01
0.017,,,Guam,,,,,,,,,0.615,,81.0,76.0,,0.266,0.656,0.078,162810,0.943,Oceania,,,2012-12-01
0.021,0.376,,Fiji Islands,59.0,58,,4035420973.0,0.04,177.0,163,0.02,0.337,0.07,73.0,67.0,0.982,0.289,0.659,0.052,874742,0.526,Oceania,987000000.0,110000000.0,2012-12-01
0.023,0.318,,Kiribati,31.0,117,,174984469.0,0.107,187.0,120,0.046,0.107,,71.0,66.0,0.159,0.324,0.636,0.04,100786,0.439,Oceania,,,2012-12-01
0.024,0.599,,"Micronesia, Fed. Sts.",16.0,150,,326160961.0,0.128,405.0,128,0.031,0.26,0.143,70.0,68.0,0.302,0.358,0.602,0.039,103395,0.223,Oceania,,,2012-12-01
0.026,0.254,,Tonga,16.0,60,,471575497.0,0.054,238.0,164,0.011,0.349,0.1,75.0,70.0,0.534,0.373,0.568,0.058,104941,0.235,Oceania,,,2012-12-01
0.027,0.084,,Vanuatu,35.0,78,,786938335.0,0.036,116.0,120,0.015,0.106,0.061,73.0,69.0,0.591,0.374,0.586,0.04,247262,0.252,Oceania,288000000.0,43000000.0,2012-12-01
0.027,0.189,,Samoa,9.0,55,,684273267.0,0.068,245.0,224,0.016,0.129,0.099,76.0,70.0,,0.379,0.57,0.051,188889,0.196,Oceania,148000000.0,22300000.0,2012-12-01
0.029,0.421,,Papua New Guinea,53.0,108,,15653921367.0,0.052,114.0,207,0.048,0.035,0.108,64.0,60.0,0.378,0.384,0.588,0.029,7167010,0.13,Oceania,,,2012-12-01
0.031,0.253,,Solomon Islands,9.0,92,,999972421.0,0.08,148.0,80,0.026,0.07,0.113,69.0,66.0,0.55,0.404,0.563,0.033,549598,0.21,Oceania,66900000.0,68000000.0,2012-12-01
,,499.0,Cayman Islands,,,,,,,,,,,,,0.715,,,,47299,1.0,The Americas,523000000.0,,2004-12-01
,,,Curacao,,,,,,,,,,,,,,0.218,0.665,0.118,133363,0.907,The Americas,224000000.0,195000000.0,2004-12-01
,,,Sint Maarten (Dutch part),,,,,,,,,,,,,,,,,35318,1.0,The Americas,626000000.0,80000000.0,2004-12-01
,,103.0,Turks and Caicos Islands,,,,,,,,,,,,,,,,,25025,0.872,The Americas,,,2004-12-01
,,227.0,St. Kitts and Nevis,,,76.0,497548517.0,0.035,363.0,,0.011,0.247,0.103,,,0.599,,,,48421,0.322,The Americas,103000000.0,10000000.0,2004-12-01
,,110.0,Dominica,,,39.0,366976849.0,0.047,243.0,,0.013,0.303,0.089,,,0.595,,,,70325,0.663,The Americas,61000000.0,9000000.0,2004-12-01
0.011,,552349.0,Canada,3.0,,267619.0,1020000000000.0,0.098,3047.0,,0.005,0.66,0.04,83.0,78.0,0.471,0.18,0.691,0.13,31995000,0.8,The Americas,15135000000.0,19267000000.0,2004-12-01
0.012,,25005.0,Cuba,,,11312.0,38202800000.0,0.061,209.0,,0.006,0.084,,80.0,76.0,0.007,0.199,0.694,0.107,11273363,0.76,The Americas,2114000000.0,,2004-12-01
0.013,,,Puerto Rico,7.0,,,80322313000.0,,,,,0.221,,82.0,74.0,0.49,0.225,0.655,0.12,3826878,0.942,The Americas,3024000000.0,1584000000.0,2004-12-01
0.014,,5790765.0,United States,6.0,,2307819.0,12300000000000.0,0.157,6355.0,,0.007,0.648,0.043,80.0,75.0,0.625,0.207,0.67,0.123,292805298,0.798,The Americas,115999999999.99998,94764000000.0,2004-12-01
0.015,,30993.0,Trinidad and Tobago,,,14115.0,12884712296.0,0.052,522.0,,0.024,0.27,0.093,73.0,65.0,0.505,0.224,0.706,0.071,1290379,0.101,The Americas,568000000.0,141000000.0,2004-12-01
0.015,,60047.0,Chile,27.0,,27514.0,101000000000.0,0.067,414.0,,0.008,0.282,0.051,81.0,75.0,0.573,0.255,0.667,0.079,16168241,0.872,The Americas,1571000000.0,1251000000.0,2004-12-01
0.016,,583.0,Greenland,,,,1644951892.0,,,,,0.561,,72.0,66.0,0.686,,,,56911,0.826,The Americas,,,2004-12-01
0.016,,5611.0,Uruguay,45.0,,2869.0,13686333822.0,0.085,350.0,,0.013,0.171,0.237,79.0,72.0,0.18,0.24,0.626,0.135,3323822,0.931,The Americas,591000000.0,267000000.0,2004-12-01
0.017,,10715.0,Jamaica,31.0,,3769.0,10173234921.0,0.048,183.0,,0.018,0.1,0.181,74.0,68.0,0.689,0.315,0.609,0.076,2634145,0.526,The Americas,1733000000.0,318000000.0,2004-12-01
0.017,,,St. Martin (French part),,,,,,,,,,,81.0,75.0,,,,,27514,,The Americas,,,2004-12-01
0.018,,194.0,St. Vincent and the Grenadines,,,66.0,522544702.0,0.037,179.0,,0.019,0.074,0.097,73.0,69.0,0.663,0.29,0.638,0.072,108562,0.466,The Americas,96000000.0,14000000.0,2004-12-01
0.018,,356.0,St. Lucia,,,120.0,858255380.0,0.063,330.0,,0.015,0.214,0.111,75.0,71.0,0.618,0.292,0.636,0.072,163460,0.241,The Americas,326000000.0,37000000.0,2004-12-01
0.018,,6931.0,Costa Rica,77.0,,3880.0,18596365927.0,0.078,346.0,,0.009,0.208,0.234,81.0,76.0,0.217,0.286,0.656,0.058,4246336,0.644,The Americas,1586000000.0,481000000.0,2004-12-01
0.019,,205.0,Grenada,,,74.0,600014341.0,0.058,342.0,,0.013,0.196,0.102,74.0,69.0,0.422,0.309,0.614,0.077,102655,0.36,The Americas,86000000.0,9000000.0,2004-12-01
0.021,,2292.0,Suriname,,,664.0,1484092538.0,0.069,207.0,,0.027,0.061,0.204,72.0,65.0,0.431,0.3,0.64,0.06,493394,0.667,The Americas,52000000.0,85000000.0,2004-12-01
0.021,,6366.0,El Salvador,115.0,,4382.0,15798300000.0,0.073,191.0,,0.021,0.032,,75.0,66.0,0.303,0.363,0.576,0.061,6050297,0.611,The Americas,748000000.0,373000000.0,2004-12-01
0.022,,1628.0,Guyana,46.0,,479.0,785918770.0,0.053,55.0,,0.036,,0.145,68.0,61.0,0.227,0.363,0.598,0.039,756939,0.284,The Americas,27000000.0,30000000.0,2004-12-01
0.022,,55071.0,Colombia,42.0,,26001.0,117000000000.0,0.054,148.0,,0.019,0.091,0.151,76.0,68.0,0.245,0.312,0.638,0.05,42527623,0.733,The Americas,1369000000.0,1469000000.0,2004-12-01
0.022,,31896.0,Peru,98.0,,12875.0,65702520516.0,0.044,111.0,,0.023,0.141,0.247,75.0,69.0,0.149,0.324,0.623,0.053,27403845,0.746,The Americas,1232000000.0,852000000.0,2004-12-01
0.022,,168268.0,Venezuela,141.0,,56441.0,112000000000.00002,0.056,239.0,,0.016,0.084,0.185,76.0,70.0,0.321,0.318,0.633,0.049,26261326,0.885,The Americas,554000000.0,1604000000.0,2004-12-01
0.022,,410744.0,Mexico,58.0,,159324.0,770000000000.0,0.06,441.0,,0.017,0.141,0.074,78.0,73.0,0.352,0.327,0.621,0.052,109381550,0.76,The Americas,11610000000.0,8034000000.0,2004-12-01
0.023,,5805.0,Panama,18.0,,2613.0,14179300000.0,0.081,347.0,,0.02,0.111,0.088,79.0,73.0,0.381,0.31,0.63,0.06,3303335,0.634,The Americas,903000000.0,294000000.0,2004-12-01
0.024,,18786.0,Dominican Republic,77.0,,6528.0,22163928097.0,0.051,120.0,,0.03,0.089,0.326,75.0,68.0,0.275,0.334,0.61,0.056,9207389,0.66,The Americas,3152000000.0,448000000.0,2004-12-01
0.024,,28658.0,Ecuador,92.0,,10278.0,36591661000.0,0.066,178.0,,0.025,0.048,0.1,77.0,72.0,0.262,0.33,0.615,0.055,13529091,0.615,The Americas,464000000.0,577000000.0,2004-12-01
0.026,,4089.0,Paraguay,74.0,,4002.0,8033877360.0,0.059,82.0,,0.025,0.035,0.335,73.0,69.0,0.302,0.363,0.59,0.047,5793330,0.571,The Americas,87000000.0,121000000.0,2004-12-01
0.026,,4426.0,Nicaragua,39.0,,2821.0,5795568203.0,0.061,66.0,,0.027,0.023,0.135,75.0,69.0,0.137,0.384,0.575,0.04,5386299,0.557,The Americas,192000000.0,154000000.0,2004-12-01
0.029,,1988.0,Haiti,202.0,,2288.0,3660483886.0,0.056,22.0,,0.067,0.054,0.48,61.0,57.0,0.044,0.385,0.574,0.041,9129933,0.424,The Americas,93000000.0,206000000.0,2004-12-01
0.029,,7367.0,Honduras,62.0,,3853.0,8772197585.0,0.079,103.0,,0.027,0.056,0.199,74.0,69.0,0.105,0.404,0.555,0.041,6762426,0.479,The Americas,420000000.0,300000000.0,2004-12-01
0.035,,11621.0,Guatemala,39.0,,7785.0,23965280312.0,0.064,124.0,,0.035,0.051,0.138,73.0,66.0,0.256,0.434,0.524,0.043,12367800,0.468,The Americas,630000000.0,488000000.0,2004-12-01
,,513.0,Cayman Islands,,,,,,,,,0.38,,,,1.665,,,,48623,1.0,The Americas,356000000.0,,2005-12-01
,,,Curacao,,,,,,,,,,,,,,0.211,0.668,0.121,136708,0.905,The Americas,244000000.0,164000000.0,2005-12-01
,,,Sint Maarten (Dutch part),,,,,,,,,,,,,,,,,36936,1.0,The Americas,659000000.0,94000000.0,2005-12-01
,,121.0,Turks and Caicos Islands,,,,,,,,,,,,,,,,,26450,0.877,The Americas,,,2005-12-01
,0.37,114.0,Dominica,14.0,,41.0,361615918.0,0.05,255.0,147,0.012,0.385,0.099,,,0.737,,,,70542,0.666,The Americas,57000000.0,10000000.0,2005-12-01
,0.523,235.0,St. Kitts and Nevis,19.0,,79.0,536410666.0,0.036,389.0,172,0.011,0.34,0.1,,,1.038,,,,49139,0.32,The Americas,121000000.0,11000000.0,2005-12-01
0.011,,26006.0,Cuba,,,10758.0,42644200000.0,0.081,306.0,,0.005,0.097,,80.0,76.0,0.012,0.195,0.696,0.11,11292078,0.761,The Americas,2591000000.0,,2005-12-01
0.011,0.475,563072.0,Canada,3.0,,272206.0,1160000000000.0,0.098,3452.0,119,0.005,0.717,0.044,83.0,78.0,0.528,0.177,0.692,0.131,32312000,0.801,The Americas,15887000000.0,22739000000.0,2005-12-01
0.012,,2274.0,Aruba,,,,2331005587.0,,,,,0.254,0.115,77.0,72.0,1.034,0.215,0.699,0.086,100031,0.449,The Americas,1097000000.0,250000000.0,2005-12-01
0.013,,1353.0,Barbados,,,390.0,3891500000.0,0.07,765.0,,0.015,0.525,0.092,76.0,72.0,0.754,0.206,0.686,0.108,273568,0.329,The Americas,1081000000.0,274000000.0,2005-12-01
0.013,0.576,,Puerto Rico,7.0,,,83914521341.0,,,140,,0.234,,82.0,74.0,0.53,0.222,0.657,0.122,3821362,0.941,The Americas,3239000000.0,1663000000.0,2005-12-01
0.013,,444.0,Bermuda,,,,4868136000.0,,,,,0.654,,81.0,76.0,0.822,,,,64154,1.0,The Americas,429000000.0,239000000.0,2005-12-01
0.014,0.458,5826394.0,United States,6.0,,2318861.0,13100000000000.0,0.158,6732.0,325,0.007,0.68,0.062,80.0,75.0,0.683,0.205,0.671,0.123,295516599,0.799,The Americas,127000000000.0,,2005-12-01
0.015,0.37,28581.0,Trinidad and Tobago,43.0,,16880.0,16088526686.0,0.053,648.0,210,0.024,0.29,0.091,73.0,65.0,0.713,0.218,0.709,0.072,1296933,0.099,The Americas,593000000.0,234000000.0,2005-12-01
0.015,,1599.0,"Bahamas, The",,,696.0,7706222000.0,0.06,1394.0,,0.013,0.25,0.055,77.0,71.0,0.692,0.256,0.682,0.062,329088,0.823,The Americas,2081000000.0,528000000.0,2005-12-01
0.015,0.713,5776.0,Uruguay,45.0,,2957.0,17362872710.0,0.082,430.0,304,0.012,0.201,0.136,79.0,72.0,0.347,0.238,0.627,0.135,3325155,0.933,The Americas,699000000.0,331000000.0,2005-12-01
0.015,0.253,61730.0,Chile,27.0,,28352.0,124000000000.0,0.066,497.0,316,0.008,0.312,0.067,81.0,75.0,0.647,0.249,0.671,0.08,16337749,0.874,The Americas,1682000000.0,1355000000.0,2005-12-01
0.016,,609.0,Greenland,,,,1702543477.0,,,,,0.577,,72.0,67.0,0.816,,,,56935,0.829,The Americas,,,2005-12-01
0.017,0.357,367.0,St. Lucia,20.0,,123.0,908558307.0,0.063,348.0,71,0.015,0.216,0.106,75.0,71.0,0.639,0.285,0.643,0.072,165407,0.231,The Americas,382000000.0,39000000.0,2005-12-01
0.017,0.552,7088.0,Costa Rica,77.0,,3865.0,19964893807.0,0.077,364.0,402,0.009,0.221,0.247,81.0,76.0,0.255,0.279,0.662,0.059,4320130,0.657,The Americas,1810000000.0,556000000.0,2005-12-01
0.018,0.69,347309.0,Brazil,152.0,,215332.0,882000000000.0,0.082,387.0,2600,0.02,0.21,0.554,76.0,68.0,0.463,0.276,0.663,0.062,186142403,0.828,The Americas,4168000000.0,5905000000.0,2005-12-01
0.018,0.499,10645.0,Jamaica,8.0,,3717.0,11075778481.0,0.041,170.0,414,0.018,0.128,0.174,74.0,69.0,0.739,0.311,0.612,0.077,2643601,0.528,The Americas,1783000000.0,290000000.0,2005-12-01
0.018,0.45,198.0,St. Vincent and the Grenadines,12.0,,67.0,551431645.0,0.037,185.0,76,0.019,0.092,0.096,74.0,69.0,0.649,0.285,0.643,0.072,108749,0.47,The Americas,104000000.0,15000000.0,2005-12-01
0.018,1.075,160952.0,Argentina,30.0,,66973.0,223000000000.0,0.083,395.0,453,0.015,0.177,0.062,79.0,71.0,0.573,0.263,0.634,0.102,38647854,0.901,The Americas,3209000000.0,3554000000.0,2005-12-01
0.018,,,St. Martin (French part),,,,,,,,,,,81.0,75.0,,,,,27906,,The Americas,,,2005-12-01
0.019,0.453,216.0,Grenada,20.0,,79.0,700431791.0,0.061,412.0,140,0.013,0.205,0.101,74.0,69.0,0.455,0.3,0.623,0.077,102951,0.359,The Americas,71000000.0,10000000.0,2005-12-01
0.019,0.515,411.0,Antigua and Barbuda,31.0,,137.0,1001970945.0,0.045,544.0,184,0.011,0.27,0.114,77.0,72.0,1.042,0.283,0.644,0.073,82565,0.292,The Americas,309000000.0,40000000.0,2005-12-01
0.02,0.279,2380.0,Suriname,694.0,,696.0,1793557833.0,0.068,243.0,199,0.026,0.064,0.174,72.0,66.0,0.466,0.299,0.64,0.061,499523,0.667,The Americas,96000000.0,94000000.0,2005-12-01
0.021,0.347,6454.0,El Salvador,40.0,,4509.0,17093800000.0,0.072,202.0,320,0.02,0.042,,75.0,66.0,0.397,0.357,0.581,0.062,6072538,0.616,The Americas,656000000.0,288000000.0,2005-12-01
0.021,0.837,60946.0,Colombia,42.0,,27085.0,147000000000.0,0.058,197.0,456,0.018,0.11,0.146,76.0,69.0,0.506,0.308,0.642,0.051,43184026,0.736,The Americas,1574000000.0,1565000000.0,2005-12-01
0.022,0.39,1434.0,Guyana,42.0,,495.0,824880550.0,0.053,58.0,288,0.036,,0.145,68.0,62.0,0.37,0.366,0.596,0.038,760834,0.283,The Americas,35000000.0,40000000.0,2005-12-01
0.022,0.384,37136.0,Peru,102.0,,13646.0,74147754854.0,0.045,128.0,424,0.022,0.171,0.255,75.0,70.0,0.201,0.32,0.626,0.054,27723281,0.75,The Americas,1438000000.0,970000000.0,2005-12-01
0.022,0.502,181630.0,Venezuela,141.0,,66558.0,146000000000.0,0.054,296.0,864,0.016,0.126,0.168,76.0,70.0,0.468,0.313,0.637,0.05,26725897,0.886,The Americas,722000000.0,1843000000.0,2005-12-01
0.022,0.557,435046.0,Mexico,58.0,,170263.0,866000000000.0,0.059,478.0,552,0.017,0.172,0.097,78.0,73.0,0.426,0.323,0.624,0.053,110731826,0.763,The Americas,12801000000.0,8951000000.0,2005-12-01
0.022,0.439,6839.0,Panama,18.0,,2884.0,15464700000.0,0.075,344.0,560,0.019,0.115,0.087,79.0,73.0,0.52,0.307,0.632,0.061,3365929,0.637,The Americas,1108000000.0,388000000.0,2005-12-01
0.024,0.355,19651.0,Dominican Republic,74.0,,6840.0,33969724872.0,0.053,188.0,232,0.029,0.115,0.241,75.0,69.0,0.388,0.331,0.613,0.057,9343362,0.674,The Americas,3518000000.0,511000000.0,2005-12-01
0.024,0.353,29908.0,Ecuador,69.0,,11048.0,41507085000.0,0.063,190.0,600,0.024,0.06,0.096,78.0,72.0,0.453,0.327,0.617,0.056,13777131,0.617,The Americas,488000000.0,644000000.0,2005-12-01
0.025,0.635,4320.0,Nicaragua,39.0,,2836.0,6322582497.0,0.061,71.0,240,0.026,0.026,0.121,75.0,69.0,0.205,0.378,0.581,0.041,5455219,0.559,The Americas,206000000.0,162000000.0,2005-12-01
0.026,0.545,3832.0,Paraguay,74.0,,3954.0,8734651406.0,0.056,82.0,328,0.024,0.079,0.299,73.0,69.0,0.32,0.358,0.594,0.048,5904170,0.574,The Americas,96000000.0,130000000.0,2005-12-01
0.027,0.347,396.0,Belize,45.0,,161.0,1114200000.0,0.044,182.0,147,0.018,0.092,0.143,75.0,69.0,0.353,0.379,0.58,0.041,271920,0.463,The Americas,214000000.0,45000000.0,2005-12-01
0.029,0.404,2076.0,Haiti,202.0,,2585.0,4154289832.0,0.044,20.0,184,0.066,0.064,0.41,61.0,58.0,0.054,0.381,0.578,0.042,9260879,0.441,The Americas,80000000.0,174000000.0,2005-12-01
0.029,0.8,12325.0,Bolivia,50.0,,5183.0,9549196256.0,0.056,57.0,1080,0.044,0.052,0.166,67.0,63.0,0.259,0.383,0.573,0.044,9354709,0.642,The Americas,345000000.0,257000000.0,2005-12-01
0.029,0.44,7554.0,Honduras,62.0,,3997.0,9672006169.0,0.077,109.0,424,0.026,0.065,0.188,74.0,69.0,0.186,0.398,0.56,0.041,6898825,0.485,The Americas,465000000.0,321000000.0,2005-12-01
0.035,0.387,12453.0,Guatemala,39.0,,7855.0,27211230374.0,0.065,138.0,344,0.033,0.057,0.13,73.0,66.0,0.356,0.432,0.526,0.043,12678919,0.472,The Americas,791000000.0,532000000.0,2005-12-01
,,517.0,Cayman Islands,,,,,,,,,0.445,,,,1.85,,,,50026,1.0,The Americas,509000000.0,164000000.0,2006-12-01
,,,Sint Maarten (Dutch part),,,,,,,,,,,,,,,,,38272,1.0,The Americas,651000000.0,86000000.0,2006-12-01
,,143.0,Turks and Caicos Islands,,,,,,,,,,,,,,,,,27642,0.883,The Americas,,,2006-12-01
,0.523,235.0,St. Kitts and Nevis,19.0,,79.0,629511778.0,0.04,517.0,172,0.01,0.49,0.093,,,1.024,,,,49823,0.32,The Americas,132000000.0,14000000.0,2006-12-01
0.011,,27407.0,Cuba,,,10847.0,52742100000.0,0.077,360.0,,0.005,0.112,,80.0,76.0,0.014,0.19,0.698,0.112,11301100,0.762,The Americas,2414000000.0,,2006-12-01
0.011,0.45,550233.0,Canada,3.0,,268302.0,1310000000000.0,0.1,3904.0,119,0.005,0.724,0.058,83.0,78.0,0.575,0.174,0.694,0.133,32570505,0.802,The Americas,16837000000.0,26067000000.0,2006-12-01
0.012,,2274.0,Aruba,,,,2421474860.0,,,,,0.28,0.113,77.0,72.0,1.081,0.213,0.698,0.089,100830,0.445,The Americas,1064000000.0,241000000.0,2006-12-01
0.012,0.576,,Puerto Rico,7.0,,,87276164365.0,,,140,,0.254,,83.0,74.0,0.586,0.219,0.658,0.123,3805214,0.941,The Americas,3369000000.0,1752000000.0,2006-12-01
0.013,,1371.0,Barbados,,,398.0,4314050000.0,0.071,826.0,,0.014,0.553,0.103,77.0,72.0,0.862,0.203,0.69,0.107,274923,0.328,The Americas,1235000000.0,284000000.0,2006-12-01
0.013,,521.0,Bermuda,,,,5414299000.0,,,,,0.699,,82.0,76.0,0.934,,,,64523,1.0,The Americas,495000000.0,394000000.0,2006-12-01
0.014,,,Curacao,,,,,,,,,,,79.0,71.0,,0.206,0.67,0.124,140217,0.904,The Americas,277000000.0,191000000.0,2006-12-01
0.014,0.474,5737616.0,United States,6.0,,2296686.0,13900000000000.002,0.159,7110.0,325,0.007,0.689,0.08,80.0,75.0,0.763,0.204,0.672,0.124,298379912,0.801,The Americas,133000000000.0,,2006-12-01
0.015,0.37,110.0,Dominica,14.0,,42.0,382299140.0,0.05,271.0,147,0.012,0.394,0.095,,,1.011,,,,70690,0.669,The Americas,72000000.0,10000000.0,2006-12-01
0.015,0.372,32152.0,Trinidad and Tobago,43.0,,19585.0,18460905284.0,0.044,625.0,210,0.023,0.3,0.109,73.0,66.0,1.165,0.214,0.712,0.074,1303478,0.097,The Americas,517000000.0,146000000.0,2006-12-01
0.015,,627.0,Greenland,,,,1738432116.0,,,,,0.594,,72.0,67.0,0.947,,,,56774,0.832,The Americas,,,2006-12-01
0.015,,1522.0,"Bahamas, The",,,706.0,7965588000.0,0.069,1645.0,,0.012,0.26,0.055,77.0,71.0,0.754,0.249,0.688,0.064,335622,0.823,The Americas,2066000000.0,541000000.0,2006-12-01
0.015,0.713,6648.0,Uruguay,43.0,,3183.0,19579479147.0,0.083,491.0,304,0.012,0.294,0.093,80.0,72.0,0.7,0.235,0.628,0.136,3330217,0.936,The Americas,711000000.0,305000000.0,2006-12-01
0.015,0.251,64393.0,Chile,27.0,,29507.0,155000000000.0,0.062,587.0,316,0.008,0.345,0.08,81.0,75.0,0.754,0.243,0.675,0.082,16504530,0.877,The Americas,1891000000.0,1573000000.0,2006-12-01
0.016,0.499,12020.0,Jamaica,8.0,,4176.0,11903020644.0,0.042,187.0,414,0.018,0.164,0.176,75.0,69.0,0.844,0.308,0.615,0.077,2653042,0.53,The Americas,2094000000.0,315000000.0,2006-12-01
0.017,0.69,347668.0,Brazil,149.0,,222818.0,1090000000000.0001,0.085,491.0,2600,0.019,0.282,0.508,76.0,68.0,0.531,0.272,0.665,0.063,188134315,0.831,The Americas,4577000000.0,7501000000.0,2006-12-01
0.017,0.34,367.0,St. Lucia,20.0,,119.0,1018069267.0,0.065,393.0,71,0.015,0.245,0.108,76.0,71.0,0.63,0.277,0.649,0.074,167658,0.221,The Americas,294000000.0,39000000.0,2006-12-01
0.017,0.552,7437.0,Costa Rica,77.0,,4182.0,22526464409.0,0.078,410.0,402,0.009,0.251,0.222,81.0,76.0,0.329,0.272,0.668,0.06,4392493,0.669,The Americas,1865000000.0,577000000.0,2006-12-01
0.018,0.45,202.0,St. Vincent and the Grenadines,12.0,,70.0,611040126.0,0.039,218.0,76,0.019,0.12,0.097,74.0,69.0,0.805,0.281,0.648,0.071,108908,0.474,The Americas,113000000.0,16000000.0,2006-12-01
0.018,1.076,174238.0,Argentina,30.0,,73128.0,264000000000.0,0.083,454.0,453,0.015,0.209,0.086,79.0,71.0,0.808,0.26,0.637,0.103,38988923,0.903,The Americas,3899000000.0,4038000000.0,2006-12-01
0.018,0.476,425.0,Antigua and Barbuda,21.0,,143.0,1141418340.0,0.045,607.0,184,0.01,0.3,0.109,77.0,72.0,1.32,0.28,0.647,0.073,83467,0.286,The Americas,327000000.0,45000000.0,2006-12-01
0.018,,,St. Martin (French part),,,,,,,,,,,81.0,75.0,,,,,28414,,The Americas,,,2006-12-01
0.019,0.453,231.0,Grenada,20.0,,81.0,704762536.0,0.064,435.0,140,0.013,0.214,0.099,74.0,69.0,0.447,0.293,0.631,0.076,103260,0.359,The Americas,94000000.0,16000000.0,2006-12-01
0.02,0.279,2442.0,Suriname,694.0,,714.0,2626093294.0,0.062,323.0,199,0.025,0.095,0.156,73.0,66.0,0.633,0.297,0.641,0.062,505186,0.666,The Americas,109000000.0,33000000.0,2006-12-01
0.021,0.347,6846.0,El Salvador,26.0,,4735.0,18550700000.0,0.067,203.0,320,0.019,0.055,,76.0,66.0,0.632,0.35,0.586,0.064,6096692,0.622,The Americas,686000000.0,307000000.0,2006-12-01
0.021,0.84,62940.0,Colombia,43.0,,28568.0,163000000000.0,0.061,227.0,456,0.018,0.153,0.129,76.0,69.0,0.679,0.304,0.645,0.052,43841370,0.739,The Americas,2009000000.0,1799000000.0,2006-12-01
0.021,0.531,441796.0,Mexico,25.0,,172307.0,967000000000.0,0.057,515.0,560,0.016,0.195,0.075,78.0,73.0,0.494,0.319,0.627,0.054,112116694,0.766,The Americas,13329000000.0,9387000000.0,2006-12-01
0.022,0.39,1291.0,Guyana,41.0,,500.0,1458449058.0,0.041,79.0,288,0.035,,0.145,68.0,62.0,0.523,0.369,0.594,0.037,765367,0.283,The Americas,37000000.0,49000000.0,2006-12-01
0.022,0.383,35064.0,Peru,72.0,,13248.0,87554128440.0,0.045,149.0,424,0.02,0.207,0.239,75.0,70.0,0.325,0.316,0.629,0.055,28030688,0.754,The Americas,1775000000.0,1047000000.0,2006-12-01
0.022,0.498,171825.0,Venezuela,141.0,,63705.0,183000000000.0,0.057,387.0,864,0.015,0.152,0.155,76.0,71.0,0.691,0.309,0.64,0.051,27190882,0.886,The Americas,843000000.0,1807000000.0,2006-12-01
0.022,0.441,7371.0,Panama,18.0,,3093.0,17137000000.0,0.07,350.0,560,0.019,0.173,0.084,79.0,73.0,0.634,0.305,0.633,0.062,3428509,0.64,The Americas,1425000000.0,403000000.0,2006-12-01
0.023,0.358,20693.0,Dominican Republic,72.0,,7068.0,35965041793.0,0.052,197.0,286,0.028,0.148,0.195,75.0,69.0,0.486,0.327,0.616,0.057,9479269,0.687,The Americas,3917000000.0,495000000.0,2006-12-01
0.023,0.353,29688.0,Ecuador,65.0,,10255.0,46802044000.0,0.065,216.0,600,0.023,0.072,0.098,78.0,72.0,0.605,0.323,0.62,0.057,14023503,0.619,The Americas,492000000.0,706000000.0,2006-12-01
0.025,0.448,3986.0,Paraguay,74.0,,4076.0,10662013273.0,0.057,101.0,328,0.023,0.08,0.301,74.0,69.0,0.537,0.353,0.598,0.048,6014781,0.576,The Americas,112000000.0,144000000.0,2006-12-01
0.025,0.635,4466.0,Nicaragua,39.0,,2824.0,6786340353.0,0.063,78.0,240,0.025,0.028,0.116,75.0,69.0,0.331,0.371,0.587,0.042,5524927,0.562,The Americas,231000000.0,188000000.0,2006-12-01
0.026,0.348,407.0,Belize,45.0,,172.0,1217450000.0,0.044,192.0,147,0.018,0.104,0.142,75.0,69.0,0.423,0.374,0.585,0.04,278985,0.46,The Americas,260000000.0,43000000.0,2006-12-01
0.028,0.404,2112.0,Haiti,202.0,,2645.0,4879738636.0,0.057,30.0,184,0.064,0.068,0.264,62.0,58.0,0.128,0.377,0.581,0.042,9388642,0.458,The Americas,126000000.0,239000000.0,2006-12-01
0.028,0.8,14910.0,Bolivia,50.0,,6439.0,11451845341.0,0.048,58.0,1080,0.042,0.062,0.119,67.0,63.0,0.302,0.379,0.576,0.045,9517395,0.647,The Americas,330000000.0,360000000.0,2006-12-01
0.028,0.44,7008.0,Honduras,44.0,,3993.0,10841723354.0,0.076,118.0,424,0.025,0.078,0.174,74.0,69.0,0.318,0.392,0.566,0.042,7037428,0.492,The Americas,516000000.0,425000000.0,2006-12-01
0.034,0.387,12526.0,Guatemala,30.0,,7940.0,30231130543.0,0.073,171.0,344,0.032,0.065,0.128,73.0,66.0,0.552,0.429,0.528,0.043,12995374,0.476,The Americas,919000000.0,655000000.0,2006-12-01
,,158.0,Turks and Caicos Islands,,,,,,,,,,,,,,,,,28638,0.888,The Americas,,,2007-12-01
,0.37,150.0,Dominica,14.0,,43.0,412592593.0,0.051,298.0,147,0.012,0.403,0.092,,,1.2570000000000001,,,,70795,0.672,The Americas,74000000.0,11000000.0,2007-12-01
,0.523,249.0,St. Kitts and Nevis,19.0,,83.0,684074062.0,0.041,551.0,172,0.01,0.52,0.093,,,1.278,,,,50478,0.319,The Americas,125000000.0,12000000.0,2007-12-01
,,,Sint Maarten (Dutch part),,,,,,,,,,,77.0,72.0,,,,,39464,1.0,The Americas,665000000.0,83000000.0,2007-12-01
0.011,,26736.0,Cuba,,,10137.0,58603500000.0,0.104,587.0,,0.005,0.117,,80.0,76.0,0.018,0.186,0.699,0.115,11301674,0.763,The Americas,2415000000.0,,2007-12-01
0.011,0.443,560802.0,Canada,3.0,,271728.0,1460000000000.0,0.1,4330.0,119,0.005,0.732,0.061,83.0,78.0,0.615,0.171,0.695,0.134,32887928,0.804,The Americas,17961000000.0,31099000000.0,2007-12-01
0.012,,2358.0,Aruba,,,,2623726257.0,,,,,0.309,0.11,77.0,72.0,1.1219999999999999,0.212,0.696,0.092,101219,0.441,The Americas,1213000000.0,270000000.0,2007-12-01
0.012,0.576,,Puerto Rico,7.0,,,89524131617.0,,,140,,0.279,,83.0,74.0,0.65,0.215,0.66,0.125,3782995,0.94,The Americas,3414000000.0,1743000000.0,2007-12-01
0.013,,1426.0,Barbados,,,401.0,4513250000.0,0.075,928.0,,0.014,0.582,0.108,77.0,72.0,0.932,0.2,0.694,0.106,276277,0.326,The Americas,1224000000.0,290000000.0,2007-12-01
0.013,,,Curacao,,,,,,,,,,,79.0,72.0,,0.203,0.671,0.126,143026,0.903,The Americas,329000000.0,223000000.0,2007-12-01
0.013,,517.0,Bermuda,,,,5895048000.0,,,,,0.744,,82.0,76.0,1.07,,,,64888,1.0,The Americas,569000000.0,453000000.0,2007-12-01
0.014,,612.0,Cayman Islands,,,,,,,,,0.52,,,,1.972,,,,51472,1.0,The Americas,481000000.0,132000000.0,2007-12-01
0.014,0.461,5828697.0,United States,6.0,,2337014.0,14500000000000.0,0.161,7486.0,325,0.007,0.75,0.081,80.0,75.0,0.821,0.202,0.673,0.125,301231207,0.803,The Americas,149000000000.0,,2007-12-01
0.015,0.331,46461.0,Trinidad and Tobago,43.0,,20331.0,21830397705.0,0.048,790.0,210,0.023,0.323,0.118,73.0,66.0,1.152,0.211,0.713,0.076,1310040,0.096,The Americas,621000000.0,155000000.0,2007-12-01
0.015,,616.0,Greenland,,,,2121759848.0,,,,,0.611,,72.0,68.0,1.169,,,,56555,0.835,The Americas,,,2007-12-01
0.015,0.449,1547.0,"Bahamas, The",31.0,,709.0,8318996000.0,0.071,1721.0,58,0.012,0.27,0.055,77.0,71.0,1.093,0.242,0.693,0.065,342049,0.824,The Americas,2198000000.0,538000000.0,2007-12-01
0.015,0.713,5999.0,Uruguay,44.0,,3172.0,23410536914.0,0.08,560.0,304,0.012,0.34,0.089,80.0,73.0,0.9,0.233,0.63,0.137,3338384,0.938,The Americas,928000000.0,354000000.0,2007-12-01
0.015,0.251,71154.0,Chile,27.0,,30565.0,173000000000.0,0.064,665.0,316,0.008,0.359,0.087,82.0,76.0,0.837,0.237,0.678,0.085,16668892,0.879,The Americas,2226000000.0,2042000000.0,2007-12-01
0.016,0.499,13480.0,Jamaica,8.0,,4200.0,12820055025.0,0.049,230.0,414,0.017,0.211,0.172,75.0,69.0,0.991,0.304,0.618,0.077,2662481,0.532,The Americas,2142000000.0,340000000.0,2007-12-01
0.017,0.69,363213.0,Brazil,149.0,,235460.0,1370000000000.0,0.085,609.0,2600,0.018,0.309,0.437,76.0,69.0,0.637,0.268,0.668,0.064,189996976,0.834,The Americas,5284000000.0,10434000000.0,2007-12-01
0.017,0.34,385.0,St. Lucia,20.0,,128.0,1145555535.0,0.068,452.0,71,0.014,0.279,0.101,76.0,71.0,0.864,0.27,0.653,0.077,170149,0.211,The Americas,302000000.0,42000000.0,2007-12-01
0.017,1.076,180416.0,Argentina,30.0,,73673.0,330000000000.0,0.082,548.0,453,0.014,0.259,0.111,79.0,71.0,1.027,0.257,0.639,0.104,39331357,0.904,The Americas,4984000000.0,5063000000.0,2007-12-01
0.017,,,St. Martin (French part),,,,,,,,,,,82.0,75.0,,,,,28905,,The Americas,,,2007-12-01
0.017,0.552,8573.0,Costa Rica,77.0,,4508.0,26321999607.0,0.084,525.0,402,0.009,0.284,0.128,81.0,76.0,0.338,0.266,0.673,0.061,4463226,0.682,The Americas,2221000000.0,751000000.0,2007-12-01
0.018,0.45,202.0,St. Vincent and the Grenadines,12.0,,70.0,684074074.0,0.039,246.0,76,0.019,0.16,0.096,74.0,70.0,1.013,0.276,0.653,0.07,109045,0.477,The Americas,110000000.0,20000000.0,2007-12-01
0.018,0.462,444.0,Antigua and Barbuda,21.0,,146.0,1289259236.0,0.046,698.0,184,0.01,0.34,0.104,77.0,72.0,1.332,0.276,0.651,0.073,84397,0.28,The Americas,338000000.0,52000000.0,2007-12-01
0.019,0.279,2442.0,Suriname,694.0,,714.0,2936612022.0,0.059,341.0,199,0.024,0.141,0.138,73.0,66.0,0.744,0.295,0.643,0.062,510433,0.665,The Americas,73000000.0,28000000.0,2007-12-01
0.019,0.453,238.0,Grenada,20.0,,81.0,758888875.0,0.061,448.0,140,0.012,0.223,0.098,74.0,69.0,0.496,0.287,0.638,0.075,103586,0.358,The Americas,129000000.0,16000000.0,2007-12-01
0.021,0.347,6898.0,El Salvador,22.0,,4479.0,20104900000.0,0.063,207.0,320,0.018,0.061,,76.0,66.0,1.002,0.343,0.592,0.065,6122952,0.627,The Americas,793000000.0,363000000.0,2007-12-01
0.021,0.842,63439.0,Colombia,42.0,,27919.0,208000000000.0,0.063,291.0,268,0.017,0.218,0.154,77.0,69.0,0.763,0.3,0.648,0.052,44498390,0.742,The Americas,2262000000.0,2093000000.0,2007-12-01
0.021,0.383,43208.0,Peru,72.0,,14334.0,102000000000.0,0.051,192.0,424,0.019,0.252,0.229,76.0,70.0,0.544,0.312,0.632,0.056,28328410,0.758,The Americas,2007000000.0,1243000000.0,2007-12-01
0.021,0.523,455845.0,Mexico,25.0,,176711.0,1040000000000.0,0.058,565.0,485,0.016,0.208,0.076,78.0,74.0,0.586,0.314,0.63,0.056,113529819,0.769,The Americas,14055000000.0,9918000000.0,2007-12-01
0.021,0.447,7125.0,Panama,18.0,,3024.0,21121900000.0,0.067,382.0,482,0.018,0.223,0.083,79.0,74.0,0.862,0.302,0.635,0.063,3491034,0.643,The Americas,1806000000.0,457000000.0,2007-12-01
0.022,0.39,1566.0,Guyana,37.0,,500.0,1740334782.0,0.039,89.0,288,0.034,0.138,0.146,68.0,62.0,0.699,0.372,0.592,0.035,770407,0.282,The Americas,50000000.0,58000000.0,2007-12-01
0.022,0.536,175785.0,Venezuela,141.0,,62934.0,229999999999.99997,0.06,497.0,864,0.015,0.208,0.171,77.0,71.0,0.861,0.305,0.643,0.052,27655937,0.886,The Americas,972000000.0,2249000000.0,2007-12-01
0.023,0.395,21430.0,Dominican Republic,22.0,,7058.0,41320673508.0,0.05,212.0,286,0.028,0.177,0.158,75.0,69.0,0.573,0.323,0.619,0.058,9615015,0.7,The Americas,4064000000.0,531000000.0,2007-12-01
0.023,0.353,30759.0,Ecuador,65.0,,11332.0,51007777000.0,0.067,241.0,600,0.023,0.108,,78.0,72.0,0.697,0.32,0.622,0.058,14268397,0.621,The Americas,626000000.0,733000000.0,2007-12-01
0.025,0.351,4136.0,Paraguay,35.0,,4225.0,13794909537.0,0.06,135.0,328,0.023,0.112,0.25,74.0,70.0,0.766,0.349,0.602,0.049,6125285,0.578,The Americas,121000000.0,184000000.0,2007-12-01
0.025,0.635,4595.0,Nicaragua,39.0,,2871.0,7458167331.0,0.069,92.0,240,0.024,0.039,0.13,76.0,70.0,0.447,0.364,0.592,0.043,5595533,0.564,The Americas,255000000.0,279000000.0,2007-12-01
0.026,0.348,425.0,Belize,44.0,,178.0,1290500000.0,0.048,215.0,147,0.017,0.109,0.143,76.0,70.0,0.413,0.37,0.59,0.04,286196,0.458,The Americas,289000000.0,46000000.0,2007-12-01
0.028,0.404,2391.0,Haiti,202.0,,2509.0,5885325590.0,0.054,34.0,184,0.063,0.072,0.231,62.0,59.0,0.263,0.373,0.584,0.043,9513714,0.474,The Americas,190000000.0,331000000.0,2007-12-01
0.028,0.8,12757.0,Bolivia,50.0,,5372.0,13120183157.0,0.047,64.0,1080,0.04,0.105,0.129,68.0,63.0,0.336,0.374,0.58,0.045,9676456,0.651,The Americas,326000000.0,385000000.0,2007-12-01
0.028,0.44,8779.0,Honduras,21.0,,4692.0,12275491273.0,0.079,136.0,424,0.024,0.094,0.166,74.0,70.0,0.583,0.386,0.572,0.042,7178436,0.498,The Americas,547000000.0,309000000.0,2007-12-01
0.034,0.365,12636.0,Guatemala,34.0,,8528.0,34113106486.0,0.072,184.0,344,0.031,0.073,0.128,74.0,67.0,0.893,0.426,0.531,0.043,13317931,0.48,The Americas,1055000000.0,737000000.0,2007-12-01
,,631.0,Cayman Islands,,,,,,,,,0.61,,,,1.858,,,,52912,1.0,The Americas,518000000.0,130000000.0,2008-12-01
,,158.0,Turks and Caicos Islands,,,,,,,,,,,,,,,,,29481,0.893,The Americas,,,2008-12-01
,0.37,128.0,Dominica,13.0,,,452222222.0,0.049,316.0,117,0.012,0.412,0.091,,,1.284,,,,70883,0.675,The Americas,76000000.0,11000000.0,2008-12-01
,0.525,249.0,St. Kitts and Nevis,19.0,,,734814815.0,0.042,603.0,172,0.009,0.6,0.087,,,1.458,,,,51110,0.318,The Americas,110000000.0,15000000.0,2008-12-01
0.01,,30443.0,Cuba,,,10566.0,60806200000.0,0.108,584.0,,0.005,0.129,,80.0,76.0,0.029,0.181,0.7,0.118,11296355,0.764,The Americas,2347000000.0,,2008-12-01
0.011,,2288.0,Aruba,,,,2791960894.0,,,,,0.52,0.112,77.0,72.0,1.192,0.212,0.693,0.096,101344,0.438,The Americas,1353000000.0,273000000.0,2008-12-01
0.011,0.441,544975.0,Canada,5.0,,264724.0,1540000000000.0,0.103,4623.0,119,0.005,0.767,0.047,83.0,78.0,0.662,0.168,0.695,0.136,33245773,0.806,The Americas,18191000000.0,33844000000.0,2008-12-01
0.012,0.606,,Puerto Rico,7.0,,,93639316000.0,,,218,,0.38,,83.0,75.0,0.682,0.212,0.662,0.126,3760866,0.939,The Americas,3535000000.0,1761000000.0,2008-12-01
0.013,,,Sint Maarten (Dutch part),,,,,,,,,,,77.0,72.0,,,,,40459,1.0,The Americas,667000000.0,88000000.0,2008-12-01
0.013,,1635.0,Barbados,,,,4541550000.0,0.075,996.0,,0.014,0.614,0.1,77.0,72.0,1.04,0.198,0.698,0.105,277634,0.324,The Americas,1244000000.0,279000000.0,2008-12-01
0.013,,389.0,Bermuda,,,,6109928000.0,,,,,0.823,,82.0,77.0,1.222,,,,65273,1.0,The Americas,431000000.0,459000000.0,2008-12-01
0.014,,,Curacao,,,,,,,,,,,79.0,72.0,,0.201,0.671,0.128,144971,0.902,The Americas,383000000.0,229000000.0,2008-12-01
0.014,0.464,5656839.0,United States,5.0,,2277034.0,14700000000000.0,0.165,7769.0,187,0.007,0.74,0.051,81.0,76.0,0.852,0.201,0.673,0.127,304093966,0.804,The Americas,171000000000.0,,2008-12-01
0.015,0.331,42541.0,Trinidad and Tobago,43.0,,19563.0,28165793618.0,0.044,924.0,210,0.022,0.348,0.124,73.0,66.0,1.3719999999999999,0.209,0.712,0.078,1316449,0.094,The Americas,557000000.0,102000000.0,2008-12-01
0.015,,638.0,Greenland,,,,1739579594.0,,,,,0.628,,73.0,68.0,0.985,,,,56328,0.838,The Americas,,,2008-12-01
0.015,0.43,8331.0,Uruguay,44.0,,4153.0,30366148205.0,0.08,722.0,336,0.011,0.393,0.124,80.0,73.0,1.047,0.23,0.632,0.137,3348898,0.94,The Americas,1195000000.0,466000000.0,2008-12-01
0.015,0.251,71224.0,Chile,27.0,,30310.0,180000000000.0,0.068,732.0,316,0.008,0.373,0.133,82.0,76.0,0.879,0.231,0.682,0.087,16831184,0.882,The Americas,2537000000.0,1789000000.0,2008-12-01
0.016,0.684,387675.0,Brazil,149.0,,248594.0,1650000000000.0,0.083,714.0,2600,0.017,0.338,0.473,76.0,69.0,0.786,0.264,0.671,0.066,191765567,0.837,The Americas,6109000000.0,13269000000.0,2008-12-01
0.016,0.499,11947.0,Jamaica,8.0,,4078.0,13676837630.0,0.054,272.0,414,0.017,0.236,0.168,75.0,70.0,1.002,0.3,0.622,0.078,2671934,0.534,The Americas,2222000000.0,312000000.0,2008-12-01
0.016,0.449,1045.0,"Bahamas, The",31.0,,,8246650000.0,0.073,1729.0,58,0.012,0.315,0.055,77.0,71.0,1.028,0.236,0.698,0.066,348340,0.824,The Americas,2155000000.0,460000000.0,2008-12-01
0.016,0.552,8647.0,Costa Rica,60.0,,4586.0,29831167681.0,0.09,593.0,282,0.009,0.323,0.158,81.0,77.0,0.416,0.26,0.678,0.062,4532711,0.694,The Americas,2533000000.0,718000000.0,2008-12-01
0.017,0.34,396.0,St. Lucia,20.0,,,1184074074.0,0.075,503.0,61,0.014,0.32,0.101,77.0,71.0,1.013,0.264,0.656,0.08,172734,0.201,The Americas,311000000.0,45000000.0,2008-12-01
0.017,1.076,190057.0,Argentina,31.0,,77794.0,405999999999.99994,0.083,686.0,453,0.014,0.281,0.195,79.0,72.0,1.172,0.254,0.641,0.104,39676083,0.906,The Americas,5295000000.0,5962000000.0,2008-12-01
0.017,,,St. Martin (French part),,,,,,,,,,,82.0,75.0,,,,,29376,,The Americas,,,2008-12-01
0.018,0.426,202.0,St. Vincent and the Grenadines,12.0,,,695555556.0,0.047,299.0,117,0.019,0.21,0.095,74.0,70.0,1.192,0.273,0.659,0.069,109158,0.481,The Americas,96000000.0,18000000.0,2008-12-01
0.018,0.462,458.0,Antigua and Barbuda,21.0,,,1347407407.0,0.044,702.0,207,0.009,0.38,0.104,77.0,73.0,1.6,0.271,0.656,0.073,85349,0.274,The Americas,334000000.0,58000000.0,2008-12-01
0.019,0.279,2442.0,Suriname,694.0,,,3532969035.0,0.059,406.0,199,0.024,0.211,0.122,73.0,67.0,1.275,0.293,0.644,0.063,515372,0.665,The Americas,83000000.0,35000000.0,2008-12-01
0.019,0.453,260.0,Grenada,20.0,,,825925911.0,0.06,474.0,140,0.012,0.232,0.095,74.0,70.0,0.578,0.282,0.643,0.074,103932,0.358,The Americas,127000000.0,11000000.0,2008-12-01
0.02,0.801,66439.0,Colombia,36.0,,29208.0,244000000000.0,0.066,358.0,256,0.017,0.256,0.172,77.0,69.0,0.916,0.295,0.651,0.054,45153037,0.745,The Americas,2438000000.0,2337000000.0,2008-12-01
0.02,0.515,471444.0,Mexico,26.0,,181876.0,1100000000000.0,0.058,598.0,549,0.015,0.217,0.087,79.0,74.0,0.655,0.31,0.633,0.057,114968039,0.772,The Americas,14726000000.0,10246000000.0,2008-12-01
0.021,0.347,6546.0,El Salvador,17.0,,4499.0,21431000000.0,0.062,216.0,320,0.017,0.101,,76.0,67.0,1.13,0.336,0.598,0.066,6151776,0.633,The Americas,711000000.0,326000000.0,2008-12-01
0.021,0.381,41279.0,Peru,65.0,,15044.0,121000000000.0,0.057,255.0,424,0.017,0.306,0.237,76.0,71.0,0.732,0.308,0.635,0.057,28625628,0.762,The Americas,2396000000.0,1432000000.0,2008-12-01
0.021,0.556,186812.0,Venezuela,141.0,,69597.0,316000000000.0,0.056,633.0,864,0.014,0.259,0.224,77.0,71.0,0.975,0.302,0.645,0.053,28120312,0.887,The Americas,1097000000.0,2594000000.0,2008-12-01
0.021,0.438,7576.0,Panama,12.0,,3053.0,24884000000.0,0.073,473.0,482,0.018,0.338,0.082,80.0,74.0,1.102,0.299,0.636,0.065,3553480,0.645,The Americas,2208000000.0,560000000.0,2008-12-01
0.022,0.39,1558.0,Guyana,39.0,,,1922598121.0,0.066,165.0,288,0.034,0.182,0.146,68.0,63.0,0.577,0.375,0.591,0.034,775739,0.282,The Americas,59000000.0,52000000.0,2008-12-01
0.022,0.349,29670.0,Ecuador,65.0,,10973.0,61762635000.0,0.063,268.0,600,0.022,0.188,,78.0,72.0,0.805,0.316,0.624,0.059,14512402,0.623,The Americas,745000000.0,790000000.0,2008-12-01
0.023,0.352,21019.0,Dominican Republic,19.0,,7104.0,45796187338.0,0.053,244.0,480,0.027,0.208,0.199,76.0,69.0,0.74,0.319,0.622,0.059,9750195,0.713,The Americas,4166000000.0,532000000.0,2008-12-01
0.025,0.35,4353.0,Paraguay,35.0,,4348.0,18504128632.0,0.056,167.0,328,0.022,0.143,0.258,74.0,70.0,0.929,0.344,0.606,0.05,6236005,0.58,The Americas,128000000.0,208000000.0,2008-12-01
0.025,0.632,4386.0,Nicaragua,39.0,,2903.0,8491371523.0,0.072,105.0,240,0.024,0.053,0.132,76.0,70.0,0.548,0.358,0.598,0.044,5667983,0.567,The Americas,301000000.0,332000000.0,2008-12-01
0.025,0.332,407.0,Belize,44.0,,,1369500000.0,0.051,237.0,147,0.017,0.113,0.141,76.0,70.0,0.545,0.365,0.596,0.039,293544,0.455,The Americas,278000000.0,44000000.0,2008-12-01
0.027,0.404,2428.0,Haiti,195.0,,2927.0,6548530572.0,0.055,36.0,184,0.061,0.076,0.178,63.0,59.0,0.332,0.369,0.587,0.044,9638255,0.49,The Americas,276000000.0,383000000.0,2008-12-01
0.027,0.8,13773.0,Bolivia,50.0,,5973.0,16674324634.0,0.049,84.0,1080,0.038,0.125,0.139,68.0,64.0,0.512,0.37,0.585,0.046,9834098,0.656,The Americas,302000000.0,381000000.0,2008-12-01
0.028,0.441,8672.0,Honduras,20.0,,4648.0,13789720387.0,0.084,159.0,224,0.023,0.096,0.179,75.0,70.0,0.848,0.38,0.578,0.042,7322368,0.504,The Americas,620000000.0,385000000.0,2008-12-01
0.033,0.409,11441.0,Guatemala,34.0,,8157.0,39136441799.0,0.069,199.0,344,0.03,0.083,0.134,74.0,67.0,1.095,0.422,0.534,0.044,13648307,0.484,The Americas,1068000000.0,741000000.0,2008-12-01
,,161.0,Turks and Caicos Islands,,,,,,,,,,,,,,,,,30247,0.898,The Americas,,,2009-12-01
,0.37,128.0,Dominica,13.0,,,482592593.0,0.05,342.0,117,0.011,0.42,0.1,,,1.387,,,,70996,0.678,The Americas,79000000.0,13000000.0,2009-12-01
,0.525,260.0,St. Kitts and Nevis,19.0,,,708888889.0,0.05,686.0,155,0.009,0.69,0.088,,,1.459,,,,51731,0.318,The Americas,83000000.0,11000000.0,2009-12-01
,,,Sint Maarten (Dutch part),,,,,,,,,,,78.0,73.0,,,,,39133,1.0,The Americas,619000000.0,104000000.0,2009-12-01
0.01,,29901.0,Cuba,,,12346.0,62078610000.0,0.117,651.0,,0.005,0.143,,81.0,77.0,0.055,0.177,0.701,0.121,11288826,0.765,The Americas,2082000000.0,,2009-12-01
0.011,,2296.0,Aruba,,,,2498932961.0,,,,,0.58,0.108,77.0,72.0,1.262,0.21,0.69,0.099,101418,0.434,The Americas,1224000000.0,265000000.0,2009-12-01
0.011,0.423,513937.0,Canada,5.0,,251326.0,1370000000000.0,0.114,4528.0,119,0.005,0.803,0.024,83.0,79.0,0.705,0.166,0.695,0.139,33628571,0.808,The Americas,15568000000.0,30065000000.0,2009-12-01
0.012,0.606,,Puerto Rico,7.0,,,96385638000.0,,,218,,0.415,,82.0,74.0,0.729,0.208,0.664,0.128,3740410,0.939,The Americas,3176000000.0,1386000000.0,2009-12-01
0.012,,466.0,Bermuda,,,,5806378000.0,,,,,0.833,,82.0,77.0,1.311,,,,65636,1.0,The Americas,366000000.0,407000000.0,2009-12-01
0.013,,1624.0,Barbados,,,,4592650000.0,0.08,1025.0,,0.014,0.647,0.092,77.0,72.0,1.208,0.195,0.701,0.104,279006,0.322,The Americas,1122000000.0,293000000.0,2009-12-01
0.013,,,Curacao,,,,,,,,,,,80.0,72.0,1.4020000000000001,0.2,0.67,0.13,145890,0.9,The Americas,378000000.0,258000000.0,2009-12-01
0.014,0.461,5311840.0,United States,5.0,,2164458.0,14400000000000.0,0.177,8009.0,187,0.006,0.71,0.033,81.0,76.0,0.886,0.2,0.672,0.128,306771529,0.806,The Americas,150000000000.0,,2009-12-01
0.014,0.248,67267.0,Chile,27.0,,29484.0,172000000000.0,0.075,760.0,316,0.008,0.416,0.073,82.0,76.0,0.968,0.226,0.685,0.089,16991729,0.884,The Americas,2350000000.0,1504000000.0,2009-12-01
0.015,0.331,48177.0,Trinidad and Tobago,43.0,,20277.0,19332270662.0,0.061,887.0,210,0.021,0.443,0.119,73.0,66.0,1.396,0.208,0.711,0.081,1322518,0.092,The Americas,548000000.0,136000000.0,2009-12-01
0.015,0.419,7891.0,Uruguay,65.0,,4134.0,30461322555.0,0.089,803.0,336,0.011,0.418,0.153,80.0,73.0,1.224,0.228,0.634,0.138,3360431,0.942,The Americas,1460000000.0,442000000.0,2009-12-01
0.016,,587.0,Cayman Islands,,,,,,,,,0.645,,,,2.003,,,,54275,1.0,The Americas,458000000.0,120000000.0,2009-12-01
0.016,,557.0,Greenland,,,,1267711816.0,,,,,0.628,,73.0,68.0,0.945,,,,56323,0.841,The Americas,,,2009-12-01
0.016,0.656,367147.0,Brazil,119.0,,240464.0,1620000000000.0,0.088,733.0,2600,0.016,0.392,0.447,77.0,69.0,0.875,0.259,0.673,0.067,193490922,0.84,The Americas,5635000000.0,12897000000.0,2009-12-01
0.016,0.499,8592.0,Jamaica,8.0,,3022.0,12125023181.0,0.052,229.0,414,0.016,0.243,0.164,75.0,70.0,1.083,0.296,0.626,0.078,2681386,0.536,The Americas,2070000000.0,259000000.0,2009-12-01
0.016,0.449,1643.0,"Bahamas, The",31.0,,,7820420000.0,0.074,1640.0,58,0.012,0.339,0.055,78.0,71.0,1.012,0.23,0.702,0.068,354492,0.825,The Americas,2025000000.0,386000000.0,2009-12-01
0.016,0.552,7818.0,Costa Rica,60.0,,4561.0,29382692643.0,0.097,619.0,282,0.009,0.343,0.197,81.0,77.0,0.424,0.255,0.682,0.064,4601424,0.706,The Americas,2001000000.0,462000000.0,2009-12-01
0.017,0.41,202.0,St. Vincent and the Grenadines,11.0,,,674814815.0,0.051,317.0,111,0.019,0.31,0.092,74.0,70.0,1.109,0.269,0.663,0.068,109249,0.484,The Americas,88000000.0,14000000.0,2009-12-01
0.017,0.344,385.0,St. Lucia,14.0,,,1180000000.0,0.081,537.0,92,0.014,0.36,0.106,77.0,72.0,1.083,0.258,0.66,0.083,175200,0.192,The Americas,296000000.0,47000000.0,2009-12-01
0.017,1.076,179639.0,Argentina,26.0,,76075.0,378000000000.0,0.094,726.0,453,0.013,0.34,0.157,79.0,72.0,1.311,0.251,0.643,0.105,40023641,0.908,The Americas,4476000000.0,5766000000.0,2009-12-01
0.017,0.41,499.0,Antigua and Barbuda,21.0,,,1206296296.0,0.046,638.0,207,0.009,0.42,0.101,78.0,73.0,1.563,0.267,0.661,0.073,86300,0.268,The Americas,305000000.0,54000000.0,2009-12-01
0.017,,,St. Martin (French part),,,,,,,,,,,82.0,75.0,,,,,29820,,The Americas,,,2009-12-01
0.019,0.279,2468.0,Suriname,694.0,,,3875409836.0,0.061,457.0,199,0.023,0.314,0.117,73.0,67.0,1.4689999999999999,0.29,0.647,0.064,520173,0.664,The Americas,70000000.0,35000000.0,2009-12-01
0.019,0.453,253.0,Grenada,20.0,,,771481468.0,0.062,462.0,140,0.012,0.241,0.11,75.0,70.0,1.097,0.279,0.648,0.073,104296,0.357,The Americas,112000000.0,10000000.0,2009-12-01
0.02,0.803,70850.0,Colombia,20.0,,30815.0,234000000000.0,0.07,358.0,208,0.016,0.3,0.13,77.0,70.0,0.92,0.291,0.654,0.055,45802561,0.747,The Americas,2609000000.0,2301000000.0,2009-12-01
0.02,0.51,446237.0,Mexico,11.0,,175752.0,894999999999.9999,0.064,526.0,517,0.015,0.263,0.071,79.0,74.0,0.715,0.305,0.636,0.058,116422752,0.775,The Americas,12542000000.0,8737000000.0,2009-12-01
0.021,0.348,6476.0,El Salvador,17.0,,4214.0,20661000000.0,0.068,228.0,320,0.016,0.121,,76.0,67.0,1.224,0.328,0.604,0.068,6183484,0.638,The Americas,549000000.0,253000000.0,2009-12-01
0.021,0.372,47356.0,Peru,41.0,,17200.0,121000000000.0,0.053,234.0,380,0.016,0.314,0.21,76.0,71.0,0.854,0.304,0.637,0.059,28934303,0.766,The Americas,2440000000.0,1404000000.0,2009-12-01
0.021,0.604,185341.0,Venezuela,141.0,,69597.0,329000000000.0,0.058,665.0,864,0.014,0.327,0.199,77.0,71.0,0.984,0.298,0.647,0.055,28583040,0.887,The Americas,1055000000.0,2275000000.0,2009-12-01
0.021,0.438,8636.0,Panama,12.0,,3367.0,25925100000.0,0.081,541.0,482,0.017,0.391,0.082,80.0,74.0,1.678,0.296,0.638,0.066,3615846,0.648,The Americas,2280000000.0,503000000.0,2009-12-01
0.022,0.388,1555.0,Guyana,30.0,,,2025565089.0,0.064,165.0,288,0.033,0.239,0.145,68.0,63.0,0.625,0.376,0.591,0.033,781055,0.282,The Americas,35000000.0,52000000.0,2009-12-01
0.022,0.384,20323.0,Dominican Republic,13.0,,6941.0,46484962937.0,0.054,256.0,324,0.026,0.277,0.181,76.0,70.0,0.873,0.315,0.625,0.059,9884265,0.725,The Americas,4049000000.0,523000000.0,2009-12-01
0.022,0.349,30473.0,Ecuador,64.0,,12678.0,62519686000.0,0.071,302.0,600,0.022,0.246,,78.0,73.0,0.897,0.313,0.627,0.061,14756424,0.625,The Americas,674000000.0,806000000.0,2009-12-01
0.024,0.632,4496.0,Nicaragua,39.0,,2903.0,8380736990.0,0.077,109.0,240,0.023,0.073,0.14,77.0,70.0,0.582,0.351,0.604,0.045,5743329,0.57,The Americas,334000000.0,300000000.0,2009-12-01
0.025,0.35,4518.0,Paraguay,35.0,,4476.0,15929903100.0,0.075,187.0,328,0.021,0.189,0.283,74.0,70.0,0.885,0.34,0.61,0.051,6347383,0.583,The Americas,225000000.0,229000000.0,2009-12-01
0.025,0.332,414.0,Belize,44.0,,,1338500000.0,0.058,259.0,147,0.016,0.117,0.141,76.0,70.0,0.537,0.36,0.601,0.039,301016,0.452,The Americas,256000000.0,43000000.0,2009-12-01
0.027,0.404,2263.0,Haiti,195.0,,2732.0,6584649419.0,0.065,43.0,184,0.06,0.081,0.173,63.0,60.0,0.374,0.365,0.59,0.044,9765153,0.505,The Americas,312000000.0,433000000.0,2009-12-01
0.027,0.8,14408.0,Bolivia,50.0,,6203.0,17339992165.0,0.058,100.0,1080,0.036,0.168,0.124,68.0,64.0,0.647,0.365,0.589,0.046,9993406,0.66,The Americas,306000000.0,388000000.0,2009-12-01
0.027,0.441,7866.0,Honduras,14.0,,4453.0,14587485644.0,0.091,173.0,224,0.022,0.098,0.194,75.0,70.0,1.123,0.374,0.584,0.043,7469844,0.511,The Americas,616000000.0,361000000.0,2009-12-01
0.033,0.409,11844.0,Guatemala,37.0,,9318.0,37733606156.0,0.071,190.0,344,0.029,0.093,0.138,74.0,67.0,1.237,0.419,0.537,0.044,13988988,0.489,The Americas,1179000000.0,862000000.0,2009-12-01
,,,Sint Maarten (Dutch part),,,,,,,,,,,,,,,,,37850,1.0,The Americas,681000000.0,105000000.0,2010-12-01
,,161.0,Turks and Caicos Islands,,,,,,,,,,,,,,,,,30993,0.902,The Americas,,,2010-12-01
,0.525,249.0,St. Kitts and Nevis,19.0,,,692222222.0,0.054,739.0,155,0.009,0.76,0.086,,,1.528,,,,52352,0.318,The Americas,90000000.0,13000000.0,2010-12-01
0.01,,38364.0,Cuba,,,11308.0,64328220000.0,0.106,583.0,,0.005,0.159,,81.0,77.0,0.089,0.173,0.702,0.124,11281768,0.766,The Americas,2218000000.0,,2010-12-01
0.011,,2321.0,Aruba,,,,2467703911.0,,,,,0.62,0.107,77.0,73.0,1.297,0.208,0.689,0.103,101597,0.431,The Americas,1256000000.0,264000000.0,2010-12-01
0.011,0.636,,Puerto Rico,7.0,,,98381268000.0,,,218,,0.453,,82.0,74.0,0.791,0.205,0.665,0.13,3721208,0.938,The Americas,3211000000.0,1180000000.0,2010-12-01
0.011,0.277,499137.0,Canada,5.0,,250992.0,1609999999999.9998,0.114,5273.0,131,0.005,0.803,0.026,83.0,79.0,0.757,0.165,0.694,0.142,34005274,0.809,The Americas,18438000000.0,36975000000.0,2010-12-01
0.012,,477.0,Bermuda,,,,5744414000.0,,,,,0.842,,82.0,77.0,1.358,,,,65124,1.0,The Americas,442000000.0,417000000.0,2010-12-01
0.013,0.37,136.0,Dominica,13.0,,,475185185.0,0.06,400.0,117,0.011,0.475,0.095,,,1.483,,,,71167,0.681,The Americas,95000000.0,13000000.0,2010-12-01
0.013,,1503.0,Barbados,,,,4433700000.0,0.067,978.0,,0.014,0.681,0.087,77.0,72.0,1.248,0.193,0.703,0.104,280396,0.321,The Americas,1074000000.0,351000000.0,2010-12-01
0.013,0.465,5433057.0,United States,5.0,,2215504.0,15000000000000.0,0.177,8254.0,187,0.006,0.717,0.033,81.0,76.0,0.913,0.198,0.671,0.131,309326295,0.808,The Americas,165000000000.0,,2010-12-01
0.014,,,Curacao,,,,,,,,,,,,,1.383,0.198,0.67,0.132,149311,0.899,The Americas,438000000.0,282000000.0,2010-12-01
0.014,0.245,72258.0,Chile,22.0,,30920.0,218000000000.00003,0.071,894.0,316,0.008,0.45,0.048,82.0,76.0,1.158,0.221,0.687,0.092,17150760,0.886,The Americas,2422000000.0,1808000000.0,2010-12-01
0.015,,590.0,Cayman Islands,,,,,,,,,0.66,,,,1.812,,,,55509,1.0,The Americas,465000000.0,129000000.0,2010-12-01
0.015,0.331,50682.0,Trinidad and Tobago,41.0,,21370.0,20758191858.0,0.052,805.0,210,0.021,0.485,0.093,73.0,66.0,1.426,0.207,0.71,0.083,1328095,0.091,The Americas,630000000.0,97000000.0,2010-12-01
0.015,,634.0,Greenland,,,,,,,,,0.63,,73.0,69.0,1.014,,,,56905,0.844,The Americas,,,2010-12-01
0.015,0.487,7158.0,Jamaica,8.0,,2830.0,13230844040.0,0.053,255.0,414,0.016,0.277,0.205,76.0,70.0,1.161,0.29,0.631,0.078,2690824,0.537,The Americas,2095000000.0,235000000.0,2010-12-01
0.015,0.419,6645.0,Uruguay,65.0,,4174.0,38881102075.0,0.087,998.0,336,0.011,0.464,0.103,80.0,73.0,1.316,0.225,0.636,0.139,3371982,0.944,The Americas,1669000000.0,549000000.0,2010-12-01
0.016,0.663,419754.0,Brazil,119.0,,265887.0,2140000000000.0002,0.09,989.0,2600,0.015,0.407,0.4,77.0,70.0,1.009,0.255,0.676,0.069,195210154,0.843,The Americas,6180000000.0,19340000000.0,2010-12-01
0.016,0.34,403.0,St. Lucia,14.0,,,1252222222.0,0.078,525.0,92,0.014,0.433,0.106,77.0,72.0,1.117,0.253,0.663,0.085,177397,0.185,The Americas,309000000.0,48000000.0,2010-12-01
0.016,0.449,2464.0,"Bahamas, The",24.0,,,7888087000.0,0.074,1626.0,58,0.011,0.43,0.055,78.0,72.0,1.188,0.225,0.706,0.07,360498,0.825,The Americas,2159000000.0,369000000.0,2010-12-01
0.016,0.553,7770.0,Costa Rica,60.0,,4646.0,36298327670.0,0.097,750.0,272,0.009,0.365,0.171,82.0,77.0,0.67,0.249,0.686,0.065,4669685,0.717,The Americas,2179000000.0,533000000.0,2010-12-01
0.017,0.387,209.0,St. Vincent and the Grenadines,10.0,,,681481481.0,0.047,293.0,111,0.019,0.385,0.092,74.0,70.0,1.206,0.265,0.668,0.067,109316,0.488,The Americas,86000000.0,15000000.0,2010-12-01
0.017,1.076,180512.0,Argentina,25.0,,78162.0,463000000000.0,0.082,751.0,453,0.013,0.45,0.106,79.0,72.0,1.414,0.249,0.645,0.106,40374224,0.91,The Americas,5629000000.0,6375000000.0,2010-12-01
0.017,0.41,513.0,Antigua and Barbuda,21.0,,,1135555556.0,0.057,736.0,207,0.009,0.47,0.11,78.0,73.0,1.9260000000000002,0.262,0.665,0.072,87233,0.262,The Americas,298000000.0,52000000.0,2010-12-01
0.017,,,St. Martin (French part),,,,,,,,,,,82.0,76.0,,,,,30235,,The Americas,,,2010-12-01
0.018,0.279,2384.0,Suriname,694.0,,,4368033802.0,0.058,483.0,199,0.022,0.316,0.116,74.0,67.0,0.993,0.286,0.649,0.064,524960,0.663,The Americas,69000000.0,41000000.0,2010-12-01
0.019,0.453,260.0,Grenada,15.0,,,771111097.0,0.06,438.0,140,0.012,0.27,0.106,75.0,70.0,1.165,0.275,0.652,0.072,104677,0.357,The Americas,112000000.0,10000000.0,2010-12-01
0.02,0.348,6249.0,El Salvador,17.0,,4210.0,21418300000.0,0.069,238.0,320,0.015,0.159,,76.0,67.0,1.238,0.321,0.61,0.069,6218195,0.643,The Americas,646000000.0,280000000.0,2010-12-01
0.02,0.803,75680.0,Colombia,14.0,,32235.0,287000000000.0,0.068,418.0,208,0.016,0.365,0.094,77.0,70.0,0.958,0.288,0.656,0.056,46444798,0.75,The Americas,2727000000.0,2373000000.0,2010-12-01
0.02,0.505,443674.0,Mexico,7.0,,178924.0,1050000000000.0,0.063,603.0,404,0.014,0.311,0.053,79.0,74.0,0.775,0.3,0.64,0.06,117886404,0.778,The Americas,12628000000.0,9001000000.0,2010-12-01
0.02,0.438,9633.0,Panama,9.0,,3710.0,28814100000.0,0.085,627.0,482,0.017,0.401,0.077,80.0,74.0,1.807,0.293,0.639,0.068,3678128,0.651,The Americas,2552000000.0,575000000.0,2010-12-01
0.021,0.371,57579.0,Peru,26.0,,19207.0,149000000000.0,0.049,257.0,380,0.015,0.348,0.19,77.0,71.0,0.995,0.3,0.64,0.06,29262830,0.769,The Americas,2475000000.0,1640000000.0,2010-12-01
0.021,0.519,201747.0,Venezuela,141.0,,75502.0,394000000000.0,0.047,639.0,864,0.014,0.374,0.183,77.0,71.0,0.96,0.295,0.649,0.056,29043283,0.888,The Americas,794000000.0,2238000000.0,2010-12-01
0.022,0.388,1701.0,Guyana,24.0,,,2259288396.0,0.066,188.0,288,0.032,0.299,0.145,68.0,63.0,0.713,0.376,0.592,0.033,786126,0.282,The Americas,80000000.0,73000000.0,2010-12-01
0.022,0.401,20964.0,Dominican Republic,19.0,,7178.0,50980167048.0,0.055,278.0,324,0.026,0.314,0.121,76.0,70.0,0.888,0.312,0.628,0.06,10016797,0.738,The Americas,4209000000.0,554000000.0,2010-12-01
0.022,0.353,32636.0,Ecuador,56.0,,12428.0,67513698000.0,0.072,335.0,654,0.021,0.29,,79.0,73.0,0.985,0.31,0.629,0.062,15001072,0.627,The Americas,786000000.0,863000000.0,2010-12-01
0.024,0.35,5075.0,Paraguay,35.0,,4789.0,20030529733.0,0.087,271.0,311,0.021,0.198,0.26,74.0,70.0,0.917,0.335,0.613,0.052,6459721,0.585,The Americas,243000000.0,269000000.0,2010-12-01
0.024,0.332,422.0,Belize,44.0,,,1398500000.0,0.058,265.0,147,0.016,0.14,0.139,76.0,70.0,0.629,0.355,0.606,0.039,308595,0.45,The Americas,264000000.0,39000000.0,2010-12-01
0.024,0.632,4547.0,Nicaragua,39.0,,2951.0,8938210560.0,0.076,112.0,222,0.022,0.1,0.133,77.0,71.0,0.681,0.345,0.609,0.046,5822209,0.573,The Americas,309000000.0,329000000.0,2010-12-01
0.026,0.8,15456.0,Bolivia,49.0,,7341.0,19649631308.0,0.055,106.0,1080,0.035,0.224,0.099,69.0,64.0,0.707,0.36,0.593,0.047,10156601,0.664,The Americas,339000000.0,421000000.0,2010-12-01
0.027,0.404,2120.0,Haiti,105.0,,2409.0,6622541529.0,0.067,45.0,184,0.073,0.084,0.175,64.0,60.0,0.404,0.362,0.594,0.045,9896400,0.52,The Americas,169000000.0,431000000.0,2010-12-01
0.027,0.441,8108.0,Honduras,14.0,,4567.0,15839344592.0,0.087,176.0,224,0.021,0.111,0.189,75.0,70.0,1.2469999999999999,0.368,0.589,0.043,7621204,0.517,The Americas,627000000.0,406000000.0,2010-12-01
0.032,0.409,11118.0,Guatemala,37.0,,10251.0,41338007893.0,0.069,198.0,344,0.028,0.105,0.133,75.0,68.0,1.26,0.415,0.541,0.044,14341576,0.493,The Americas,1379000000.0,1002000000.0,2010-12-01
,,,Sint Maarten (Dutch part),,,,,,,,,,,,,,,,,38486,1.0,The Americas,729000000.0,112000000.0,2011-12-01
,,,Turks and Caicos Islands,,,,,,,,,,,,,,,,,31726,0.907,The Americas,,,2011-12-01
,0.371,,Dominica,12.0,,,491481481.0,0.06,402.0,117,0.011,0.513,0.088,,,1.526,,,,71401,0.684,The Americas,113000000.0,12000000.0,2011-12-01
,0.525,,St. Kitts and Nevis,19.0,,,728148148.0,0.058,820.0,203,0.008,0.776,0.094,,,1.454,,,,52971,0.318,The Americas,94000000.0,14000000.0,2011-12-01
0.01,,,Cuba,,,11187.0,68233900000.0,0.106,648.0,,0.006,0.16,,81.0,77.0,0.117,0.169,0.703,0.127,11276053,0.767,The Americas,2503000000.0,,2011-12-01
0.011,,,Aruba,,,,2584463687.0,,,,,0.69,0.097,78.0,73.0,,0.204,0.689,0.107,101932,0.427,The Americas,1360000000.0,289000000.0,2011-12-01
0.011,0.631,,Puerto Rico,6.0,,,100000000000.0,,,218,,0.48,,82.0,75.0,0.84,0.201,0.666,0.132,3686580,0.938,The Americas,3143000000.0,1196000000.0,2011-12-01
0.011,0.261,,Canada,5.0,,251845.0,1780000000000.0,0.109,5656.0,131,0.005,0.83,0.03,83.0,79.0,0.794,0.164,0.691,0.145,34342780,0.811,The Americas,19989000000.0,41234000000.0,2011-12-01
0.012,,,Bermuda,,,,5550771000.0,,,,,0.883,,82.0,77.0,,,,,64564,1.0,The Americas,472000000.0,413000000.0,2011-12-01
0.013,0.411,,Barbados,18.0,,,4368900000.0,0.072,935.0,245,0.014,0.718,0.087,77.0,73.0,1.2349999999999999,0.191,0.704,0.105,281804,0.319,The Americas,,,2011-12-01
0.013,,,Curacao,,,,,,,,,,,81.0,74.0,1.361,0.197,0.669,0.134,150612,0.898,The Americas,540000000.0,321000000.0,2011-12-01
0.013,0.465,,United States,5.0,,2191193.0,15500000000000.0,0.177,8467.0,187,0.006,0.697,0.033,81.0,76.0,0.944,0.197,0.669,0.133,311582564,0.809,The Americas,185000000000.0,,2011-12-01
0.014,,,Greenland,,,,,,,,,0.64,,,,1.037,,,,56890,0.848,The Americas,,,2011-12-01
0.014,0.245,,Chile,8.0,,33574.0,250999999999.99997,0.071,1022.0,316,0.007,0.522,0.09,82.0,76.0,1.289,0.217,0.688,0.094,17308449,0.888,The Americas,2751000000.0,2047000000.0,2011-12-01
0.015,,,Cayman Islands,,,,,,,,,0.695,,,,1.71,,,,56601,1.0,The Americas,472000000.0,145000000.0,2011-12-01
0.015,0.291,,Trinidad and Tobago,41.0,,20918.0,23676348287.0,0.053,935.0,210,0.02,0.552,0.08,73.0,66.0,1.37,0.207,0.708,0.085,1333082,0.089,The Americas,650000000.0,192000000.0,2011-12-01
0.015,0.663,,Brazil,119.0,,270028.0,2480000000000.0,0.089,1119.0,2600,0.014,0.457,0.439,77.0,70.0,1.19,0.25,0.679,0.071,196935134,0.846,The Americas,6830000000.0,25070000000.0,2011-12-01
0.015,0.443,,Jamaica,7.0,,3066.0,14433926129.0,0.052,273.0,414,0.015,0.374,0.195,76.0,71.0,1.069,0.284,0.637,0.079,2699838,0.539,The Americas,2055000000.0,213000000.0,2011-12-01
0.015,0.466,,"Bahamas, The",24.0,,,7872584000.0,0.075,1622.0,58,0.011,0.65,0.051,78.0,72.0,0.816,0.22,0.708,0.072,366331,0.826,The Americas,2223000000.0,347000000.0,2011-12-01
0.015,0.419,,Uruguay,7.0,,4430.0,47236710623.0,0.088,1213.0,336,0.01,0.514,0.098,80.0,73.0,1.4060000000000001,0.223,0.638,0.139,3383486,0.946,The Americas,2401000000.0,797000000.0,2011-12-01
0.016,0.344,,St. Lucia,15.0,,,1295925926.0,0.076,513.0,92,0.013,0.45,0.1,77.0,72.0,1.208,0.248,0.666,0.086,179271,0.185,The Americas,321000000.0,48000000.0,2011-12-01
0.016,0.553,,Costa Rica,60.0,,4655.0,41237296807.0,0.102,883.0,246,0.009,0.392,0.161,82.0,77.0,0.877,0.244,0.689,0.067,4737680,0.729,The Americas,2375000000.0,522000000.0,2011-12-01
0.017,0.387,,St. Vincent and the Grenadines,10.0,,,677037037.0,0.049,310.0,111,0.018,0.43,0.091,74.0,70.0,1.205,0.261,0.671,0.068,109357,0.491,The Americas,92000000.0,13000000.0,2011-12-01
0.017,1.077,,Argentina,25.0,,80112.0,558000000000.0,0.079,866.0,415,0.013,0.51,0.141,80.0,72.0,1.491,0.246,0.646,0.107,40728738,0.911,The Americas,6060000000.0,7477000000.0,2011-12-01
0.017,0.41,,Antigua and Barbuda,21.0,,,1127037037.0,0.055,703.0,207,0.008,0.53,0.109,78.0,73.0,1.9969999999999999,0.258,0.67,0.072,88152,0.257,The Americas,312000000.0,50000000.0,2011-12-01
0.017,,,St. Martin (French part),,,,,,,,,,,82.0,76.0,,,,,30615,,The Americas,,,2011-12-01
0.018,0.279,,Suriname,694.0,,,4363219094.0,0.06,490.0,199,0.022,0.32,0.118,74.0,67.0,1.007,0.283,0.652,0.065,529761,0.663,The Americas,69000000.0,49000000.0,2011-12-01
0.019,0.453,,Grenada,15.0,,,778518505.0,0.065,481.0,140,0.011,0.3,0.107,75.0,70.0,1.15,0.272,0.656,0.072,105074,0.356,The Americas,117000000.0,10000000.0,2011-12-01
0.019,0.764,,Colombia,14.0,,31613.0,335000000000.0,0.065,466.0,193,0.015,0.404,0.112,77.0,70.0,0.981,0.284,0.658,0.058,47078792,0.753,The Americas,2992000000.0,2842000000.0,2011-12-01
0.019,0.527,,Mexico,6.0,,186171.0,1170000000000.0,0.06,609.0,347,0.014,0.372,0.049,79.0,75.0,0.792,0.295,0.643,0.061,119361233,0.781,The Americas,12458000000.0,9704000000.0,2011-12-01
0.02,0.348,,El Salvador,17.0,,4319.0,23139000000.0,0.068,252.0,320,0.015,0.189,,77.0,67.0,1.329,0.313,0.617,0.07,6256242,0.648,The Americas,729000000.0,244000000.0,2011-12-01
0.02,0.628,,Venezuela,141.0,,70198.0,316000000000.0,0.045,487.0,864,0.014,0.402,0.172,77.0,71.0,0.976,0.291,0.651,0.058,29500625,0.888,The Americas,805000000.0,2922000000.0,2011-12-01
0.02,0.366,,Peru,25.0,,20582.0,171000000000.0,0.047,283.0,309,0.014,0.36,0.187,77.0,72.0,1.096,0.296,0.643,0.061,29614887,0.773,The Americas,2912000000.0,1764000000.0,2011-12-01
0.02,0.436,,Panama,8.0,,4058.0,33270500000.0,0.079,664.0,482,0.016,0.427,0.069,80.0,74.0,1.8010000000000002,0.29,0.641,0.069,3740282,0.654,The Americas,2925000000.0,665000000.0,2011-12-01
0.021,0.359,,Guyana,20.0,,,2576602497.0,0.068,221.0,263,0.032,0.31,0.145,69.0,63.0,0.669,0.373,0.595,0.033,790882,0.283,The Americas,95000000.0,79000000.0,2011-12-01
0.021,0.353,,Ecuador,56.0,,12942.0,76769729000.0,0.069,362.0,654,0.02,0.314,,79.0,73.0,1.006,0.306,0.631,0.063,15246481,0.629,The Americas,849000000.0,917000000.0,2011-12-01
0.022,0.412,,Dominican Republic,19.0,,7382.0,55433248935.0,0.054,293.0,324,0.025,0.38,0.156,76.0,70.0,0.864,0.308,0.631,0.061,10147598,0.749,The Americas,4436000000.0,545000000.0,2011-12-01
0.024,0.35,,Paraguay,35.0,,4858.0,25071193102.0,0.089,352.0,387,0.02,0.248,0.174,74.0,70.0,0.993,0.331,0.616,0.053,6573097,0.587,The Americas,281000000.0,309000000.0,2011-12-01
0.024,0.669,,Nicaragua,39.0,,3038.0,9898547558.0,0.076,124.0,207,0.021,0.106,0.105,77.0,71.0,0.817,0.339,0.615,0.046,5905146,0.575,The Americas,378000000.0,380000000.0,2011-12-01
0.024,0.332,,Belize,44.0,,,1489000000.0,0.058,264.0,147,0.015,0.187,0.134,77.0,71.0,0.703,0.349,0.612,0.039,316280,0.447,The Americas,248000000.0,37000000.0,2011-12-01
0.026,0.404,,Haiti,105.0,,3211.0,7516834160.0,0.085,62.0,184,0.057,0.09,0.116,64.0,61.0,0.419,0.358,0.598,0.045,10032864,0.535,The Americas,162000000.0,458000000.0,2011-12-01
0.026,0.8,,Bolivia,49.0,,7704.0,23948541156.0,0.05,115.0,1080,0.033,0.3,0.109,69.0,65.0,0.809,0.356,0.596,0.048,10324445,0.669,The Americas,499000000.0,410000000.0,2011-12-01
0.026,0.436,,Honduras,14.0,,4740.0,17710325578.0,0.084,187.0,224,0.02,0.159,0.186,76.0,71.0,1.037,0.362,0.594,0.043,7776669,0.523,The Americas,642000000.0,446000000.0,2011-12-01
0.032,0.409,,Guatemala,37.0,,10163.0,47654789735.0,0.067,215.0,344,0.028,0.123,0.134,75.0,68.0,1.325,0.412,0.544,0.045,14706578,0.498,The Americas,1350000000.0,935000000.0,2011-12-01
,,,Sint Maarten (Dutch part),,,,,,,,,,,,,,,,,39088,1.0,The Americas,854000000.0,120000000.0,2012-12-01
,,,Turks and Caicos Islands,,,,,,,,,,,,,,,,,32427,0.911,The Americas,,,2012-12-01
,0.371,,Dominica,12.0,69,,495555556.0,0.059,392.0,117,0.011,0.552,0.09,,,1.525,,,,71684,0.687,The Americas,110000000.0,13000000.0,2012-12-01
,0.519,,St. Kitts and Nevis,19.0,97,,731851852.0,0.059,825.0,203,0.008,0.793,0.087,,,1.418,,,,53584,0.318,The Americas,94000000.0,14000000.0,2012-12-01
0.01,,,Aruba,,,,,,,,,0.74,0.092,78.0,73.0,1.319,0.199,0.69,0.11,102384,0.424,The Americas,1414000000.0,296000000.0,2012-12-01
0.01,,,Cuba,,,,,0.086,558.0,,0.005,0.256,,81.0,77.0,0.149,0.166,0.704,0.13,11270957,0.768,The Americas,2614000000.0,,2012-12-01
0.011,0.507,,Puerto Rico,6.0,37,,101000000000.0,,,218,,0.69,,82.0,75.0,0.826,0.198,0.667,0.135,3651545,0.937,The Americas,3193000000.0,1156000000.0,2012-12-01
0.011,0.246,,Canada,5.0,17,252651.0,1819999999999.9998,0.109,5741.0,131,0.005,0.83,0.03,83.0,79.0,0.801,0.164,0.688,0.148,34754312,0.813,The Americas,20696000000.0,43010000000.0,2012-12-01
0.012,,,Bermuda,,,,5473536000.0,,,,,0.913,,82.0,77.0,1.395,,,,64798,1.0,The Americas,461000000.0,411000000.0,2012-12-01
0.013,,,Cayman Islands,,,,,,,,,0.741,,,,1.717,,,,57570,1.0,The Americas,,,2012-12-01
0.013,,,Curacao,,,,,,,,,,,,,1.318,0.195,0.668,0.137,152056,0.897,The Americas,676000000.0,357000000.0,2012-12-01
0.013,0.408,,Barbados,18.0,84,,4224850000.0,0.063,938.0,237,0.014,0.733,0.087,78.0,73.0,1.233,0.19,0.704,0.106,283221,0.318,The Americas,,,2012-12-01
0.013,0.464,,United States,5.0,4,2132446.0,16200000000000.002,0.179,8895.0,175,0.006,0.793,0.033,81.0,76.0,0.96,0.196,0.667,0.136,313873685,0.811,The Americas,200000000000.0,,2012-12-01
0.014,,,Greenland,,,,,,,,,0.649,,,,1.047,,,,56810,0.852,The Americas,,,2012-12-01
0.014,0.277,,Chile,8.0,34,32720.0,266000000000.0,0.072,1103.0,291,0.007,0.614,0.101,82.0,77.0,1.371,0.214,0.689,0.097,17464814,0.89,The Americas,3180000000.0,2348000000.0,2012-12-01
0.015,0.291,,Trinidad and Tobago,41.0,63,,23436342520.0,0.054,972.0,210,0.02,0.595,0.077,74.0,66.0,1.408,0.207,0.705,0.088,1337439,0.088,The Americas,,,2012-12-01
0.015,0.685,,Brazil,119.0,118,,2250000000000.0,0.093,1056.0,2600,0.013,0.486,0.366,77.0,70.0,1.25,0.246,0.681,0.073,198656019,0.849,The Americas,6890000000.0,26202000000.0,2012-12-01
0.015,0.443,,Jamaica,7.0,91,,14794802081.0,0.059,318.0,368,0.015,0.338,0.176,76.0,71.0,0.98,0.278,0.643,0.079,2707805,0.541,The Americas,2070000000.0,165000000.0,2012-12-01
0.015,0.466,,"Bahamas, The",24.0,76,,8149004000.0,0.075,1647.0,58,0.011,0.717,0.048,78.0,72.0,0.807,0.216,0.71,0.074,371960,0.827,The Americas,2415000000.0,384000000.0,2012-12-01
0.015,0.419,,Uruguay,7.0,85,,50004354667.0,0.089,1308.0,310,0.01,0.545,0.112,80.0,74.0,1.471,0.22,0.639,0.14,3395253,0.948,The Americas,2222000000.0,1028000000.0,2012-12-01
0.015,0.553,,Costa Rica,60.0,109,,45374788701.0,0.101,951.0,226,0.009,0.475,0.182,82.0,78.0,1.119,0.239,0.692,0.068,4805295,0.739,The Americas,2544000000.0,567000000.0,2012-12-01
0.016,0.346,,St. Lucia,15.0,59,,1318148148.0,0.085,556.0,92,0.013,0.348,0.095,77.0,72.0,1.194,0.243,0.67,0.087,180870,0.185,The Americas,335000000.0,49000000.0,2012-12-01
0.016,,,St. Martin (French part),,,,,,,,,,,82.0,76.0,,,,,30959,,The Americas,,,2012-12-01
0.017,0.387,,St. Vincent and the Grenadines,10.0,75,,694444444.0,0.052,340.0,111,0.018,0.475,0.094,75.0,70.0,1.161,0.257,0.675,0.068,109373,0.495,The Americas,93000000.0,14000000.0,2012-12-01
0.017,1.078,,Argentina,25.0,121,,603000000000.0,0.085,995.0,405,0.012,0.558,0.141,80.0,72.0,1.5659999999999998,0.244,0.648,0.108,41086927,0.913,The Americas,5655000000.0,8213000000.0,2012-12-01
0.017,0.41,,Antigua and Barbuda,21.0,66,,1194074074.0,0.052,681.0,207,0.008,0.59,0.102,78.0,73.0,1.43,0.254,0.675,0.071,89069,0.251,The Americas,,,2012-12-01
0.018,0.279,,Suriname,694.0,165,,5012121212.0,0.059,521.0,199,0.021,0.347,0.117,74.0,68.0,1.065,0.278,0.656,0.066,534541,0.662,The Americas,79000000.0,58000000.0,2012-12-01
0.019,0.453,,Grenada,15.0,102,,801481467.0,0.064,478.0,140,0.011,0.32,0.097,75.0,70.0,1.232,0.27,0.659,0.071,105483,0.356,The Americas,110000000.0,10000000.0,2012-12-01
0.019,0.76,,Colombia,15.0,42,,370000000000.0,0.068,530.0,203,0.015,0.49,0.126,78.0,70.0,1.029,0.28,0.66,0.06,47704427,0.756,The Americas,3257000000.0,3364000000.0,2012-12-01
0.019,0.525,,Mexico,6.0,51,191924.0,1190000000000.0,0.061,618.0,337,0.013,0.398,0.047,80.0,75.0,0.834,0.29,0.647,0.063,120847477,0.784,The Americas,13320000000.0,10735000000.0,2012-12-01
0.02,0.348,,El Salvador,17.0,115,,23813600000.0,0.067,254.0,320,0.014,0.203,,77.0,68.0,1.373,0.306,0.623,0.071,6297394,0.653,The Americas,894000000.0,286000000.0,2012-12-01
0.02,0.364,,Peru,25.0,39,,193000000000.00003,0.051,337.0,293,0.014,0.382,0.192,77.0,72.0,0.98,0.292,0.646,0.063,29987800,0.776,The Americas,3288000000.0,1950000000.0,2012-12-01
0.02,0.619,,Venezuela,144.0,180,,381000000000.0,0.046,593.0,792,0.013,0.491,0.164,78.0,72.0,1.021,0.288,0.652,0.06,29954782,0.889,The Americas,904000000.0,3202000000.0,2012-12-01
0.02,0.405,,Panama,7.0,61,,37956200000.0,0.076,723.0,431,0.016,0.403,0.069,80.0,75.0,1.634,0.286,0.643,0.071,3802281,0.657,The Americas,3784000000.0,605000000.0,2012-12-01
0.021,0.359,,Guyana,20.0,113,,2851154076.0,0.066,235.0,263,0.031,0.33,0.139,69.0,63.0,0.688,0.368,0.599,0.033,795369,0.283,The Americas,64000000.0,82000000.0,2012-12-01
0.021,0.434,,Dominican Republic,19.0,112,,58920504571.0,0.054,310.0,324,0.024,0.412,0.155,76.0,70.0,0.869,0.305,0.633,0.062,10276621,0.76,The Americas,4736000000.0,545000000.0,2012-12-01
0.021,0.346,,Ecuador,56.0,134,,84039856000.0,0.064,361.0,654,0.02,0.351,,79.0,73.0,1.062,0.303,0.633,0.064,15492264,0.631,The Americas,1039000000.0,944000000.0,2012-12-01
0.023,0.649,,Nicaragua,39.0,123,,10644973606.0,0.082,144.0,207,0.021,0.135,0.12,78.0,71.0,0.977,0.334,0.62,0.046,5991733,0.578,The Americas,422000000.0,372000000.0,2012-12-01
0.024,0.35,,Paraguay,35.0,107,,24611040343.0,0.103,392.0,387,0.019,0.293,0.172,74.0,70.0,1.016,0.328,0.619,0.054,6687361,0.589,The Americas,265000000.0,341000000.0,2012-12-01
0.024,0.332,,Belize,44.0,104,,1572500000.0,0.058,259.0,147,0.015,0.25,0.124,77.0,71.0,0.532,0.344,0.617,0.039,324060,0.445,The Americas,299000000.0,40000000.0,2012-12-01
0.026,0.404,,Haiti,105.0,177,,7890216508.0,0.064,53.0,184,0.056,0.098,0.089,65.0,61.0,0.599,0.354,0.601,0.045,10173775,0.548,The Americas,170000000.0,474000000.0,2012-12-01
0.026,0.834,,Bolivia,49.0,158,,27035110130.0,0.058,149.0,1025,0.032,0.355,0.111,69.0,65.0,0.904,0.352,0.599,0.048,10496285,0.673,The Americas,581000000.0,559000000.0,2012-12-01
0.026,0.4,,Honduras,14.0,125,,18564264545.0,0.086,195.0,224,0.02,0.181,0.185,76.0,71.0,0.929,0.357,0.599,0.044,7935846,0.529,The Americas,666000000.0,464000000.0,2012-12-01
0.031,0.409,,Guatemala,40.0,93,,50388454861.0,0.067,226.0,332,0.027,0.16,0.135,75.0,68.0,1.3780000000000001,0.408,0.547,0.045,15082831,0.502,The Americas,1419000000.0,914000000.0,2012-12-01
